Obsname	tdjf	tmam	tjja	tson	tjjas	tjan	tfeb	tmar	tapr	tmay	tjun	tjul	taug	tsep	toct	tnov	tdec	ptotal	pdjf	pmam	pjja	pson	pjjas	pjan	pfeb	pmar	papr	pmay	pjun	pjul	paug	psep	poct	pnov	pdec	sann	sdjf	smam	sjja	sson	sjjas	sjan	sfeb	smar	sapr	smay	sjun	sjul	saug	ssep	soct	snov	sdec	gdd0	gdd5	mipt	aaetpt	apetpt	miptev	aaetptev	apetptev	miptdc	aaetptdc	apetptdc
BA001	-19.4	-12.2333333333333	3.2	-4	2.55	-20.7	-21	-19.7	-12.3	-4.7	0.3	4.8	4.5	0.6	-4.1	-8.5	-16.5	341	44	33	144	120	49	13	10	8	10	15	24	53	67	52	39	29	21	32.9833333333333	28.9333333333333	42.9333333333333	36.1333333333333	23.9333333333333	33.575	26.3	40.2	46.7	48.5	33.6	35.4	38.2	34.8	25.9	23.1	22.8	20.3	301.2	0	0.7443	180.423	242.3925	0.7217	150.3519	208.3346	0	0	0
BA002	-24	-14.5	3.7	-5.56666666666667	2.95	-25.2	-26.1	-23.2	-14.9	-5.4	1	5.3	4.8	0.7	-5.5	-11.9	-20.7	425	72	70	159	124	51.75	24	22	22	23	25	38	58	63	48	41	35	26	30.35	25.8333333333333	42.0666666666667	33.2	20.3	30.425	22.9	38	46.6	48	31.6	30.9	35.8	32.9	22.1	18.3	20.5	16.6	340.3	3.1	0.7095	164.8573	232.3716	0.6932	136.9694	197.6036	0.5557	22.855	41.1275
BA003	-24.9	-15.8333333333333	1.96666666666667	-7.33333333333333	1.15	-26	-26.8	-24.3	-16.3	-6.9	-0.8	3.7	3	-1.3	-7.3	-13.4	-21.9	498	90	81	177	150	58.5	29	27	26	26	29	40	64	73	57	49	44	34	30.675	26.9333333333333	42.1333333333333	32.7	20.9333333333333	30.05	24	39.2	46.5	48.1	31.8	31.2	35.2	31.7	22.1	19.4	21.3	17.6	182.4	0	0.5309	115.5696	217.6973	0.5856	99.5172	169.9432	0	0	0
BA004	-23.4333333333333	-14.2	3.76666666666667	-5.5	2.975	-24.5	-25.3	-22.7	-14.6	-5.3	1	5.4	4.9	0.6	-5.3	-11.8	-20.5	415	63	62	158	132	52.5	20	19	17	21	24	34	58	66	52	44	36	24	31.6	26.9666666666667	43.2666666666667	34.1	22.0666666666667	31.475	23.8	39.5	47.2	49.2	33.4	32.4	36.7	33.2	23.6	20.3	22.3	17.6	344.7	5.5	0.6296	146.3106	232.4046	0.616	122.4974	198.8608	0.5433	28.0506	51.6294
BA005	-24.2666666666667	-14.7	4.53333333333333	-5.2	3.725	-25.5	-26.4	-23.5	-15.1	-5.5	1.7	6.4	5.5	1.3	-5	-11.9	-20.9	373	54	64	146	109	47	18	16	17	22	25	34	54	58	42	37	30	20	28.9416666666667	21.5333333333333	41.4	34.4333333333333	18.4	31.325	17.9	35	45.7	48	30.5	31.4	37	34.9	22	16.7	16.5	11.7	422.2	36.8	0.7679	180.4868	235.0405	0.7599	154.8672	203.8125	0.6379	53.9378	84.5524
BA006	-23.4333333333333	-14.6333333333333	3.26666666666667	-5.3	2.525	-25.3	-25.9	-23.2	-14.7	-6	0.2	5.2	4.4	0.3	-4.7	-11.5	-19.1	375	67	62	117	129	41.5	21	18	17	21	24	27	40	50	49	42	38	28	27.5833333333333	16.3333333333333	40.4666666666667	37.3	16.2333333333333	33.725	10.4	34.1	43.6	48.7	29.1	34.4	39.9	37.6	23	15.8	9.9	4.5	303.4	0.9	0.6277	143.3923	228.4516	0.5905	115.3319	195.3159	0.2848	5.4025	18.9694
BA007	-19.2666666666667	-11.8333333333333	4	-3.86666666666667	3.3	-20.4	-20.6	-19.3	-12	-4.2	1.1	5.5	5.4	1.2	-3.8	-9	-16.8	475	59	53	185	178	63	17	14	7	21	25	32	66	87	67	62	49	28	35	28.5666666666667	45.9333333333333	38.9	26.6	36.3	25.3	41.1	49	51.8	37	38.6	41	37.1	28.5	26.6	24.7	19.3	378.2	15.4	0.6443	160.4348	249.0219	0.6167	135.2866	219.3768	0.4861	34.4775	70.9255
BA008	-23.9666666666667	-14.5333333333333	3.96666666666667	-5.33333333333333	3.125	-25.4	-26.2	-23.1	-14.5	-6	1	6.1	4.8	0.6	-4.7	-11.9	-20.3	394	71	74	120	129	41.5	22	19	20	27	27	25	40	55	46	41	42	30	27.175	14.7666666666667	40.1666666666667	37.8333333333333	15.9333333333333	34.2	8.4	32.8	43	48.7	28.8	34.7	40.3	38.5	23.3	15.5	9	3.1	363.2	18.1	0.7153	166.9599	233.3966	0.6932	139.7475	201.6091	0.531	35.3673	66.601
BA009	-23.0666666666667	-15.0333333333333	2.03333333333333	-6.9	1.2	-24.1	-24.6	-23	-15.4	-6.7	-0.8	3.7	3.2	-1.3	-6.8	-12.6	-20.5	512	79	72	186	175	62.75	24	22	17	25	30	37	66	83	65	60	50	33	32.925	27.7333333333333	44.4	35.5666666666667	24	32.975	24.6	40.5	47.9	50.4	34.9	35	37.9	33.8	25.2	23.6	23.2	18.1	188.3	0	0.5338	116.4262	218.101	0.56	98.2971	175.5426	0	0	0
BA010	-26.2	-15.5333333333333	4.76666666666667	-6.26666666666667	3.825	-27.1	-28.3	-25	-16.1	-5.5	2.2	6.5	5.6	1	-6	-13.8	-23.2	425	67	73	160	125	52.5	23	21	21	25	27	37	60	63	50	41	34	23	30.9583333333333	25.8333333333333	43.7333333333333	32.8333333333333	21.4333333333333	30.3	22	39.7	46.9	49.8	34.5	30.9	35.8	31.8	22.7	19	22.6	15.8	433.1	41.9	0.7377	173.0038	234.5208	0.7369	148.7623	201.8784	0.5932	50.2955	84.7938
BA011	-26.4666666666667	-17.2	1.63333333333333	-8.76666666666667	0.65	-27.4	-28.2	-25.9	-17.7	-8	-1.1	3.4	2.6	-2.3	-8.6	-15.4	-23.8	526	92	90	180	164	60	30	27	26	30	34	41	65	74	60	55	49	35	31.3166666666667	26.4333333333333	43.6333333333333	33.1	22.1	30.55	23	39.8	47.1	49.8	34	32.1	35.7	31.5	22.9	21	22.4	16.5	153.5	0	0.4646	97.4707	209.7747	0.6092	96.6742	158.692	0	0	0
BA012	-23.7666666666667	-14.1333333333333	5.16666666666667	-5.03333333333333	4.225	-24.7	-25.8	-22.7	-14.2	-5.5	2.2	7.4	5.9	1.4	-4.5	-12	-20.8	345	57	68	109	111	36.75	18	15	16	26	26	19	36	54	38	36	37	24	27.0833333333333	13.5	40.5	38	16.3333333333333	34.475	6.8	31.2	43	49.3	29.2	34.7	40.4	38.9	23.9	15.9	9.2	2.5	479.1	71	0.6685	160.7327	240.4287	0.6818	144.5985	212.0797	0.6268	64.3296	102.6323
BA013	-24.2333333333333	-15.0333333333333	4.2	-5.7	3.35	-25.8	-26.4	-23.7	-15.1	-6.3	1	6.3	5.3	0.8	-5.1	-12.8	-20.5	315	49	55	103	108	35.75	15	13	14	20	21	20	35	48	40	36	32	21	29.7083333333333	17.3	43.3333333333333	39.4333333333333	18.7666666666667	35.75	11.1	35.5	45.1	52.1	32.8	36.6	42	39.7	24.7	18.8	12.8	5.3	388.2	30.1	0.6591	154.2462	234.0273	0.6937	140.1411	202.0072	0.6509	51.7677	79.5346
BA014	-22.6	-14.0666666666667	4.23333333333333	-5.4	3.35	-23.6	-24.2	-22.4	-14.5	-5.3	1.4	6	5.3	0.7	-5.1	-11.8	-20	372	40	50	148	134	50	12	11	8	18	24	29	53	66	52	47	35	17	33.15	26.3	45.4	36.4666666666667	24.4333333333333	33.875	22.5	39.8	48	51.6	36.6	35.6	39	34.8	26.1	23.6	23.6	16.6	385.6	23.8	0.7664	178.672	233.1224	0.7473	152.6532	204.2636	0.6197	45.8915	74.0567
BA015	-26.7333333333333	-17.3333333333333	2.03333333333333	-8.73333333333333	1.025	-27.6	-28.5	-26.2	-17.9	-7.9	-0.7	3.9	2.9	-2	-8.4	-15.8	-24.1	492	82	86	170	154	56.75	27	25	24	29	33	39	61	70	57	52	45	30	31.3416666666667	25.8	43.9666666666667	33.3333333333333	22.2666666666667	30.8	22.2	39.5	47	50.2	34.7	32.3	36	31.7	23.2	21.2	22.4	15.7	182.4	0	0.5983	125.7297	210.1412	0.6353	103.0962	162.2915	0	0	0
BA016	-24.2666666666667	-14.6333333333333	4.6	-5.6	3.675	-25.2	-26.3	-23.2	-14.7	-6	1.7	6.8	5.3	0.9	-5	-12.7	-21.3	366	65	74	111	116	37.5	21	17	19	28	27	19	37	55	39	37	40	27	26.8916666666667	13.0333333333333	40.4666666666667	37.9	16.1666666666667	34.35	6.2	31.1	42.8	49.6	29	34.6	40.3	38.8	23.7	15.9	8.9	1.8	420.1	42.7	0.6886	160.7838	233.4789	0.6783	138.2812	203.8636	0.5827	50.8727	87.3116
BA017	-24.8333333333333	-15.5666666666667	3.8	-6.36666666666667	2.9	-26.2	-26.9	-24.2	-15.7	-6.8	0.7	6	4.7	0.2	-5.7	-13.6	-21.4	354	63	67	110	114	37.5	20	17	18	24	25	21	37	52	40	37	37	26	28.7833333333333	16	42.6	38.6333333333333	17.9	34.975	9.5	34.3	44.5	51.6	31.7	35.7	41.2	39	24	18.1	11.6	4.2	344.3	14.9	0.5792	131.3707	226.82	0.6128	118.3318	193.0879	0.4924	28.9256	58.7429
BA018	-19.6666666666667	-12.2666666666667	4.56666666666667	-4.53333333333333	3.7	-20.6	-21	-19.7	-12.6	-4.5	1.6	6.2	5.9	1.1	-4.3	-10.4	-17.4	451	67	63	143	178	51	22	17	8	23	32	30	49	64	61	68	49	28	36.9583333333333	28.4666666666667	48.4333333333333	41.9333333333333	29	39.2	24.9	41.8	50.9	54.6	39.8	42.3	43.9	39.6	31	30.3	25.7	18.7	423.2	40	0.7032	176.2538	250.6472	0.6673	148.2856	222.2197	0.4991	44.3538	88.8655
BA019	-27.4666666666667	-17.7	2.6	-8.73333333333333	1.55	-28.3	-29.4	-26.9	-18.3	-7.9	-0.1	4.5	3.4	-1.6	-8.4	-16.2	-24.7	458	75	83	160	140	53.25	25	23	23	28	32	37	58	65	53	47	40	27	30.8666666666667	24.7	43.9	33.1	21.7666666666667	30.575	20.7	38.8	46.7	50.2	34.8	31.8	35.9	31.6	23	20.4	21.9	14.6	225.4	0	0.5538	116.9012	211.0762	0.578	96.9442	167.7233	0	0	0
BA020	-21.7333333333333	-13.9666666666667	3.53333333333333	-5.96666666666667	2.6	-22.6	-23.2	-21.7	-14.4	-5.8	0.6	5.3	4.7	-0.2	-5.6	-12.1	-19.4	416	55	59	140	162	49.25	17	15	8	21	30	30	48	62	57	60	45	23	35.375	27.4333333333333	47.3333333333333	39.5333333333333	27.2	36.875	23.8	40.9	49.9	53.6	38.5	39.6	41.7	37.3	28.9	27.9	24.8	17.6	314.9	2.6	0.6038	139.1393	230.4508	0.5851	115.7257	197.7991	0.5101	17.6662	34.6303
BA021	-24.1	-14.9	4.8	-5.86666666666667	3.85	-25	-25.9	-23.7	-15.4	-5.6	2	6.7	5.7	1	-5.5	-13.1	-21.4	319	32	48	129	110	43.25	10	10	8	17	23	27	47	55	44	39	27	12	32.1666666666667	24.5	45.1333333333333	35.6333333333333	23.4	33.1	20.3	38.6	47.3	51.5	36.6	34.3	38.4	34.2	25.5	22.1	22.6	14.6	437.9	48.3	0.7922	182.9381	230.9135	0.7815	158.043	202.2281	0.7247	64.832	89.4663
BA022	-21.2666666666667	-13.7	3.6	-6.06666666666667	2.65	-22.1	-22.6	-21.3	-14.1	-5.7	0.6	5.4	4.8	-0.2	-5.8	-12.2	-19.1	465	76	71	137	181	49.25	25	21	11	25	35	31	47	59	60	69	52	30	36.625	28.0666666666667	48.4	41.3666666666667	28.6666666666667	38.625	24.5	41.6	50.9	54.7	39.6	41.9	43.3	38.9	30.4	30.2	25.4	18.1	321.1	4.7	0.6448	151.1032	234.3244	0.622	125.1341	201.1711	0.5419	25.2661	46.6284
BA023	-22.2	-14.3	3.66666666666667	-6.1	2.725	-23.1	-23.7	-22.1	-14.8	-6	0.7	5.5	4.8	-0.1	-5.7	-12.5	-19.8	373	43	54	128	148	45	13	12	6	19	29	28	44	56	52	55	41	18	34.8666666666667	26.7666666666667	47.0666666666667	38.9666666666667	26.6666666666667	36.325	23	40.4	49.4	53.4	38.4	38.9	41.2	36.8	28.4	27.2	24.4	16.9	327.4	6.4	0.6493	148.2875	228.3972	0.6244	122.8367	196.714	0.5054	25.9466	51.3352
BA024	-22.6	-14.9	2.76666666666667	-7.16666666666667	1.775	-23.5	-23.9	-22.6	-15.4	-6.7	-0.2	4.6	3.9	-1.2	-6.8	-13.5	-20.4	458	71	72	140	175	49.5	23	20	12	25	35	32	48	60	58	66	51	28	35.5916666666667	27.5	47.6	39.8	27.4666666666667	37.1	23.9	41.1	50.2	53.9	38.7	40.2	41.9	37.3	29	28.7	24.7	17.5	244.8	0	0.5613	124.4359	221.6951	0.5771	106.2081	184.0329	0	0	0
BA025	-22.1666666666667	-14.6	2.96666666666667	-7.13333333333333	1.975	-23	-23.5	-22.2	-15.1	-6.5	0	4.8	4.1	-1	-6.9	-13.5	-20	514	97	85	139	193	50.25	33	27	17	29	39	34	47	58	62	74	57	37	36.8083333333333	28.1333333333333	48.6333333333333	41.5666666666667	28.9	38.8	24.6	41.7	51.2	54.9	39.8	42.3	43.5	38.9	30.5	30.8	25.4	18.1	261.8	0	0.5673	128.9121	227.2485	0.5496	104.3205	189.8134	0	0	0
BA026	-26.3	-16.9666666666667	3.73333333333333	-7.86666666666667	2.65	-27.1	-28.2	-26	-17.5	-7.4	0.8	5.8	4.6	-0.6	-7.6	-15.4	-23.6	346	42	59	137	108	45	14	13	13	20	26	29	50	58	43	38	27	15	30.1166666666667	21.7333333333333	43.5	34.2666666666667	20.9666666666667	31.6	17.3	36.2	45.9	50.2	34.4	32.6	37	33.2	23.6	19.8	19.5	11.7	325.7	10.3	0.7209	155.1144	215.1744	0.7188	129.1282	179.649	0.5604	27.059	48.2882
BA027	-23.6333333333333	-15.5	2.76666666666667	-7.43333333333333	1.75	-24.4	-25.2	-23.5	-16	-7	-0.1	4.6	3.8	-1.3	-7	-14	-21.3	388	49	60	130	149	45.5	15	14	9	21	30	30	45	55	52	55	42	20	34.05	26.1333333333333	46.5333333333333	37.7666666666667	25.7666666666667	35.15	22.4	39.8	48.9	52.9	37.8	37.7	40.1	35.5	27.3	26.2	23.8	16.2	242.5	0	0.5375	116.3236	216.4234	0.5665	100.8228	177.9641	0	0	0
BA028	-24.0333333333333	-16.1666666666667	1.9	-8.4	0.85	-24.8	-25.5	-24	-16.7	-7.8	-1	3.8	2.9	-2.3	-8	-14.9	-21.8	452	70	74	138	170	48.75	22	20	14	25	35	33	47	58	57	63	50	28	34.6583333333333	26.8	46.9	38.4333333333333	26.5	35.775	23.2	40.4	49.5	53.2	38	38.8	40.6	35.9	27.8	27.6	24.1	16.8	174.8	0	0.6341	133.7402	210.9071	0.6478	108.1741	166.9756	0	0	0
BA029	-24.6	-15.5	4.5	-6.53333333333333	3.475	-25.4	-26.4	-24.3	-16.1	-6.1	1.7	6.4	5.4	0.4	-6.1	-13.9	-22	303	28	48	121	106	40.75	9	9	7	17	24	26	44	51	42	38	26	10	31.9916666666667	23.6333333333333	45.1333333333333	35.8	23.4	33.25	19.3	37.8	47	51.6	36.8	34.6	38.5	34.3	25.6	22.4	22.2	13.8	401.4	34.9	0.6593	148.9082	225.869	0.6839	133.3078	194.9273	0.6647	53.9098	81.1089
BA030	-23.8666666666667	-15.2	4.2	-6.46666666666667	3.2	-24.7	-25.6	-23.7	-15.7	-6.2	1.4	6.1	5.1	0.2	-6	-13.6	-21.3	302	27	46	115	114	39.75	8	8	5	17	24	25	41	49	44	41	29	11	32.85	24.4	45.8333333333333	36.7	24.4666666666667	34.15	20.3	38.3	47.7	52.2	37.6	36	39.2	34.9	26.5	23.9	23	14.6	373.4	22.7	0.6444	144.471	224.1801	0.6612	128.4408	194.2442	0.6019	44.2845	73.5768
BA031	-23.5	-15.2333333333333	3.33333333333333	-6.9	2.35	-24.3	-25.1	-23.4	-15.7	-6.6	0.5	5.2	4.3	-0.6	-6.4	-13.7	-21.1	336	35	52	117	132	41	10	10	6	18	28	27	40	50	47	49	36	15	33.775	25.4333333333333	46.4333333333333	37.6666666666667	25.5666666666667	35.1	21.5	39.2	48.5	52.8	38	37.4	40	35.6	27.4	25.7	23.6	15.6	292.8	0.8	0.5973	130.7908	218.9774	0.5812	108.4423	186.5857	0.4207	6.9514	16.5245
BA032	-23.4	-15.2	3.43333333333333	-6.86666666666667	2.425	-24.2	-25	-23.3	-15.7	-6.6	0.6	5.3	4.4	-0.6	-6.4	-13.6	-21	336	35	52	117	132	41	10	10	6	18	28	27	40	50	47	49	36	15	33.7833333333333	25.4	46.4666666666667	37.7	25.5666666666667	35.125	21.5	39.2	48.5	52.8	38.1	37.4	40.1	35.6	27.4	25.7	23.6	15.5	300.7	1.9	0.5283	115.6945	219.0032	0.5585	104.5847	187.2512	0.3763	9.1893	24.4228
BA033	-23.7	-15.8	2.53333333333333	-7.76666666666667	1.5	-24.5	-25.2	-23.7	-16.3	-7.4	-0.4	4.5	3.5	-1.6	-7.3	-14.4	-21.4	382	49	63	121	149	43	15	14	10	21	32	29	41	51	51	56	42	20	34.325	26.0333333333333	46.8333333333333	38.2333333333333	26.2	35.625	22.3	39.7	49.1	53.2	38.2	38.4	40.4	35.9	27.8	27	23.8	16.1	224.1	0	0.6416	136.6864	213.0448	0.6195	108.1146	174.5177	0	0	0
BA034	-25.0666666666667	-15.9666666666667	4.5	-6.9	3.45	-25.9	-26.9	-24.8	-16.5	-6.6	1.6	6.5	5.4	0.3	-6.6	-14.4	-22.4	286	24	46	119	97	39.75	8	7	7	16	23	24	43	52	40	35	22	9	31.1583333333333	22.1666666666667	44.5333333333333	35.5	22.4333333333333	32.9	17.7	36.5	46.4	51.1	36.1	34.1	38.2	34.2	25.1	21.4	20.8	12.3	400.4	37.1	0.7618	168.7062	221.4464	0.7522	144.0371	191.4992	0.7076	57.1877	80.8191
BA035	-24.9333333333333	-16.7666666666667	1.93333333333333	-8.7	0.85	-25.7	-26.5	-24.8	-17.4	-8.1	-0.9	3.9	2.8	-2.4	-8.2	-15.5	-22.6	400	55	69	128	148	44.75	17	16	13	23	33	31	44	53	51	54	43	22	33.2916666666667	25.3	46.0333333333333	36.7666666666667	25.0666666666667	34.2	21.5	39.1	48.3	52.4	37.4	36.8	39.1	34.4	26.5	25.5	23.2	15.3	175.6	0	0.6331	130.0481	205.4003	0.6669	107.8633	161.7458	0	0	0
BA036	-24.7333333333333	-16.9333333333333	1.43333333333333	-9.13333333333333	0.35	-25.5	-26.2	-24.8	-17.5	-8.5	-1.5	3.4	2.4	-2.9	-8.7	-15.8	-22.5	433	66	75	128	164	45.5	21	19	14	25	36	33	43	52	54	61	49	26	34.3	26.2	46.7666666666667	38.0333333333333	26.2	35.4	22.6	39.9	49.2	53.1	38	38.4	40.2	35.5	27.5	27.4	23.7	16.1	142.8	0	0.7129	145.8131	204.5479	0.7417	115.8826	156.2444	0	0	0
BA037	-24.5333333333333	-15.7666666666667	5.13333333333333	-6.93333333333333	3.95	-25.3	-26.3	-24.5	-16.2	-6.6	1.9	7.5	6	0.4	-6.8	-14.4	-22	243	15	37	112	79	36.5	5	4	4	13	20	18	41	53	34	29	16	6	29.45	18.1333333333333	43.3	36.1666666666667	20.2	33.275	13	33.4	45	50.9	34	34.2	38.8	35.5	24.6	19.7	16.3	8	457.7	74.3	0.7848	176.2808	224.629	0.8013	156.1409	194.8703	0.8444	81.2718	96.2512
BA038	-25.3333333333333	-17.2	1.63333333333333	-9.1	0.55	-26.1	-26.9	-25.3	-17.8	-8.5	-1.2	3.6	2.5	-2.7	-8.6	-16	-23	386	50	67	124	145	43.5	15	15	12	23	32	31	42	51	50	53	42	20	32.975	24.8333333333333	45.7666666666667	36.5	24.8	33.95	21	38.6	47.9	52.2	37.2	36.5	38.8	34.2	26.3	25.3	22.8	14.9	154.5	0	0.6632	133.4337	201.2042	0.7039	110.262	156.6445	0	0	0
BA039	-21.2666666666667	-13.8333333333333	4.26666666666667	-6	3.225	-22	-22.7	-21.3	-14.4	-5.8	1.2	6.2	5.4	0.1	-5.5	-12.6	-19.1	299	34	49	80	136	30.75	11	10	3	16	30	23	25	32	43	56	37	13	36.8666666666667	26.6666666666667	49.2333333333333	42.3333333333333	29.2333333333333	39.6	22.8	40.4	51.1	55.6	41	43	44.3	39.7	31.4	31.1	25.2	16.8	380.1	29.8	0.5718	133.753	233.9122	0.6292	129.0992	205.1815	0.5207	41.6718	80.0363
BA040	-21.2666666666667	-13.8333333333333	4.26666666666667	-6	3.225	-22	-22.7	-21.3	-14.4	-5.8	1.2	6.2	5.4	0.1	-5.5	-12.6	-19.1	299	34	49	80	136	30.75	11	10	3	16	30	23	25	32	43	56	37	13	36.8666666666667	26.6666666666667	49.2333333333333	42.3333333333333	29.2333333333333	39.6	22.8	40.4	51.1	55.6	41	43	44.3	39.7	31.4	31.1	25.2	16.8	380.1	29.8	0.5718	133.753	233.9122	0.6292	129.0992	205.1815	0.5207	41.6718	80.0363
BA041	-25.4	-16.9	2.66666666666667	-8.4	1.6	-26.1	-27.1	-25.3	-17.5	-7.9	-0.1	4.6	3.5	-1.6	-7.9	-15.7	-23	339	40	60	117	122	40.5	12	12	11	21	28	27	41	49	45	44	33	16	32.0333333333333	23.2333333333333	45.2	35.8666666666667	23.8333333333333	33.35	19.1	37.2	46.8	51.7	37.1	35.4	38.4	33.8	25.8	23.7	22	13.4	231.4	0	0.5567	113.9694	204.7135	0.5675	95.9044	168.9982	0	0	0
BA042	-22.9666666666667	-15.4	2.93333333333333	-8.23333333333333	1.8	-23.6	-24.3	-23.2	-16	-7	0	4.8	4	-1.6	-8	-15.1	-21	545	125	103	114	203	43.5	45	36	23	34	46	34	37	43	60	82	61	44	37.95	27.6	50.2333333333333	43.6	30.3666666666667	40.75	23.9	41.5	52.5	56.7	41.5	44.9	45.3	40.6	32.2	33.4	25.5	17.4	253.7	0	0.6077	136.8347	225.1848	0.5967	111.26	186.4646	0	0	0
BA043	-21.7	-14.2666666666667	3.9	-6.76666666666667	2.825	-22.4	-23.1	-21.9	-14.8	-6.1	0.9	5.8	5	-0.4	-6.4	-13.5	-19.6	396	72	70	89	165	34.75	25	21	10	23	37	27	28	34	50	68	47	26	37.6083333333333	27.0333333333333	49.9333333333333	43.4	30.0666666666667	40.6	23.2	40.9	51.9	56.3	41.6	44.4	45.2	40.6	32.2	32.6	25.4	17	342.5	14.4	0.5648	130.6414	231.3048	0.5535	110.5988	199.8306	0.4013	28.3062	70.5293
BA044	-24.0333333333333	-16.3666666666667	2.36666666666667	-8.33333333333333	1.275	-24.7	-25.6	-24.2	-17	-7.9	-0.5	4.3	3.3	-2	-7.7	-15.3	-21.8	288	29	52	84	123	31.25	8	9	6	17	29	24	27	33	41	47	35	12	33.725	23.7333333333333	46.6666666666667	38.3333333333333	26.1666666666667	35.825	19.8	37.3	48	53	39	38.7	40.5	35.8	28.3	27.3	22.9	14.1	208.4	0	0.7341	148.9052	202.8517	0.7132	119.4015	167.4128	0	0	0
BA045	-23.8666666666667	-15.9	3.3	-7.46666666666667	2.25	-24.6	-25.5	-24	-16.5	-7.2	0.6	5.2	4.1	-0.9	-6.8	-14.7	-21.5	255	19	46	85	105	30.75	5	6	5	16	25	21	29	35	38	39	28	8	32.5083333333333	22.2	45.7666666666667	37.2333333333333	24.8333333333333	34.8	18	35.9	46.7	52.2	38.4	37	39.6	35.1	27.5	25.1	21.9	12.7	285.2	0.7	0.7142	148.4289	207.8244	0.6975	123.9691	177.7256	0.3497	4.9877	14.2636
BA046	-24.7333333333333	-16.8	2.86666666666667	-8.03333333333333	1.9	-25.4	-26.4	-25	-17.6	-7.8	0.3	4.6	3.7	-1	-7.2	-15.9	-22.4	232	21	42	71	98	26.75	6	6	5	15	22	18	23	30	36	37	25	9	31.8416666666667	19.5	45.3	37.5666666666667	25	35.3	15.2	32.6	45	51.5	39.4	37.8	39.8	35.1	28.5	25.8	20.7	10.7	248.5	0	0.7362	144.591	196.3929	0.7409	124.7399	168.3538	0	0	0
BA047	-26.5	-18.3333333333333	3.13333333333333	-9.66666666666667	1.95	-27	-28.1	-27.1	-19.2	-8.7	0.2	5.2	4	-1.6	-9.3	-18.1	-24.4	234	20	38	95	81	32.25	7	5	6	12	20	16	33	46	34	31	16	8	29.7916666666667	16.5666666666667	44	36.0666666666667	22.5333333333333	33.75	11.9	30.1	43.5	50.7	37.8	35.9	38.5	33.8	26.8	23.2	17.6	7.7	269.3	0.7	0.6137	118.6175	193.2884	0.6731	109.7438	163.0488	0.4163	5.7766	13.8775
BA048	-25.6	-17.5	2.73333333333333	-8.36666666666667	1.825	-26.2	-27.3	-26	-18.4	-8.1	0.3	4.3	3.6	-0.9	-7.5	-16.7	-23.3	236	26	42	71	97	26.75	8	7	6	15	21	17	23	31	36	37	24	11	31.375	18.4	45	37.3666666666667	24.7333333333333	35.175	14.1	31.3	44.3	51.2	39.5	37.7	39.6	34.8	28.6	25.5	20.1	9.8	237.1	0	0.7647	147.1589	192.4395	0.7514	124.8502	166.1488	0	0	0
BA049	-28.9666666666667	-19.6666666666667	3.23333333333333	-11.1	1.925	-29.5	-30.7	-29	-20.6	-9.4	0.1	5.6	4	-2	-11	-20.3	-26.7	246	27	42	95	82	32	9	8	10	13	19	16	36	43	33	30	19	10	30.3	17.1333333333333	45.9666666666667	36.5666666666667	21.5333333333333	33.75	12.2	32.3	46	54.1	37.8	36.1	39.4	34.2	25.3	23.1	16.2	6.9	277.2	4.5	0.6931	136.6162	197.1169	0.7294	116.649	159.9165	0.4807	14.1933	29.5281
BA050	-26.5333333333333	-18.3333333333333	3.53333333333333	-10	2.225	-27	-28.1	-27.1	-19.2	-8.7	0.4	5.8	4.4	-1.7	-9.9	-18.4	-24.5	213	14	31	96	72	31.75	5	3	4	9	18	15	34	47	31	28	13	6	29.675	16.1333333333333	44.2333333333333	36.0666666666667	22.2666666666667	33.725	11.5	29.7	43.7	51.2	37.8	35.9	38.6	33.7	26.7	23.1	17	7.2	302.1	8.9	0.7436	145.7723	196.0328	0.7667	126.086	164.4624	0.6115	25.6403	41.9286
BA051	-28.8666666666667	-19.2333333333333	3.86666666666667	-10.5333333333333	2.625	-29.5	-30.7	-28.6	-20.2	-8.9	0.8	6.1	4.7	-1.1	-10.3	-20.2	-26.4	209	21	34	83	71	28	7	6	8	11	15	13	32	38	29	26	16	8	32.1	19.1666666666667	48.2666666666667	38.1666666666667	22.8	35.05	14.2	34.9	48	57	39.8	37.7	41.2	35.6	25.7	24.8	17.9	8.4	332.5	17	0.7215	146.5067	203.0534	0.7796	132.3036	169.7107	0.7673	45.1194	58.805
BA052	-26.9	-18.4666666666667	2.43333333333333	-9	1.575	-27.5	-28.6	-27.2	-19.5	-8.7	0	3.9	3.4	-1	-8.1	-17.9	-24.6	253	35	44	77	97	28.75	13	9	9	15	20	17	26	34	38	37	22	13	30.6583333333333	17	44.5	36.9333333333333	24.2	34.825	12.6	29.8	43.4	50.7	39.4	37.3	39.2	34.3	28.5	25	19.1	8.6	213	0	0.7553	140.8573	186.4796	0.7592	120.8664	159.2045	0	0	0
BA053	-27.2333333333333	-19.0333333333333	2.5	-10.4666666666667	1.325	-27.7	-28.8	-27.8	-20	-9.3	-0.3	4.5	3.3	-2.2	-10.2	-19	-25.2	249	28	41	94	86	32.25	10	7	8	13	20	17	33	44	35	33	18	11	29.525	15.9333333333333	43.8333333333333	35.7333333333333	22.6	33.55	11.5	29	43	50.4	38.1	35.9	38.2	33.1	27	23.5	17.3	7.3	216	0	0.6492	121.4395	187.0559	0.6499	100.0011	153.8701	0	0	0
BA054	-29.0333333333333	-20.4333333333333	1.9	-12.4	0.5	-29.4	-30.7	-29.5	-21.4	-10.4	-1.1	4.2	2.6	-3.7	-12.4	-21.1	-27	290	38	51	111	90	36.75	13	11	13	15	23	20	40	51	36	33	21	14	28.8666666666667	15.7333333333333	43.9	34.6	21.2333333333333	32.275	11.3	29.3	43.6	51	37.1	34.7	37.2	31.9	25.3	22.5	15.9	6.6	173.1	0	0.7385	137.3379	185.9594	0.7809	111.1461	142.3219	0	0	0
BA055	-29.9	-20.5333333333333	2.5	-12.2666666666667	1.125	-30.3	-31.7	-29.9	-21.6	-10.1	-0.5	4.8	3.2	-3	-12.2	-21.6	-27.7	272	37	48	101	86	33.75	12	11	13	15	20	18	38	45	34	31	21	14	29.8333333333333	16.5	45.6666666666667	35.7333333333333	21.4333333333333	33.1	11.8	31	45.5	53.5	38	35.7	38.6	32.9	25.2	23.2	15.9	6.7	216.2	0	0.6343	120.5754	190.0951	0.6442	96.047	149.0957	0	0	0
BA056	-27.9333333333333	-19.4333333333333	2.8	-11.2666666666667	1.45	-28.3	-29.6	-28.4	-20.4	-9.5	-0.1	5	3.5	-2.6	-11.2	-20	-25.9	234	23	38	96	77	32	8	6	8	11	19	16	35	45	32	29	16	9	29.3083333333333	15.3666666666667	44.3	35.5333333333333	22.0333333333333	33.3	10.9	28.6	43.6	51.2	38.1	35.8	38.1	32.7	26.6	23.3	16.2	6.6	237.9	0	0.6804	128.8919	189.4218	0.7089	109.1249	153.9432	0	0	0
BA057	-26.7666666666667	-18.5	3.1	-10.0666666666667	1.9	-27.2	-28.4	-27.3	-19.5	-8.7	0.3	5.1	3.9	-1.7	-9.9	-18.6	-24.7	219	21	34	87	77	29.75	8	5	6	11	17	15	31	41	32	30	15	8	29.675	15.4666666666667	44.1333333333333	36.1666666666667	22.9333333333333	34.025	11	28.3	43	50.6	38.8	36.5	38.6	33.4	27.6	24	17.2	7.1	264.1	0.2	0.6234	118.3193	189.8023	0.6715	107.8771	160.6424	0.2974	1.7732	5.9618
BA058	-30.6333333333333	-20.3666666666667	3.5	-12.0666666666667	2.2	-31.1	-32.9	-29.9	-21.7	-9.5	1	5.4	4.1	-1.7	-12.1	-22.4	-27.9	202	22	32	82	66	27	7	6	10	11	11	14	32	36	26	24	16	9	33.3333333333333	20.4333333333333	50.4666666666667	38.4	24.0333333333333	35.325	16	35.7	50	59	42.4	38.8	41.8	34.6	26.1	26.6	19.4	9.6	291.4	2.5	0.7799	152.9163	196.0826	0.8018	131.3061	163.7609	0.3789	9.0425	23.8631
BA059	-30.3333333333333	-20.4	3.16666666666667	-12.4666666666667	1.775	-30.8	-32.7	-29.7	-21.6	-9.9	0.6	5.3	3.6	-2.4	-12.6	-22.4	-27.5	199	20	31	81	67	27.25	7	5	9	10	12	14	30	37	28	24	15	8	34.8416666666667	23.2666666666667	52.3	38.9666666666667	24.8333333333333	35.525	19	39.3	51.9	61.2	43.8	39.4	42.5	35	25.2	27.6	21.7	11.5	262.4	1.1	0.7651	148.7527	194.4314	0.7958	127.5946	160.3436	0.405	5.7635	14.2316
BA060	-30.1	-20.3333333333333	3.2	-12.6	1.75	-30.5	-32.5	-29.5	-21.6	-9.9	0.6	5.5	3.5	-2.6	-12.8	-22.4	-27.3	191	17	27	80	67	27.25	6	4	7	9	11	14	29	37	29	24	14	7	35.05	23.6	52.5333333333333	39.0666666666667	25	35.6	19.4	39.7	52.2	61.4	44	39.6	42.7	34.9	25.2	27.8	22	11.7	264.7	2.7	0.7087	138.7829	195.8411	0.7643	122.7503	160.5976	0.3273	7.3374	22.4166
BA061	-28	-18.7666666666667	3.93333333333333	-12	2.325	-28.9	-29.6	-27.8	-19.6	-8.9	1.5	6.3	4	-2.5	-12.7	-20.8	-25.5	149	8	15	65	61	23.75	4	1	2	5	8	11	23	31	30	22	9	3	36.1916666666667	25.0333333333333	53.7333333333333	40.6	25.4	36.65	21.3	41.7	53.9	62.2	45.1	41.3	44.6	35.9	24.8	27.3	24.1	12.1	320.8	16.9	0.7143	146.8237	205.5409	0.8309	141.3226	170.0791	0.8802	46.3163	52.6232
BA062	-30.6666666666667	-20.4	3.56666666666667	-12.3	2.2	-31	-33	-29.9	-21.8	-9.5	1.1	5.5	4.1	-1.9	-12.4	-22.6	-28	185	17	27	78	63	26	6	4	8	9	10	13	30	35	26	23	14	7	33.7916666666667	21.0333333333333	51.2	38.6333333333333	24.3	35.475	16.7	36.4	50.7	59.7	43.2	39.2	42.1	34.6	26	27	19.9	10	294.9	3.7	0.6899	135.4194	196.2985	0.7944	130.1452	163.8347	0.683	20.2633	29.67
BA063	-29.1	-19.3666666666667	3.8	-12.2666666666667	2.225	-30.2	-30.4	-28.9	-20.2	-9	1.5	5.9	4	-2.5	-12.8	-21.5	-26.7	140	12	16	60	52	21.25	5	3	3	5	8	10	22	28	25	20	7	4	35.975	24.7	53.4666666666667	40.5	25.2333333333333	36.575	20.9	41.3	53.8	61.8	44.8	41.2	44.5	35.8	24.8	27	23.9	11.9	308.4	9.5	0.6803	138.2644	203.2407	0.7941	134.1637	168.9408	0.8235	35.045	42.554
BA064	-31.0666666666667	-20.8333333333333	3.26666666666667	-12.5666666666667	1.875	-31.3	-33.3	-30.5	-22.2	-9.8	0.8	5.2	3.8	-2.3	-12.6	-22.8	-28.6	211	26	34	82	69	27.25	9	7	11	11	12	14	32	36	27	25	17	10	32.0166666666667	18.1333333333333	49.1	37.5333333333333	23.3	34.775	13.8	32.4	48.5	57.1	41.7	38.2	40.8	33.6	26.5	25.9	17.5	8.2	269	0.6	0.7037	134.0973	190.5586	0.7854	124.4377	158.4327	0.582	6.9947	12.0194
BA065	-32.8666666666667	-22.3333333333333	1.9	-14.3666666666667	0.45	-32.9	-35.2	-32	-23.9	-11.1	-0.4	3.8	2.3	-3.9	-14.5	-24.7	-30.5	284	46	51	100	87	32.75	15	13	18	17	16	20	39	41	31	31	25	18	31.0333333333333	17.5333333333333	48.2666666666667	36	22.3333333333333	33.35	13.4	31.6	48	56.1	40.7	36.9	39.3	31.8	25.4	25	16.6	7.6	160.7	0	0.7855	142.996	182.0543	0.8528	121.003	141.8846	0	0	0
BA066	-29.4	-19.7666666666667	3.4	-12.8666666666667	1.8	-30.5	-30.6	-29.4	-20.7	-9.2	1.4	5.3	3.5	-3	-13.6	-22	-27.1	144	16	17	59	52	21	6	4	5	5	7	11	22	26	25	19	8	6	35.375	23.7666666666667	53.2	39.9	24.6333333333333	36.025	20.1	40.2	53.5	61.5	44.6	40.8	44	34.9	24.4	26.5	23	11	271.3	1.2	0.7279	144.7975	198.9335	0.8552	140.272	164.0266	0.889	14.6372	16.4657
BA067	-32.1333333333333	-21.9	2.3	-14.1666666666667	0.8	-32.3	-34.6	-31.5	-23.4	-10.8	0	4.3	2.6	-3.7	-14.4	-24.4	-29.5	237	33	39	89	76	29.75	11	9	13	13	13	17	34	38	30	27	19	13	32.8333333333333	20.1333333333333	50.5333333333333	37.2333333333333	23.4333333333333	34.2	16.1	35	50.3	58.8	42.5	38.2	40.8	32.7	25.1	26.3	18.9	9.3	189.7	0	0.643	118.574	184.3939	0.7225	106.1904	146.9826	0	0	0
BA069	-32.7333333333333	-22.3666666666667	2.16666666666667	-14.8	0.6	-32.9	-35.1	-32.1	-24	-11	-0.1	4.1	2.5	-4.1	-15.1	-25.2	-30.2	232	30	37	89	76	29.75	10	8	13	12	12	17	34	38	30	27	19	12	31.6916666666667	18.0333333333333	49.4666666666667	36.5	22.7666666666667	33.75	14.1	32.1	49.2	57.4	41.8	37.7	40	31.8	25.5	25.6	17.2	7.9	178.6	0	0.4933	88.0323	178.4424	0.5744	81.5917	142.04	0	0	0
BA070	-34.3666666666667	-24.2666666666667	0.566666666666667	-17.6333333333333	-1.3	-34.3	-36.7	-34.1	-26	-12.7	-1.5	2.7	0.5	-6.9	-18.3	-27.7	-32.1	251	32	41	95	83	32.25	11	8	14	13	14	19	36	40	34	29	20	13	30.8916666666667	17.3333333333333	49.5	35.0666666666667	21.6666666666667	32.3	13.8	31.2	49.7	57.1	41.7	36.9	38.9	29.4	24	24.8	16.2	7	77	0	0.5347	92.3066	172.6401	0.6716	81.6061	121.5092	0	0	0
EAA001	-33.3333333333333	-21.8666666666667	3.86666666666667	-12.9	2.375	-34.8	-35.1	-32.5	-22.7	-10.4	0.4	6.3	4.9	-2.1	-12.7	-23.9	-30.1	148	15	22	67	44	22	5	5	5	7	10	14	24	29	21	16	7	5	34.9083333333333	23.5666666666667	50.9333333333333	42.2	22.9333333333333	37.425	20.7	41.9	53.1	56.8	42.9	42.6	47.2	36.8	23.1	21.8	23.9	8.1	329.1	23.2	0.692	147.2195	212.7532	0.8242	141.5898	171.7806	0.8941	60.8494	68.0596
EAA002	-33.3333333333333	-21.8333333333333	3.9	-12.9	2.4	-34.8	-35.1	-32.5	-22.6	-10.4	0.4	6.4	4.9	-2.1	-12.7	-23.9	-30.1	148	15	22	67	44	22	5	5	5	7	10	14	24	29	21	16	7	5	34.9083333333333	23.5666666666667	50.9333333333333	42.2	22.9333333333333	37.425	20.7	41.9	53.1	56.8	42.9	42.6	47.2	36.8	23.1	21.8	23.9	8.1	332.2	25.3	0.5007	106.636	212.9858	0.6185	106.3851	172.0132	0.516	36.3662	70.4754
EAA003	-33.3333333333333	-21.9	3.8	-12.9	2.325	-34.8	-35.1	-32.6	-22.7	-10.4	0.3	6.3	4.8	-2.1	-12.7	-23.9	-30.1	149	16	22	67	44	22	5	6	5	7	10	14	24	29	21	16	7	5	34.8916666666667	23.5666666666667	50.9333333333333	42.1333333333333	22.9333333333333	37.375	20.7	41.9	53.1	56.8	42.9	42.5	47.2	36.7	23.1	21.8	23.9	8.1	324.6	21.9	0.6717	142.4454	212.0712	0.7964	136.4018	171.2674	0.8526	55.4306	65.0117
EAA004	-33.3333333333333	-21.9333333333333	3.76666666666667	-12.9666666666667	2.275	-34.8	-35.1	-32.6	-22.7	-10.5	0.3	6.2	4.8	-2.2	-12.8	-23.9	-30.1	151	16	23	67	45	22	5	6	6	7	10	14	24	29	21	17	7	5	34.8666666666667	23.6	50.9	42.0666666666667	22.9	37.3	20.7	41.9	53.1	56.8	42.8	42.4	47.1	36.7	23	21.8	23.9	8.2	320.8	19.8	0.6841	145.8599	213.2056	0.8235	139.4302	169.3048	0.9056	58.6927	64.8092
EAA005	-33.4	-21.9666666666667	3.7	-13.0333333333333	2.2	-34.9	-35.2	-32.6	-22.8	-10.5	0.2	6.2	4.7	-2.3	-12.8	-24	-30.1	153	16	23	68	46	22.5	5	6	6	7	10	15	24	29	22	17	7	5	34.8583333333333	23.6333333333333	50.9	42	22.9	37.25	20.8	41.9	53.1	56.8	42.8	42.4	47	36.6	23	21.8	23.9	8.2	315.6	18.6	0.6875	146.1023	212.5245	0.8238	139.0428	168.7734	0.8719	53.7444	61.6407
EAA006	-32.5333333333333	-22.0333333333333	2.83333333333333	-13.7666666666667	1.275	-33.7	-34.3	-32.2	-23.2	-10.7	-0.2	5.2	3.5	-3.4	-13.8	-24.1	-29.6	135	12	20	63	40	20.75	4	4	5	6	9	13	22	28	20	14	6	4	34.3166666666667	21.8333333333333	51.6333333333333	41.9666666666667	21.8333333333333	37.175	18.6	40.2	53.6	57.5	43.8	43.2	46.9	35.8	22.8	20.6	22.1	6.7	239.1	0.5	0.6316	125.6821	198.9769	0.7575	118.647	156.636	0.3503	3.7344	10.6599
EAA007	-32.5333333333333	-22.0333333333333	2.83333333333333	-13.7666666666667	1.275	-33.7	-34.3	-32.2	-23.2	-10.7	-0.2	5.2	3.5	-3.4	-13.8	-24.1	-29.6	134	12	20	63	39	20.75	4	4	5	6	9	13	22	28	20	14	5	4	34.3166666666667	21.7	51.6666666666667	42.1333333333333	21.7666666666667	37.325	18.5	40.1	53.6	57.4	44	43.4	47.1	35.9	22.9	20.4	22	6.5	239.1	0.5	0.6743	134.3686	199.2599	0.8069	126.5828	156.8826	0.5399	5.7654	10.6788
EAA008	-32.5666666666667	-22.2333333333333	2.56666666666667	-14.1333333333333	0.975	-33.8	-34.3	-32.4	-23.3	-11	-0.4	4.9	3.2	-3.8	-14.3	-24.3	-29.6	156	16	23	71	46	23.5	5	6	6	7	10	15	25	31	23	16	7	5	34.2083333333333	22.1666666666667	51.4666666666667	41.1	22.1	36.45	19	40.3	53.4	57.7	43.3	42.2	46	35.1	22.5	21.4	22.4	7.2	217.8	0	0.5102	100.028	196.038	0.6521	100.0279	153.394	0	0	0
EAA009	-32.6	-22.3	2.36666666666667	-14.2666666666667	0.775	-33.8	-34.3	-32.4	-23.4	-11.1	-0.6	4.7	3	-4	-14.4	-24.4	-29.7	154	15	23	70	46	23.25	5	5	6	7	10	14	25	31	23	16	7	5	34.1333333333333	21.9666666666667	51.5	41.1666666666667	21.9	36.475	18.8	40.1	53.5	57.6	43.4	42.3	46.1	35.1	22.4	21.2	22.1	7	203.3	0	0.5096	99.2146	194.6819	0.6607	99.2145	150.1756	0	0	0
EAA010	-32.2	-22.2666666666667	3	-13.9333333333333	1.45	-32.8	-33.9	-31.7	-23.9	-11.2	0.2	5.5	3.3	-3.2	-13.8	-24.8	-29.9	83	9	10	41	23	12.75	3	3	3	3	4	6	16	19	10	9	4	3	36.0333333333333	22.9	54.7666666666667	47.2333333333333	19.2333333333333	41.5	18.9	41.1	55.9	58.3	50.1	51.3	50.9	39.5	24.3	14.4	19	8.7	250	2.5	0.4035	82.8329	205.2948	0.4971	82.8329	166.6326	0.2651	5.7697	21.7679
EAA011	-32.1666666666667	-22.2333333333333	3.03333333333333	-13.9333333333333	1.475	-32.8	-33.8	-31.7	-23.9	-11.1	0.3	5.5	3.3	-3.2	-13.8	-24.8	-29.9	83	9	10	41	23	12.75	3	3	3	3	4	6	16	19	10	9	4	3	36.0583333333333	22.8666666666667	54.8	47.3	19.2666666666667	41.575	18.9	41.1	55.9	58.4	50.1	51.4	51	39.5	24.4	14.4	19	8.6	251.6	2.5	0.4009	82.833	206.6069	0.4962	82.833	166.9384	0.2523	5.4954	21.7838
EAA012	-32.4333333333333	-22.1666666666667	2.4	-14.2666666666667	0.775	-33.6	-34.1	-32.2	-23.3	-11	-0.5	4.7	3	-4.1	-14.4	-24.3	-29.6	153	15	23	70	45	23.25	5	5	6	7	10	14	25	31	23	15	7	5	34.0666666666667	21.7	51.5666666666667	41.1	21.9	36.45	18.5	39.8	53.5	57.8	43.4	42.3	46	35	22.5	21.2	22	6.8	204.2	0	0.511	99.2219	194.1887	0.6555	99.2219	151.3609	0	0	0
EAA013	-32.3	-22.1333333333333	2.46666666666667	-14.2333333333333	0.825	-33.4	-34	-32.1	-23.3	-11	-0.4	4.8	3	-4.1	-14.4	-24.2	-29.5	146	14	21	68	43	22.5	4	5	5	6	10	14	24	30	22	15	6	5	34.075	21.5333333333333	51.7	41.3	21.7666666666667	36.625	18.3	39.7	53.6	57.8	43.7	42.6	46.2	35.1	22.6	20.9	21.8	6.6	208.6	0	0.6148	119.5338	194.4213	0.7101	107.879	151.9105	0	0	0
EAA014	-32.1666666666667	-21.9666666666667	2.7	-14.1	1.05	-33.4	-33.8	-32.1	-23.1	-10.7	-0.2	5	3.3	-3.9	-14.3	-24.1	-29.3	145	14	21	67	43	22.25	4	5	5	6	10	13	24	30	22	15	6	5	34.25	21.8333333333333	51.8	41.2	22.1666666666667	36.6	18.6	39.8	53.6	58.2	43.6	42.4	46.1	35.1	22.8	21.6	22.1	7.1	225.9	0	0.7308	142.4817	194.9727	0.8263	126.7769	153.4293	0	0	0
EAA015	-32.3	-22.2333333333333	2.26666666666667	-14.4666666666667	0.625	-33.4	-34	-32.2	-23.4	-11.1	-0.6	4.6	2.8	-4.3	-14.7	-24.4	-29.5	159	16	23	73	47	24.25	5	5	6	7	10	15	26	32	24	16	7	6	34	21.7333333333333	51.5666666666667	40.7	22	36.125	18.5	39.7	53.5	58	43.2	41.9	45.6	34.6	22.4	21.6	22	7	194.4	0	0.6004	115.5992	192.5419	0.7407	109.604	147.9697	0	0	0
EAA016	-32.2333333333333	-22.0666666666667	2.46666666666667	-14.2666666666667	0.825	-33.4	-33.9	-32.1	-23.2	-10.9	-0.4	4.8	3	-4.1	-14.5	-24.2	-29.4	150	15	22	69	44	23	5	5	5	7	10	14	24	31	23	15	6	5	34.1333333333333	21.7	51.7333333333333	41.1	22	36.475	18.5	39.7	53.6	58.1	43.5	42.3	46	35	22.6	21.5	21.9	6.9	208.6	0	0.7138	138.1828	193.5844	0.831	125.9088	151.506	0	0	0
EAA017	-32.2666666666667	-22.1333333333333	2.33333333333333	-14.2666666666667	0.725	-33.3	-34	-32	-23.4	-11	-0.5	4.7	2.8	-4.1	-14.4	-24.3	-29.5	142	13	20	67	42	22.25	4	4	5	6	9	13	24	30	22	14	6	5	33.9916666666667	21.2333333333333	51.7	41.4666666666667	21.5666666666667	36.75	18	39.4	53.6	57.7	43.8	42.9	46.4	35.1	22.6	20.6	21.5	6.3	199.2	0	0.5794	111.6778	192.7601	0.6845	103.4698	151.1517	0	0	0
EAA018	-32.1	-22.0333333333333	2.4	-14.5	0.7	-33.3	-33.7	-32.1	-23.1	-10.9	-0.4	4.7	2.9	-4.4	-14.8	-24.3	-29.3	162	16	24	73	49	24.5	5	5	6	7	11	15	26	32	25	17	7	6	34.1333333333333	22.1	51.6666666666667	40.2333333333333	22.5333333333333	35.825	18.9	39.7	53.4	58.6	43	41.3	45.1	34.3	22.6	22.7	22.3	7.7	202.2	0	0.5587	107.6529	192.6699	0.7208	107.6529	149.3554	0	0	0
EAA020	-32.3666666666667	-22.4333333333333	1.86666666666667	-14.6666666666667	0.25	-33.3	-34.1	-32.1	-23.8	-11.4	-0.9	4.2	2.3	-4.6	-14.8	-24.6	-29.7	147	14	22	69	42	22.75	4	5	6	7	9	14	24	31	22	14	6	5	33.6916666666667	20.7333333333333	51.6666666666667	41.4333333333333	20.9333333333333	36.65	17.4	39.1	53.6	57.4	44	43.1	46.4	34.8	22.3	19.6	20.9	5.7	165.9	0	0.5153	96.9894	188.2219	0.6724	96.9893	144.236	0	0	0
EAA021	-32.2	-22.3666666666667	1.86666666666667	-14.7	0.25	-33.1	-33.9	-32	-23.8	-11.3	-0.9	4.2	2.3	-4.6	-14.9	-24.6	-29.6	143	13	20	68	42	22.5	4	4	5	6	9	13	24	31	22	14	6	5	33.675	20.5666666666667	51.7666666666667	41.4333333333333	20.9333333333333	36.65	17.2	38.9	53.7	57.6	44	43.1	46.4	34.8	22.3	19.7	20.8	5.6	165.9	0	0.7178	134.3081	187.1187	0.8047	115.8793	144.0032	0	0	0
EAA022	-32.0333333333333	-22.2333333333333	1.96666666666667	-14.7	0.3	-33	-33.7	-31.9	-23.6	-11.2	-0.7	4.3	2.3	-4.7	-14.9	-24.5	-29.4	146	13	21	69	43	23	4	4	5	7	9	14	24	31	23	14	6	5	33.7083333333333	20.7	51.7666666666667	41.0333333333333	21.3333333333333	36.375	17.3	38.8	53.6	58	43.7	42.6	46	34.5	22.4	20.6	21	6	171	0	0.7399	137.9176	186.3921	0.8111	117.6799	145.0933	0	0	0
EAA023	-32.8333333333333	-22.7666666666667	1.76666666666667	-15.1333333333333	0.0999999999999999	-33.5	-34.6	-32.4	-24.4	-11.5	-0.8	4.1	2	-4.9	-15.2	-25.3	-30.4	125	12	18	59	36	19.5	4	4	4	5	9	11	21	27	19	12	5	4	33.7333333333333	20.2	52.2	42.5	20.0333333333333	37.45	16.7	38.8	54	57.3	45.3	44.7	47.3	35.5	22.3	18	19.8	5.1	156.4	0	0.4741	88.9615	187.6529	0.6168	88.9615	144.2309	0	0	0
EAA024	-32.8	-22.6333333333333	1.86666666666667	-15.0333333333333	0.225	-33.5	-34.5	-32.2	-24.3	-11.4	-0.7	4.2	2.1	-4.7	-15.2	-25.2	-30.4	120	10	17	58	35	19	3	3	4	5	8	11	20	27	18	12	5	4	33.7833333333333	20.1666666666667	52.2666666666667	42.7333333333333	19.9666666666667	37.65	16.6	38.8	54.1	57.3	45.4	45	47.5	35.7	22.4	17.8	19.7	5.1	163.2	0	0.4632	87.8224	189.6059	0.5988	87.8224	146.6641	0	0	0
EAA025	-31.9	-22.1666666666667	1.93333333333333	-14.6666666666667	0.275	-32.7	-33.6	-31.7	-23.7	-11.1	-0.7	4.3	2.2	-4.7	-14.9	-24.4	-29.4	139	12	20	66	41	22	4	4	5	6	9	13	23	30	22	13	6	4	33.6583333333333	20.1666666666667	52	41.5666666666667	20.9	36.8	16.8	38.4	53.8	57.9	44.3	43.4	46.5	34.8	22.5	19.7	20.5	5.3	168.6	0	0.7146	132.5714	185.5116	0.8179	118.901	145.3654	0	0	0
EAA026	-31.8333333333333	-22.2666666666667	1.7	-15.1666666666667	-0.0250000000000001	-32.6	-33.5	-31.7	-23.9	-11.2	-0.8	4	1.9	-5.2	-15.6	-24.7	-29.4	138	11	19	67	41	22.25	4	3	5	6	8	13	23	31	22	13	6	4	33.3416666666667	19.5333333333333	52.0666666666667	41.1	20.6666666666667	36.4	16	37.6	53.9	58.2	44.1	43.1	46.1	34.1	22.3	19.8	19.9	5	150.8	0	0.7294	133.1675	182.5768	0.806	114.5371	142.0968	0	0	0
EAA027	-32.2333333333333	-22.3	2.56666666666667	-15.9333333333333	0.575	-33.1	-33.7	-32.5	-23.7	-10.7	0.4	4.7	2.6	-5.4	-16.7	-25.7	-29.9	138	14	19	60	45	20.75	5	4	5	6	8	12	22	26	23	16	6	5	33.625	20.4666666666667	52.3	39.2333333333333	22.5	35.25	17	37	53.3	59.8	43.8	40.9	43.8	33	23.3	23.7	20.5	7.4	205.1	0	0.5339	101.2967	189.7186	0.6745	99.3928	147.3525	0	0	0
EAA028	-33.0666666666667	-23.2	1.26666666666667	-16.1	-0.525	-33.6	-34.8	-32.7	-25	-11.9	-1.1	3.6	1.3	-5.9	-16.4	-26	-30.8	125	11	18	60	36	19.75	4	3	4	5	9	12	21	27	19	12	5	4	33.1583333333333	18.9666666666667	52.3666666666667	42.1	19.2	37.05	15.2	37.5	54.2	57.6	45.3	44.8	46.9	34.6	21.9	17.1	18.6	4.2	122.3	0	0.6909	124.7519	180.5526	0.7638	105.6939	138.3819	0	0	0
EAA029	-33.0666666666667	-23.0666666666667	1.53333333333333	-16.0666666666667	-0.3	-33.6	-34.8	-32.7	-24.9	-11.6	-0.8	3.8	1.6	-5.8	-16.4	-26	-30.8	119	9	18	57	35	18.75	3	3	4	5	9	11	20	26	18	12	5	3	33.2916666666667	18.9666666666667	52.5333333333333	42.3	19.3666666666667	37.275	15.2	37.5	54.3	57.8	45.5	45	47.1	34.8	22.2	17.3	18.6	4.2	137.6	0	0.6405	117.4825	183.4131	0.7753	108.5933	140.0593	0	0	0
EAA030	-32.0666666666667	-22.4333333333333	1.86666666666667	-15.5	0.0499999999999998	-32.8	-33.7	-32.1	-24	-11.2	-0.5	4.1	2	-5.4	-16	-25.1	-29.7	130	10	18	63	39	21	3	3	4	6	8	12	22	29	21	13	5	4	33.25	19.2666666666667	52.1333333333333	40.7666666666667	20.8333333333333	36.2	15.7	37.1	53.8	58.5	44.1	42.8	45.7	33.8	22.5	20.3	19.7	5	159.3	0	0.6885	125.7669	182.6618	0.8037	114.3523	142.2766	0	0	0
EAA031	-32.1333333333333	-22.6333333333333	1.6	-15.7666666666667	-0.225	-32.8	-33.8	-32.2	-24.3	-11.4	-0.8	3.9	1.7	-5.7	-16.3	-25.3	-29.8	138	12	19	66	41	22	4	3	5	6	8	13	23	30	22	13	6	5	33.0333333333333	18.9666666666667	52.0333333333333	40.4666666666667	20.6666666666667	35.925	15.4	36.7	53.7	58.4	44	42.6	45.4	33.4	22.3	20.3	19.4	4.8	142.8	0	0.7465	135.0221	180.8675	0.8164	114.2356	139.9254	0	0	0
EAA032	-33.1	-23.3	1.2	-16.3333333333333	-0.65	-33.6	-34.9	-32.9	-25.1	-11.9	-1.2	3.5	1.3	-6.2	-16.7	-26.1	-30.8	129	12	20	60	37	20	4	4	5	6	9	12	21	27	20	12	5	4	32.9166666666667	18.5333333333333	52.2333333333333	41.5666666666667	19.3333333333333	36.625	14.8	37	54	57.8	44.9	44.2	46.5	34	21.8	17.8	18.4	3.8	118.2	0	0.7034	125.7895	178.8284	0.7916	106.9689	135.1246	0	0	0
EAA033	-33.5	-23.6666666666667	0.9	-16.9666666666667	-1.025	-33.9	-35.3	-33.3	-25.5	-12.2	-1.4	3.2	0.9	-6.8	-17.4	-26.7	-31.3	136	13	21	63	39	20.75	4	4	5	6	10	13	22	28	20	13	6	5	32.6666666666667	18.2666666666667	52.2333333333333	41.3333333333333	18.8333333333333	36.375	14.5	36.7	54.1	57.7	44.9	44.2	46.2	33.6	21.5	17.1	17.9	3.6	99.7	0	0.7589	134.65	177.4355	0.8311	109.9285	132.2617	0	0	0
EAA034	-33.0666666666667	-23.3	1.36666666666667	-16.6666666666667	-0.6	-33.5	-34.8	-33	-25.2	-11.7	-0.9	3.6	1.4	-6.5	-17.1	-26.4	-30.9	117	9	17	57	34	19	3	3	4	5	8	11	20	26	19	11	4	3	32.7	17.8	52.3666666666667	41.3666666666667	19.2666666666667	36.525	14	36	54.1	58.1	44.9	44.1	46.3	33.7	22	17.9	17.9	3.4	125.9	0	0.6538	116.8743	178.7491	0.7609	103.9713	136.6435	0	0	0
EAA035	-33.5666666666667	-23.7	0.966666666666667	-17.1333333333333	-1.025	-34	-35.4	-33.4	-25.6	-12.1	-1.3	3.2	1	-7	-17.6	-26.8	-31.3	130	12	20	61	37	20.25	4	4	5	6	9	12	22	27	20	12	5	4	32.4833333333333	17.7333333333333	52.2	41.0666666666667	18.9333333333333	36.2	14	36	54	57.9	44.7	43.9	46	33.3	21.6	17.5	17.7	3.2	102.3	0	0.726	129.4413	178.2838	0.7887	103.8732	131.6971	0	0	0
EAA036	-35.2	-24.9333333333333	1.5	-18.1	-0.55	-35.1	-37.5	-35.4	-27	-12.4	-0.6	3.5	1.6	-6.7	-18.9	-28.7	-33	162	20	24	63	55	21.75	7	5	8	8	8	10	25	28	24	19	12	8	27.9666666666667	9.03333333333333	47.7666666666667	34.5333333333333	20.5333333333333	32.875	6.3	19	47.5	53.4	42.4	37.8	38.5	27.3	27.9	24	9.7	1.8	130	0	0.5983	97.203	162.4559	0.6424	82.5741	128.5301	0	0	0
EAA037	-36.7666666666667	-26.1333333333333	1.83333333333333	-21.1666666666667	-0.9	-37	-38.6	-37.6	-28.5	-12.3	0.2	3.9	1.4	-9.1	-22.4	-32	-34.7	105	14	16	44	31	14.75	5	4	5	5	6	10	17	17	15	11	5	5	30.325	13.8	51.1	36.9333333333333	19.4666666666667	33.425	10.3	28.9	52	58.1	43.2	40	41.7	29.1	22.9	21.2	14.3	2.2	148.6	0	0.5801	101.3543	174.7165	0.7342	98.7952	134.5623	0	0	0
EAA038	-37.1333333333333	-26.4666666666667	1.5	-21.4	-1.2	-37.1	-39.2	-37.8	-28.9	-12.7	-0.2	3.6	1.1	-9.3	-22.7	-32.2	-35.1	132	12	19	55	46	19	4	3	6	6	7	12	21	22	21	16	9	5	29.2666666666667	12	49.9666666666667	35.4	19.7	32.625	8.8	25.1	50.4	56.7	42.8	38.6	39.9	27.7	24.3	22.5	12.3	2.1	127.5	0	0.5448	93.6337	171.8643	0.7254	93.5957	129.0255	0	0	0
EAA039	-37.2333333333333	-26.5666666666667	1.33333333333333	-21.5	-1.35	-37.2	-39.3	-37.9	-29	-12.8	-0.3	3.4	0.9	-9.4	-22.8	-32.3	-35.2	138	14	20	57	47	19.75	5	4	6	7	7	12	22	23	22	16	9	5	29.1916666666667	12	49.9	35.2333333333333	19.6333333333333	32.475	8.8	25.1	50.4	56.6	42.7	38.4	39.7	27.6	24.2	22.5	12.2	2.1	116.3	0	0.5624	95.8798	170.4978	0.6904	87.2872	126.4354	0	0	0
EAA040	-37.0666666666667	-26.4333333333333	1.53333333333333	-21.4	-1.175	-37.1	-39.1	-37.8	-28.8	-12.7	-0.1	3.6	1.1	-9.3	-22.7	-32.2	-35	130	12	18	55	45	19	4	3	5	6	7	12	21	22	21	16	8	5	29.2833333333333	12.0333333333333	49.9666666666667	35.4333333333333	19.7	32.65	8.8	25.2	50.4	56.7	42.8	38.6	39.9	27.8	24.3	22.5	12.3	2.1	128.9	0	0.5518	94.9693	172.1024	0.6966	90.0302	129.2372	0	0	0
EAA041	-36.4	-25.6666666666667	2.66666666666667	-20.7	-0.1	-36.5	-38.4	-37.2	-28.1	-11.7	1	4.7	2.3	-8.4	-22.1	-31.6	-34.3	86	5	10	39	32	13.75	2	1	2	4	4	8	15	16	16	11	5	2	29.9	12.1333333333333	50.7333333333333	36.6666666666667	20.0666666666667	33.7	8.7	25.7	51.1	57.5	43.6	39.8	41.3	28.9	24.8	22.6	12.8	2	205.5	0	0.4847	85.9726	177.3789	0.6098	85.9726	140.9867	0	0	0
EAA042	-36.3	-25.6	2.63333333333333	-20.4666666666667	-0.0749999999999997	-36.4	-38.3	-37	-28	-11.8	0.9	4.7	2.3	-8.2	-21.8	-31.4	-34.2	85	3	8	41	33	14.5	1	1	1	3	4	8	16	17	17	12	4	1	29.6416666666667	11.5333333333333	50.4666666666667	36.4333333333333	20.1333333333333	33.65	8.2	24.6	50.7	57.1	43.6	39.6	41	28.7	25.3	22.8	12.3	1.8	203.9	0	0.4873	84.9884	174.4013	0.6035	84.9884	140.8148	0	0	0
EAA043	-38.2	-27.3666666666667	1.3	-22.6666666666667	-1.575	-38.2	-40.2	-39.1	-30	-13	-0.3	3.4	0.8	-10.2	-24.1	-33.7	-36.2	117	13	17	50	37	16.75	4	4	5	6	6	12	19	19	17	13	7	5	29.025	11.6	50.1333333333333	35.4	18.9666666666667	32.4	8.3	25.3	50.8	56.9	42.7	38.8	40	27.4	23.4	21.5	12	1.2	114.4	0	0.5119	87.0003	169.9509	0.6893	86.9932	126.1997	0	0	0
EAA044	-37.4333333333333	-26.6	2.03333333333333	-21.7333333333333	-0.8	-37.5	-39.4	-38.2	-29.2	-12.4	0.4	4.1	1.6	-9.3	-23.1	-32.8	-35.4	96	7	12	43	34	14.75	2	2	3	4	5	9	17	17	16	12	6	3	29.175	11.1333333333333	50.2666666666667	35.9	19.4	33.025	7.8	24.4	50.7	57	43.1	39.2	40.5	28	24.4	22	11.8	1.2	161.9	0	0.5537	95.5564	172.586	0.6993	93.9999	134.411	0	0	0
EAA045	-38.4666666666667	-27.5666666666667	1.2	-22.9	-1.7	-38.5	-40.4	-39.3	-30.2	-13.2	-0.4	3.3	0.7	-10.4	-24.3	-34	-36.5	122	16	19	49	38	16.5	5	5	6	6	7	12	19	18	17	13	8	6	28.7666666666667	11.1666666666667	49.9666666666667	35.1666666666667	18.7666666666667	32.225	7.9	24.7	50.6	56.7	42.6	38.6	39.8	27.1	23.4	21.4	11.5	0.9	108.3	0	0.5532	94.4441	170.7373	0.7185	89.8506	125.0536	0	0	0
EAA046	-37.8333333333333	-26.9333333333333	1.9	-22.2	-1	-37.9	-39.8	-38.7	-29.6	-12.5	0.3	4	1.4	-9.7	-23.6	-33.3	-35.8	92	9	12	41	30	13.75	3	3	3	4	5	9	16	16	14	11	5	3	29.3083333333333	11.5	50.5333333333333	36.1666666666667	19.0333333333333	33.025	8.1	25.5	51.2	57.3	43.1	39.5	40.9	28.1	23.6	21.4	12.1	0.9	153.2	0	0.529	91.6607	173.2809	0.6748	90.2651	133.7623	0	0	0
EAQ001	-23.1666666666667	-13.2666666666667	4.36666666666667	-4.1	3.7	-24.7	-25.2	-21.7	-13.7	-4.4	1.5	6	5.6	1.7	-3.9	-10.1	-19.6	475	81	80	177	137	57	27	24	25	26	29	46	66	65	51	46	40	30	28.4666666666667	23.5666666666667	39.2333333333333	34.2666666666667	16.8	30.925	21.4	34.5	45.2	45.2	27.3	31.2	36.3	35.3	20.9	15	14.5	14.8	419.3	29.7	0.8437	209.3605	248.1363	0.8485	183.7245	216.5361	0.6872	55.8283	81.2361
EAQ002	-22.0333333333333	-12.8333333333333	4.43333333333333	-3.5	3.825	-23.6	-24.1	-21	-13.3	-4.2	1.6	6	5.7	2	-3.3	-9.2	-18.4	430	70	70	167	123	53.25	23	21	21	23	26	43	63	61	46	42	35	26	28.9	23.7	39.6666666666667	34.7666666666667	17.4666666666667	31.4	21.7	34.2	45.8	45.6	27.6	31.4	36.8	36.1	21.3	15.7	15.4	15.2	433	31.9	0.8948	222.997	249.2081	0.9004	197.9769	219.8685	0.7988	68.1731	85.3415
EAQ003	-21.5333333333333	-12.5333333333333	4.3	-3.2	3.775	-23.1	-23.6	-20.5	-13.1	-4	1.5	5.8	5.6	2.2	-3.1	-8.7	-17.9	410	63	66	165	116	52	21	19	19	22	25	43	63	59	43	40	33	23	29	23.4666666666667	39.8666666666667	35	17.6666666666667	31.6	21.7	33.8	46.1	45.7	27.8	31.5	37	36.5	21.4	16.1	15.5	14.9	427.2	25.6	0.8697	216.5174	248.9669	0.8682	191.841	220.9562	0.8011	64.6665	80.7186
EAQ004	-21.3	-12.3666666666667	4.4	-3	3.9	-22.9	-23.4	-20.3	-12.9	-3.9	1.6	5.9	5.7	2.4	-2.9	-8.5	-17.6	402	61	63	163	115	51.5	21	18	18	21	24	42	63	58	43	40	32	22	29.1333333333333	23.5666666666667	39.9666666666667	35.1666666666667	17.8333333333333	31.775	21.8	33.8	46.2	45.8	27.9	31.6	37.2	36.7	21.6	16.2	15.7	15.1	441.4	30	0.856	214.807	250.9521	0.8517	190.5107	223.6959	0.7681	65.1186	84.7767
GA001	-3.7	0.233333333333333	7.7	2.4	7.25	-4.2	-3.7	-3.2	0.2	3.7	6.3	8.4	8.4	5.9	2.1	-0.8	-3.2	1592	429	368	354	441	128.75	149	134	119	136	113	119	105	130	161	131	149	146	29.5916666666667	15.2	35	38.2666666666667	29.9	37.7	12.1	21.2	31.9	37	36.1	38.3	37.3	39.2	36	31.3	22.4	12.3	1060.2	255.8	0.3852	141.1856	366.5164	0.384	140.4779	365.8087	0.3641	82.8348	227.5134
GA002	-3.7	0.233333333333333	7.7	2.4	7.25	-4.2	-3.7	-3.2	0.2	3.7	6.3	8.4	8.4	5.9	2.1	-0.8	-3.2	1592	429	368	354	441	128.75	149	134	119	136	113	119	105	130	161	131	149	146	29.5916666666667	15.2	35	38.2666666666667	29.9	37.7	12.1	21.2	31.9	37	36.1	38.3	37.3	39.2	36	31.3	22.4	12.3	1060.2	255.8	0.3852	141.1856	366.5164	0.384	140.4779	365.8087	0.3641	82.8348	227.5134
GA003	-3.9	-0.4	6.8	1.9	6.425	-4.3	-4	-3.5	-0.5	2.8	5.4	7.5	7.5	5.3	1.6	-1.2	-3.4	1916	535	452	402	527	148.25	188	170	146	169	137	139	115	148	191	157	179	177	29.85	14.9	34.7333333333333	39.6333333333333	30.1333333333333	38.775	11.8	20.4	31	36.7	36.5	39.8	38.8	40.3	36.2	31.7	22.5	12.5	905	165.8	0.3747	134.6291	359.3411	0.37	131.994	356.7061	0.4026	79.3839	197.1888
GA004	-3.9	-0.633333333333333	6.46666666666667	1.7	6.1	-4.3	-4	-3.6	-0.7	2.4	5	7.2	7.2	5	1.4	-1.3	-3.4	2037	574	484	420	559	155.75	203	183	156	181	147	147	118	155	203	166	190	188	30.0083333333333	14.7666666666667	34.7	40.3	30.2666666666667	39.3	11.7	20	30.7	36.7	36.7	40.4	39.6	40.9	36.3	31.9	22.6	12.6	845.2	135.3	0.4023	143.5629	356.8436	0.3979	140.9361	354.2167	0.3849	69.9373	181.7029
GA005	-3.5	-0.3	6.7	2.1	6.375	-3.9	-3.6	-3.3	-0.3	2.7	5.2	7.4	7.5	5.4	1.8	-0.9	-3	2036	574	485	419	558	155.5	203	183	156	182	147	147	118	154	203	166	189	188	30.1666666666667	14.7666666666667	34.8333333333333	40.6333333333333	30.4333333333333	39.625	11.7	20	30.7	36.8	37	40.7	39.9	41.3	36.6	32	22.7	12.6	905.5	160.7	0.4235	153.1393	361.607	0.4235	153.1393	361.607	0.4241	82.6517	194.8825
GA006	-3.8	0.133333333333333	7.6	2.3	7.15	-4.3	-3.8	-3.3	0.1	3.6	6.2	8.3	8.3	5.8	2	-0.9	-3.3	1610	437	373	355	445	129.5	152	137	121	138	114	120	105	130	163	133	149	148	29.625	15.1666666666667	34.9666666666667	38.4333333333333	29.9333333333333	37.85	12.1	21.1	31.8	36.9	36.2	38.5	37.5	39.3	36.1	31.3	22.4	12.3	1039.5	244.5	0.3625	132.3487	365.0768	0.3606	131.2285	363.9565	0.3682	82.4477	223.9178
GA007	-3.5	0.4	7.8	2.6	7.375	-4	-3.5	-3	0.4	3.8	6.4	8.5	8.5	6.1	2.3	-0.6	-3	1607	436	373	354	444	129.25	151	137	121	138	114	120	104	130	163	133	148	148	29.75	15.1333333333333	35.1	38.7	30.0666666666667	38.1	12	21.1	31.9	37	36.4	38.7	37.8	39.6	36.3	31.4	22.5	12.3	1089.8	269.7	0.3707	136.729	368.8886	0.3706	136.6979	368.8575	0.3484	81.6377	234.3416
GA008	-3.8	0.133333333333333	7.6	2.3	7.15	-4.3	-3.8	-3.3	0.1	3.6	6.2	8.3	8.3	5.8	2	-0.9	-3.3	1610	437	373	355	445	129.5	152	137	121	138	114	120	105	130	163	133	149	148	29.625	15.1666666666667	34.9666666666667	38.4333333333333	29.9333333333333	37.85	12.1	21.1	31.8	36.9	36.2	38.5	37.5	39.3	36.1	31.3	22.4	12.3	1039.5	244.5	0.3625	132.3487	365.0768	0.3606	131.2285	363.9565	0.3682	82.4477	223.9178
GA009	-3.5	0.4	7.8	2.6	7.375	-4	-3.5	-3	0.4	3.8	6.4	8.5	8.5	6.1	2.3	-0.6	-3	1607	436	373	354	444	129.25	151	137	121	138	114	120	104	130	163	133	148	148	29.75	15.1333333333333	35.1	38.7	30.0666666666667	38.1	12	21.1	31.9	37	36.4	38.7	37.8	39.6	36.3	31.4	22.5	12.3	1089.8	269.7	0.3707	136.729	368.8886	0.3706	136.6979	368.8575	0.3484	81.6377	234.3416
GA010	-3.16666666666667	0	6.9	2.43333333333333	6.6	-3.6	-3.3	-2.9	0	2.9	5.4	7.6	7.7	5.7	2.1	-0.5	-2.6	2093	593	500	426	574	158.75	210	190	160	188	152	151	118	157	209	171	194	193	30.375	14.6	34.9333333333333	41.3333333333333	30.6333333333333	40.225	11.4	19.8	30.6	36.9	37.3	41.4	40.6	42	36.9	32.2	22.8	12.6	955.5	182.7	0.4397	160.6648	365.4196	0.4397	160.6648	365.4196	0.4371	89.4548	204.6508
GA011	-4.56666666666667	-0.533333333333333	7.03333333333333	1.53333333333333	6.575	-5	-4.6	-4	-0.6	3	5.7	7.8	7.6	5.2	1.2	-1.8	-4.1	1647	449	383	362	453	131.75	156	141	124	142	117	122	107	133	165	135	153	152	29.375	15.0666666666667	34.8	38	29.6333333333333	37.425	12	21	31.7	36.8	35.9	38.1	37.1	38.8	35.7	31.1	22.1	12.2	915.6	182.9	0.3731	132.577	355.3265	0.3507	120.2414	342.8304	0.345	69.3134	200.9354
GA013	-6.2	-1.9	5.93333333333333	-0.0666666666666666	5.375	-6.6	-6.2	-5.5	-2.1	1.9	4.6	6.8	6.4	3.7	-0.4	-3.5	-5.8	1637	443	377	366	451	132	154	137	124	138	115	121	110	135	162	133	156	152	28.6166666666667	15.1	34.2333333333333	36.3	28.8333333333333	35.825	12.2	21.2	31.6	36.3	34.8	36.6	35.3	37	34.4	30.5	21.6	11.9	696.1	83.3	0.3613	121.017	334.9321	0.3387	106.7874	315.3011	0.3278	47.1098	143.7223
GA014	-4.56666666666667	-0.5	7.13333333333333	1.53333333333333	6.65	-5	-4.6	-4	-0.6	3.1	5.8	7.9	7.7	5.2	1.2	-1.8	-4.1	1617	438	375	357	447	130	152	137	122	138	115	120	106	131	163	133	151	149	29.3416666666667	15.0666666666667	34.8	37.8666666666667	29.6333333333333	37.325	12	21.1	31.8	36.8	35.8	38	36.9	38.7	35.7	31.1	22.1	12.1	927.8	191.4	0.38	135.1177	355.6008	0.3578	122.7652	343.143	0.353	71.8061	203.4232
GA015	-4.76666666666667	-0.7	6.93333333333333	1.33333333333333	6.45	-5.2	-4.8	-4.2	-0.8	2.9	5.6	7.7	7.5	5	1	-2	-4.3	1619	440	375	358	446	130	153	137	122	138	115	120	106	132	162	133	151	150	29.225	15.0666666666667	34.7	37.6333333333333	29.5	37.1	12	21.1	31.8	36.7	35.6	37.8	36.7	38.4	35.5	31	22	12.1	890	171.3	0.3641	128.2842	352.3726	0.3412	115.8261	339.4954	0.3386	66.0895	195.1845
GA016	-2.76666666666667	0.3	7.2	2.8	6.9	-3.2	-2.9	-2.6	0.3	3.2	5.7	7.9	8	6	2.5	-0.1	-2.2	2095	595	501	425	574	158.75	211	191	160	189	152	151	117	157	210	171	193	193	30.5333333333333	14.5333333333333	35.1	41.7	30.8	40.575	11.3	19.7	30.7	37	37.6	41.7	41	42.4	37.2	32.3	22.9	12.6	1023.3	214.6	0.4269	157.9914	370.0851	0.4269	157.9914	370.0851	0.4221	92.1438	218.3241
GA017	-2.76666666666667	0.3	7.2	2.8	6.9	-3.2	-2.9	-2.6	0.3	3.2	5.7	7.9	8	6	2.5	-0.1	-2.2	2095	595	501	425	574	158.75	211	191	160	189	152	151	117	157	210	171	193	193	30.5333333333333	14.5333333333333	35.1	41.7	30.8	40.575	11.3	19.7	30.7	37	37.6	41.7	41	42.4	37.2	32.3	22.9	12.6	1023.3	214.6	0.4537	167.8944	370.058	0.4537	167.8944	370.058	0.463	101.0751	218.3151
GA018	-4.56666666666667	-0.433333333333333	7.23333333333333	1.63333333333333	6.75	-5	-4.6	-4	-0.5	3.2	5.9	8	7.8	5.3	1.3	-1.7	-4.1	1579	428	366	349	436	127	148	134	119	135	112	117	104	128	159	130	147	146	29.35	15	34.9	37.8666666666667	29.6333333333333	37.35	11.9	21.2	32	36.9	35.8	38	36.9	38.7	35.8	31	22.1	11.9	947	201.7	0.3707	131.9841	356.0182	0.3485	119.7905	343.7017	0.3388	70.9002	209.2675
GA019	-4.56666666666667	-0.433333333333333	7.23333333333333	1.63333333333333	6.75	-5	-4.6	-4	-0.5	3.2	5.9	8	7.8	5.3	1.3	-1.7	-4.1	1579	428	366	349	436	127	148	134	119	135	112	117	104	128	159	130	147	146	29.35	15	34.9	37.8666666666667	29.6333333333333	37.35	11.9	21.2	32	36.9	35.8	38	36.9	38.7	35.8	31	22.1	11.9	947	201.7	0.3707	131.9841	356.0182	0.3485	119.7905	343.7017	0.3388	70.9002	209.2675
GA020	-4.63333333333333	-0.566666666666666	7.1	1.53333333333333	6.625	-5.1	-4.6	-4.1	-0.6	3	5.7	7.9	7.7	5.2	1.2	-1.8	-4.2	1630	446	380	356	448	130	155	140	123	141	116	120	105	131	164	134	150	151	29.4166666666667	14.9	34.9	38.1666666666667	29.7	37.6	11.8	21	31.9	36.8	36	38.3	37.2	39	35.9	31	22.2	11.9	921.8	189	0.3742	132.7074	354.688	0.3521	120.6023	342.4755	0.3477	69.969	201.2416
GA021	-4.43333333333333	-0.133333333333333	7.56666666666667	1.83333333333333	7.075	-4.9	-4.4	-3.8	-0.2	3.6	6.2	8.3	8.2	5.6	1.5	-1.6	-4	1528	413	355	339	421	123.5	143	129	115	131	109	114	101	124	155	126	140	141	29.425	14.9	35.0666666666667	38	29.7333333333333	37.525	11.7	21.3	32.3	37	35.9	38.1	37	38.9	36.1	31	22.1	11.7	1008.3	237.2	0.3641	130.8546	359.413	0.3507	123.4341	351.9926	0.3384	74.4341	219.9575
GA022	-4.43333333333333	-0.133333333333333	7.56666666666667	1.83333333333333	7.075	-4.9	-4.4	-3.8	-0.2	3.6	6.2	8.3	8.2	5.6	1.5	-1.6	-4	1528	413	355	339	421	123.5	143	129	115	131	109	114	101	124	155	126	140	141	29.425	14.9	35.0666666666667	38	29.7333333333333	37.525	11.7	21.3	32.3	37	35.9	38.1	37	38.9	36.1	31	22.1	11.7	1008.3	237.2	0.3641	130.8546	359.413	0.3507	123.4341	351.9926	0.3384	74.4341	219.9575
GA023	-4.96666666666667	-0.166666666666667	7.4	1.66666666666667	6.925	-5.5	-4.9	-4.2	-0.3	4	6.1	8	8.1	5.5	1.4	-1.9	-4.5	852	182	171	257	242	87	57	51	59	56	56	73	93	91	91	72	79	74	27.5666666666667	14.4333333333333	34.7333333333333	33.2333333333333	27.8666666666667	33.1	11.2	21	32.2	37	35	33.8	31.7	34.2	32.7	30.1	20.8	11.1	997.2	221.7	0.4826	166.0366	344.0796	0.4646	154.297	332.1384	0.4329	91.4607	211.2783
GA024	-4.96666666666667	-0.166666666666667	7.4	1.66666666666667	6.925	-5.5	-4.9	-4.2	-0.3	4	6.1	8	8.1	5.5	1.4	-1.9	-4.5	852	182	171	257	242	87	57	51	59	56	56	73	93	91	91	72	79	74	27.5666666666667	14.4333333333333	34.7333333333333	33.2333333333333	27.8666666666667	33.1	11.2	21	32.2	37	35	33.8	31.7	34.2	32.7	30.1	20.8	11.1	997.2	221.7	0.4826	166.0366	344.0796	0.4646	154.297	332.1384	0.4329	91.4607	211.2783
GA025	-5.5	-0.666666666666667	6.96666666666667	1.13333333333333	6.475	-6	-5.4	-4.7	-0.8	3.5	5.7	7.6	7.6	5	0.9	-2.5	-5.1	879	189	178	263	249	89	60	53	61	59	58	75	95	93	93	74	82	76	27.4416666666667	14.4333333333333	34.5666666666667	33.0666666666667	27.7	32.925	11.2	21	32.1	36.8	34.8	33.6	31.6	34	32.5	29.9	20.7	11.1	907.9	174.1	0.4429	149.6001	337.7863	0.4207	136.2766	323.9446	0.3728	71.4369	191.6002
GA026	-4.96666666666667	-0.166666666666667	7.4	1.66666666666667	6.925	-5.5	-4.9	-4.2	-0.3	4	6.1	8	8.1	5.5	1.4	-1.9	-4.5	852	182	171	257	242	87	57	51	59	56	56	73	93	91	91	72	79	74	27.5666666666667	14.4333333333333	34.7333333333333	33.2333333333333	27.8666666666667	33.1	11.2	21	32.2	37	35	33.8	31.7	34.2	32.7	30.1	20.8	11.1	997.2	221.7	0.4826	166.0366	344.0796	0.4646	154.297	332.1384	0.4329	91.4607	211.2783
GA027	-6.63333333333333	-1.23333333333333	7.26666666666667	0.266666666666667	6.575	-7.1	-6.5	-5.6	-1.4	3.3	6.1	8.1	7.6	4.5	-0.1	-3.6	-6.3	1036	257	225	266	288	93	84	76	76	79	70	81	88	97	106	86	96	97	27.9583333333333	14.8666666666667	34.8	34	28.1666666666667	34.075	11.8	22.2	33.3	36.8	34.3	34.2	32.7	35.1	34.3	29.3	20.9	10.6	890.1	192.7	0.355	120.0686	338.2252	0.3283	105.4333	321.1043	0.2654	51.7965	195.1918
GA028	-5.9	-0.566666666666667	7.9	1.03333333333333	7.225	-6.4	-5.7	-4.9	-0.7	3.9	6.7	8.7	8.3	5.2	0.7	-2.8	-5.6	1008	248	220	260	280	91	81	73	74	77	69	80	86	94	104	84	92	94	28.2416666666667	14.8666666666667	35.0666666666667	34.5333333333333	28.5	34.6	11.7	22.2	33.5	37	34.7	34.7	33.2	35.7	34.8	29.6	21.1	10.7	1008.5	260.3	0.403	140.1831	347.8063	0.3819	127.3261	333.4449	0.3426	75.8494	221.3669
GA029	-5.13333333333333	-0.2	7.5	1.5	6.975	-5.6	-5.1	-4.3	-0.3	4	6.3	8.2	8	5.4	1.2	-2.1	-4.7	854	189	172	247	246	84.5	58	56	60	56	56	69	89	89	91	73	82	75	27.5	14.1666666666667	34.7	33.3666666666667	27.7666666666667	33.15	11	20.5	32	36.9	35.2	34	31.7	34.4	32.5	30.2	20.6	11	997.9	228.5	0.4812	165.3758	343.6477	0.4626	153.3527	331.4802	0.4242	90.332	212.9621
GA030	-5.8	-0.9	7.03333333333333	0.733333333333333	6.425	-6.2	-5.8	-5	-1	3.3	5.9	7.8	7.4	4.6	0.4	-2.8	-5.4	939	224	197	247	271	86.25	68	72	70	64	63	69	87	91	98	80	93	84	27.2416666666667	13.9666666666667	34.3666666666667	33.2666666666667	27.3666666666667	32.9	11	19.9	31.5	36.6	35	34.2	31.4	34.2	31.8	30.1	20.2	11	883.5	173.5	0.4119	137.9847	334.9781	0.3882	124.4579	320.6304	0.31	58.784	189.6239
GA031	-4.06666666666667	0.5	8.13333333333333	2.3	7.6	-4.4	-4.1	-3.4	0.5	4.4	7	9	8.4	6	1.9	-1	-3.7	948	233	199	236	280	84	69	79	71	64	64	64	82	90	100	82	98	85	27.3083333333333	13.6333333333333	34.2666666666667	33.6333333333333	27.7	33.2	10.7	18.9	30.9	36.7	35.2	35.1	31.3	34.5	31.9	30.8	20.4	11.3	1122.8	300.6	0.417	146.1918	350.6093	0.4142	144.1214	347.952	0.3932	92.8503	236.1669
GA032	-4.06666666666667	0.5	8.13333333333333	2.3	7.6	-4.4	-4.1	-3.4	0.5	4.4	7	9	8.4	6	1.9	-1	-3.7	948	233	199	236	280	84	69	79	71	64	64	64	82	90	100	82	98	85	27.3083333333333	13.6333333333333	34.2666666666667	33.6333333333333	27.7	33.2	10.7	18.9	30.9	36.7	35.2	35.1	31.3	34.5	31.9	30.8	20.4	11.3	1122.8	300.6	0.417	146.1918	350.6093	0.4142	144.1214	347.952	0.3932	92.8503	236.1669
GA033	-6.83333333333333	-0.766666666666667	8.23333333333333	0.433333333333333	7.425	-7.3	-6.6	-5.6	-0.9	4.2	7.2	9.1	8.4	5	0	-3.7	-6.6	768	173	156	220	219	75.25	53	48	53	53	50	63	76	81	81	65	73	72	27.625	14.7666666666667	35.0333333333333	32.7666666666667	27.9333333333333	33.175	11.5	22.8	34.2	37.1	33.8	33.1	31.2	34	34.4	28.9	20.5	10	1027	289.1	0.5318	181.8351	341.9521	0.5252	171.1991	325.9938	0.5119	114.158	223.005
GA034	-6.83333333333333	-0.766666666666667	8.23333333333333	0.433333333333333	7.425	-7.3	-6.6	-5.6	-0.9	4.2	7.2	9.1	8.4	5	0	-3.7	-6.6	768	173	156	220	219	75.25	53	48	53	53	50	63	76	81	81	65	73	72	27.625	14.7666666666667	35.0333333333333	32.7666666666667	27.9333333333333	33.175	11.5	22.8	34.2	37.1	33.8	33.1	31.2	34	34.4	28.9	20.5	10	1027	289.1	0.5318	181.8351	341.9521	0.5252	171.1991	325.9938	0.5119	114.158	223.005
GA035	-6.93333333333333	-0.933333333333334	8.13333333333333	0.266666666666667	7.3	-7.4	-6.7	-5.8	-1.1	4.1	7.1	9	8.3	4.8	-0.1	-3.9	-6.7	771	174	157	221	219	75.5	53	48	54	53	50	63	77	81	81	65	73	73	27.575	14.7666666666667	35	32.6666666666667	27.8666666666667	33.075	11.5	22.8	34.2	37.1	33.7	33	31.1	33.9	34.3	28.8	20.5	10	1005.2	276.4	0.5184	176.3144	340.1221	0.5061	163.7715	323.5796	0.4821	105.5725	219.0046
GA036	-6.03333333333333	-0.0333333333333332	8.83333333333333	1.2	8.05	-6.5	-5.8	-4.8	-0.2	4.9	7.8	9.7	9	5.7	0.8	-2.9	-5.8	735	163	149	214	209	73	49	45	51	50	48	61	74	79	78	62	69	69	27.85	14.7333333333333	35.3	33.1666666666667	28.2	33.55	11.4	22.7	34.3	37.4	34.2	33.5	31.6	34.4	34.7	29.2	20.7	10.1	1148.4	363.7	0.5927	208.0976	351.1074	0.5789	195.5422	337.8028	0.5762	142.3139	246.9849
GA037	-5.83333333333333	-1.36666666666667	6.3	0.7	5.8	-6.2	-6	-5.3	-1.4	2.6	5.1	7.2	6.6	4.3	0.4	-2.6	-5.3	960	242	202	246	270	85	72	79	73	65	64	67	86	93	94	79	97	91	25.1083333333333	12.8333333333333	32.2	29.1333333333333	26.2666666666667	29.375	10	17.9	29.4	35.3	31.9	31.5	26.4	29.5	30.1	29.3	19.4	10.6	783.4	111.3	0.3013	94.422	313.3978	0.3157	94.422	299.0768	0.217	33.1269	152.6642
GA038	-6.1	-1.63333333333333	6.06666666666667	0.466666666666667	5.55	-6.5	-6.2	-5.5	-1.8	2.4	4.9	6.9	6.4	4	0.3	-2.9	-5.6	924	231	193	244	256	83.25	69	74	69	62	62	66	86	92	89	75	92	88	24.5083333333333	12.4	31.8	27.8666666666667	25.9666666666667	28.375	9.5	17.7	29.2	35.1	31.1	30.4	25	28.2	29.9	28.9	19.1	10	742.9	91.4	0.3444	105.2768	305.7239	0.3199	92.7868	290.0797	0.1578	21.9923	139.352
GA039	-5.4	-1.36666666666667	6.06666666666667	1.3	5.7	-5.9	-5.6	-5.1	-1.5	2.5	4.8	6.8	6.6	4.6	1.2	-1.9	-4.7	848	203	172	244	229	80.75	60	61	61	55	56	65	87	92	79	67	83	82	23.3583333333333	11.7666666666667	30.6333333333333	25.4666666666667	25.5666666666667	26.45	8.7	17	28.2	34.5	29.2	28.6	22.4	25.4	29.4	28.4	18.9	9.6	786.1	97	0.4283	128.2468	299.467	0.4024	115.0444	285.8997	0.2893	40.0845	138.548
GA040	-7.86666666666667	-3.96666666666667	5.9	-0.6	5.325	-8.2	-8.5	-8.5	-4.1	0.7	4.2	6.9	6.6	3.6	-1.1	-4.3	-6.9	742	138	147	233	224	79.75	39	45	49	45	53	59	83	91	86	67	71	54	24.1	9.83333333333333	30.4333333333333	31.9	24.2333333333333	31	6.7	15.4	26	33.5	31.8	32.9	31	31.8	28.3	27.1	17.3	7.4	652.2	87.8	0.4078	116.4172	285.5026	0.3817	100.4002	263.0079	0.2303	28.4726	123.615
GA041	-11.0333333333333	-5.26666666666667	5.5	-2.63333333333333	4.7	-11.4	-11.7	-10.7	-5.6	0.5	4.2	6.6	5.7	2.3	-3.2	-7	-10	693	145	139	210	199	70.75	42	46	48	43	48	54	75	81	73	60	66	57	24.2166666666667	10.2666666666667	31.7666666666667	30.5333333333333	24.3	30.15	6.2	18	28.8	34.7	31.8	31.7	29.4	30.5	29	27.3	16.6	6.6	564.1	54.4	0.3256	87.8003	269.6603	0.3318	81.9789	247.0625	0.0284	3.0027	105.9095
GA042	-11.0333333333333	-5.26666666666667	5.5	-2.63333333333333	4.7	-11.4	-11.7	-10.7	-5.6	0.5	4.2	6.6	5.7	2.3	-3.2	-7	-10	693	145	139	210	199	70.75	42	46	48	43	48	54	75	81	73	60	66	57	24.2166666666667	10.2666666666667	31.7666666666667	30.5333333333333	24.3	30.15	6.2	18	28.8	34.7	31.8	31.7	29.4	30.5	29	27.3	16.6	6.6	564.1	54.4	0.3256	87.8003	269.6603	0.3318	81.9789	247.0625	0.0284	3.0027	105.9095
GA043	-10.8	-5.03333333333333	5.7	-2.4	4.9	-11.1	-11.5	-10.5	-5.3	0.7	4.4	6.8	5.9	2.5	-2.9	-6.8	-9.8	689	142	139	210	198	70.75	41	45	48	43	48	54	75	81	73	59	66	56	24.275	10.2333333333333	31.8333333333333	30.6666666666667	24.3666666666667	30.275	6.2	17.9	28.8	34.8	31.9	31.8	29.6	30.6	29.1	27.3	16.7	6.6	592.2	66.4	0.376	102.5851	272.857	0.343	86.2623	251.4604	0.0446	5.105	114.3696
GA044	-11.7	-5.83333333333333	5.03333333333333	-3.3	4.2	-12	-12.4	-11.3	-6.2	0	3.8	6.1	5.2	1.7	-3.8	-7.8	-10.7	714	151	146	214	203	72	44	48	51	45	50	56	76	82	74	61	68	59	24	10.2	31.5333333333333	30.2333333333333	24.0333333333333	29.825	6.2	17.9	28.6	34.4	31.6	31.4	29.2	30.1	28.6	27	16.5	6.5	497.3	28.5	0.3213	84.3567	262.5367	0.298	70.9624	238.1016	0.0287	2.4344	84.9148
GA045	-8.3	-4.16666666666667	5.96666666666667	-0.866666666666667	5.35	-8.6	-9	-8.9	-4.3	0.7	4.3	7	6.6	3.5	-1.4	-4.7	-7.3	725	134	144	228	219	78	38	44	48	44	52	58	81	89	84	66	69	52	24.2166666666667	9.83333333333333	30.7	32.0666666666667	24.2666666666667	31.175	6.6	15.7	26.3	33.7	32.1	33	31.2	32	28.5	27.1	17.2	7.2	652.7	91.2	0.3803	108.4791	285.2306	0.3827	100.3673	262.2781	0.2243	28.0318	124.9815
GA046	-10.7	-4.7	6.13333333333333	-2.13333333333333	5.325	-11	-11.4	-10.3	-5	1.2	4.9	7.2	6.3	2.9	-2.7	-6.6	-9.7	657	137	131	201	188	67.75	40	43	45	41	45	52	72	77	70	56	62	54	24.5583333333333	10.3333333333333	32.3333333333333	30.9666666666667	24.6	30.625	6.1	18.4	29.4	35.2	32.4	32.1	29.8	31	29.6	27.5	16.7	6.5	653.2	94.3	0.3934	109.4814	278.3304	0.3869	99.573	257.3282	0.2234	29.9302	133.9756
GA047	-8.96666666666667	-3.3	7.36666666666667	-0.466666666666667	6.625	-9.4	-9.7	-8.7	-3.5	2.3	6	8.4	7.7	4.4	-1	-4.8	-7.8	616	120	119	196	181	66.25	34	38	40	37	42	49	70	77	69	54	58	48	24.9916666666667	10.2333333333333	32.6	32.0333333333333	25.1	31.6	5.9	18.1	29.3	35.5	33	33.1	31	32	30.3	27.9	17.1	6.7	848.5	200	0.5322	159.6378	299.9548	0.5203	145.4967	279.6263	0.4866	86.019	176.7631
GA048	-7.66666666666667	-3.8	6.13333333333333	-0.4	5.6	-8	-8.4	-8.4	-3.9	0.9	4.4	7.1	6.9	4	-1	-4.2	-6.6	712	126	138	231	217	79	35	41	45	43	50	57	83	91	85	65	67	50	24.5166666666667	9.86666666666667	31.1	32.7333333333333	24.3666666666667	31.725	6.7	15.6	26.3	34.2	32.8	33.5	31.8	32.9	28.7	27.1	17.3	7.3	690.5	106	0.3958	114.4661	289.228	0.4058	108.5751	267.5704	0.2994	40.4624	135.1253
GA049	-13.1666666666667	-6.43333333333333	5.26666666666667	-4.13333333333333	4.275	-13.5	-13.9	-12.5	-6.8	0	4.1	6.4	5.3	1.3	-4.7	-9	-12.1	648	137	132	194	185	65.5	40	44	46	40	46	51	69	74	68	56	61	53	24.4833333333333	10.1666666666667	32.4	31.2	24.1666666666667	30.7	5.7	18.9	29.7	35	32.5	32	30.4	31.2	29.2	27.2	16.1	5.9	509	39.9	0.3086	80.4768	260.7438	0.3205	76.2383	237.8642	0.0281	2.7025	96.0208
GA050	-8.53333333333333	-4.13333333333333	6.4	-0.8	5.825	-8.9	-9.3	-9.2	-4.3	1.1	4.7	7.4	7.1	4.1	-1.5	-5	-7.4	648	110	120	219	199	75	31	35	38	38	44	53	79	87	81	59	59	44	25.0416666666667	9.76666666666667	32.3	33.6333333333333	24.4666666666667	32.55	6.2	16.4	27.5	35.3	34.1	34	32.9	34	29.3	27.2	16.9	6.7	717.3	124.9	0.4535	131.7922	290.5911	0.4466	119.776	268.1837	0.3716	54.0683	145.4962
GA051	-13.0333333333333	-7.96666666666667	6.63333333333333	-3.23333333333333	5.55	-13.4	-14.4	-15.5	-8.4	0	5.1	8	6.8	2.3	-3.9	-8.1	-11.3	241	41	41	76	83	27.75	12	12	12	13	16	22	28	26	35	26	22	17	27.0916666666667	8.16666666666667	35.5	39.8333333333333	24.8666666666667	37.625	4.5	15.7	29.7	37.1	39.7	39.7	39.6	40.2	31	27.1	16.5	4.3	658.7	133.3	0.5918	155.4504	262.6538	0.5845	143.3465	245.2614	0.4973	72.9834	146.7694
GA052	-17.1666666666667	-12	0.633333333333333	-8.73333333333333	-0.375	-17.3	-17.9	-17.7	-12.9	-5.4	-0.5	1.4	1	-3.4	-9	-13.8	-16.3	334	89	55	77	113	29	35	26	22	20	13	22	18	37	39	40	34	28	24.1833333333333	5.9	33.0666666666667	35.7666666666667	22	34.45	2.7	12.5	26.4	35.9	36.9	34.5	37.5	35.3	30.5	22.6	12.9	2.5	56.6	0	0.5829	110.4313	189.445	0.6651	103.5492	155.6785	0	0	0
GA053	-15.1666666666667	-9.9	3.46666666666667	-6	2.55	-15.3	-16.1	-15.7	-10.8	-3.2	2	4.2	4.2	-0.2	-6.2	-11.6	-14.1	441	123	79	91	148	35.25	44	35	34	26	19	24	26	41	50	52	46	44	25.5416666666667	6.03333333333333	35.2333333333333	37.3666666666667	23.5333333333333	36.275	2	14	28.2	38.9	38.6	37.1	38.1	36.9	33	24.1	13.5	2.1	298	0	0.5923	129.4432	218.5473	0.5695	111.9552	196.6006	0	0	0
GA054	-17	-11.7666666666667	1.3	-8.36666666666667	0.25	-17.1	-17.8	-17.6	-12.7	-5	0.1	2.1	1.7	-2.9	-8.7	-13.5	-16.1	273	71	40	64	98	24.75	28	21	16	15	9	18	14	32	35	35	28	22	24.6833333333333	5.63333333333333	33.9	36.6666666666667	22.5333333333333	35.35	2.3	12.4	27.1	36.9	37.7	35.5	38.4	36.1	31.4	23.2	13	2.2	102.5	0	0.6478	125.7247	194.0798	0.7033	116.0837	165.0481	0	0	0
GA055	-15.7	-10.4	3.4	-6.4	2.425	-15.9	-16.6	-16.3	-11.3	-3.6	1.9	4.2	4.1	-0.5	-6.7	-12	-14.6	394	110	69	82	133	31.75	40	31	30	23	16	21	23	38	45	47	41	39	25.9083333333333	5.96666666666667	35.8666666666667	37.8666666666667	23.9333333333333	36.775	1.9	14	28.8	39.6	39.2	37.5	38.8	37.3	33.5	24.7	13.6	2	287.9	0	0.5903	127.3008	215.6599	0.5668	109.3292	192.8752	0	0	0
GA056	-22.1666666666667	-15.2	2.33333333333333	-11.6666666666667	0.8	-22	-23.4	-22.6	-16.6	-6.4	0.6	3.6	2.8	-3.8	-12.5	-18.7	-21.1	219	69	48	49	53	16.5	29	17	25	15	8	11	16	22	17	19	17	23	28.2333333333333	4.63333333333333	42.1	40.2666666666667	25.9333333333333	39.1	2.2	9.8	34.4	46.7	45.2	40.9	42.6	37.3	35.6	31.1	11.1	1.9	182.9	0	0.5915	112.3829	189.9835	0.6117	99.0729	161.9726	0	0	0
GA057	-21.1666666666667	-15.3333333333333	3.3	-8.13333333333333	2	-21.5	-23.4	-23.6	-16.4	-6	1	4.8	4.1	-1.9	-8.4	-14.1	-18.6	163	22	19	48	74	19	6	5	3	7	9	10	18	20	28	24	22	11	25.7416666666667	6.5	39.5	34.9333333333333	22.0333333333333	33.625	3.1	14.4	36.4	43.3	38.8	35.1	36.3	33.4	29.7	24.5	11.9	2	272.1	0	0.5189	96.1485	185.3026	0.5858	96.1432	164.1182	0	0	0
GA058	-21.1666666666667	-15.3333333333333	3.3	-8.13333333333333	2	-21.5	-23.4	-23.6	-16.4	-6	1	4.8	4.1	-1.9	-8.4	-14.1	-18.6	163	22	19	48	74	19	6	5	3	7	9	10	18	20	28	24	22	11	25.7416666666667	6.5	39.5	34.9333333333333	22.0333333333333	33.625	3.1	14.4	36.4	43.3	38.8	35.1	36.3	33.4	29.7	24.5	11.9	2	272.1	0	0.5189	96.1485	185.3026	0.5858	96.1432	164.1182	0	0	0
GA061	-28.5	-19.3	4.43333333333333	-16.4666666666667	1.775	-28.6	-29.2	-28	-22.5	-7.4	2.3	6.1	4.9	-6.2	-19	-24.2	-27.7	1	0	0	0	1	0.25	0	0	0	0	0	0	0	0	1	0	0	0	26.15	0.366666666666667	42.4666666666667	40.6666666666667	21.1	39.225	0	1.1	35.5	47	44.9	42.8	43.5	35.7	34.9	26.5	1.9	0	341.4	20.6	0.0054	1.0164	189.2981	0.006	1.0164	170.1141	0	0	68.175
WAA001	-27.3666666666667	-13.3333333333333	6	-10.9666666666667	4.45	-27.7	-27.8	-23.5	-14.3	-2.2	5.2	7.4	5.4	-0.2	-11.2	-21.5	-26.6	145	28	19	81	17	22.5	12	8	9	5	5	21	30	30	9	1	7	8	38.575	33.9333333333333	51.9	38.3	30.1666666666667	37.075	30.8	45.7	55.1	52.9	47.7	41.8	39.9	33.2	33.4	26.5	30.6	25.3	526.6	84.2	0.5566	144.822	260.1962	0.6434	144.8191	225.0789	0.6701	88.8788	132.6307
WAA002	-20.7666666666667	-13.3666666666667	5.96666666666667	-5.26666666666667	5.175	-19.8	-23.2	-21.1	-15.2	-3.8	3.2	7.7	7	2.8	-5.5	-13.1	-19.3	239	31	24	104	80	35.25	10	9	6	8	10	17	32	55	37	24	19	12	32.3416666666667	27.0333333333333	46.7666666666667	33.7	21.8666666666667	31.7	18.4	42.9	51.6	50.4	38.3	37.7	36.8	26.6	25.7	21.8	18.1	19.8	580.4	112.3	0.9727	221.4999	227.7083	0.9705	203.917	210.1228	0.9751	109.8749	112.6816
WAA003	-23.7666666666667	-15.6333333333333	4.53333333333333	-9.03333333333333	3.525	-23	-25.7	-23.7	-17.3	-5.9	1.5	6.5	5.6	0.5	-9.6	-18	-22.6	230	35	31	119	45	36	13	12	13	10	8	22	42	55	25	8	12	10	37.0583333333333	35.8333333333333	50.2	34.6666666666667	27.5333333333333	33.35	28.1	49.4	54.6	52.4	43.6	39.2	36.8	28	29.4	27.5	25.7	30	408	40.6	0.747	165.6489	221.7667	0.7948	149.2736	187.8148	0.8865	68.8869	77.7024
WAA004	-21.6	-13.9	6.06666666666667	-6.53333333333333	5.15	-20.6	-23.8	-21.7	-15.8	-4.2	3	8	7.2	2.4	-7	-15	-20.4	223	27	22	108	66	35.25	9	8	7	7	8	18	35	55	33	18	15	10	35.2083333333333	31.8333333333333	49	34.8	25.2	33.175	23.1	46.6	53.4	51.9	41.7	39.2	37.4	27.8	28.3	25.3	22	25.8	578.4	123.7	0.9065	208.5488	230.0714	0.9043	190.116	210.2433	0.9116	103.1906	113.2001
WAA005	-22.2666666666667	-13.9666666666667	6.53333333333333	-6.7	5.55	-21.4	-24.3	-22.1	-15.8	-4	3.5	8.5	7.6	2.6	-7.2	-15.5	-21.1	182	15	15	95	57	31.25	5	5	4	5	6	14	32	49	30	16	11	5	35.675	31.4	49.8666666666667	35.8333333333333	25.6	34.125	22.8	46.2	54	52.8	42.8	40.2	38.4	28.9	29	25.4	22.4	25.2	623.8	152.8	0.7833	181.8086	232.0954	0.7804	166.1784	212.9429	0.8674	107.258	123.6516
WAA006	-22.9	-14.1333333333333	6.3	-7.3	5.3	-22.2	-24.8	-22.5	-15.8	-4.1	3.5	8.2	7.2	2.3	-7.8	-16.4	-21.7	178	17	17	94	50	30.25	6	6	5	6	6	14	33	47	27	14	9	5	36.8916666666667	33	50.8333333333333	36.6	27.1333333333333	35.05	24.8	47.2	54.7	53.4	44.4	41.1	39	29.7	30.4	26.7	24.3	27	594.9	132.3	0.7612	177.8032	233.5778	0.7779	165.6114	212.8865	0.8589	104.2603	121.3861
WAA007	-22.6333333333333	-14.1333333333333	6.43333333333333	-7.03333333333333	5.45	-21.9	-24.6	-22.4	-15.9	-4.1	3.5	8.4	7.4	2.5	-7.6	-16	-21.4	177	15	15	94	53	30.5	5	5	4	5	6	14	32	48	28	15	10	5	36.2416666666667	32.0666666666667	50.3666666666667	36.2333333333333	26.3	34.6	23.6	46.6	54.4	53.1	43.6	40.6	38.8	29.3	29.7	26	23.2	26	611.7	144.1	0.7601	176.7985	232.5883	0.7661	162.9218	212.6646	0.8362	102.4822	122.5556
WAA008	-26.4666666666667	-12	8.4	-9.33333333333333	6.725	-26.8	-27.1	-22.6	-13.2	-0.2	7.8	9.8	7.6	1.7	-9.6	-20.1	-25.5	165	22	17	81	45	25.5	9	5	6	5	6	18	29	34	21	14	10	8	39.2416666666667	33.6	53.1666666666667	39.7333333333333	30.4666666666667	38.325	29.3	45.8	56.2	54.6	48.7	43.7	41.6	33.9	34.1	27	30.3	25.7	800.1	264.4	0.6035	164.4565	272.5259	0.6433	161.4575	250.9955	0.617	111.5626	180.8227
WAA009	-22.7333333333333	-14.4333333333333	6.16666666666667	-7.03333333333333	5.2	-21.9	-24.8	-22.7	-16.2	-4.4	3.2	8.1	7.2	2.3	-7.5	-15.9	-21.5	172	14	14	91	53	29.75	5	5	3	5	6	13	31	47	28	15	10	4	35.4583333333333	30.8666666666667	49.8333333333333	35.7666666666667	25.3666666666667	34.025	22.2	45.8	54	52.8	42.7	40.2	38.4	28.7	28.8	25.1	22.2	24.6	583.4	127.4	0.7581	172.3586	227.3626	0.7545	156.68	207.6485	0.8267	95.3127	115.2863
WAA010	-26.5	-13.8666666666667	6.36666666666667	-9.5	5.025	-26.4	-27.7	-24.1	-15.1	-2.4	5.3	7.7	6.1	1	-9.8	-19.7	-25.4	130	17	12	64	37	20.25	8	4	4	3	5	13	24	27	17	12	8	5	38.625	31.6	52.8333333333333	40.3666666666667	29.7	38.825	27.5	44.3	55.6	54.3	48.6	43.9	42.3	34.9	34.2	25.8	29.1	23	578.1	109.2	0.5153	129.7363	251.7775	0.5708	129.5386	226.9227	0.5339	76.1066	142.5377
WAA011	-26.1666666666667	-16.9	3.56666666666667	-9.83333333333333	2.6	-25.5	-28.6	-26.5	-18.4	-5.8	1.9	4.8	4	-0.3	-10.1	-19.1	-24.4	147	23	16	66	42	20.75	11	6	5	4	7	14	25	27	17	16	9	6	37.525	28.4	52.1333333333333	41.4333333333333	28.1333333333333	39.55	24.3	42.2	54.6	53.6	48.2	44.4	43.2	36.7	33.9	24.2	26.3	18.7	303.1	0	0.6601	146.6357	222.138	0.7717	146.5056	189.847	0	0	0
WAA012	-23.1333333333333	-14.5	6.06666666666667	-7.4	5.075	-22.4	-25.1	-22.9	-16.2	-4.4	3.3	7.9	7	2.1	-7.9	-16.4	-21.9	167	14	14	90	49	29	5	5	4	5	5	13	32	45	26	14	9	4	36.3416666666667	32.0333333333333	50.5666666666667	36.3666666666667	26.4	34.725	23.7	46.5	54.5	53.3	43.9	40.8	38.9	29.4	29.8	25.9	23.5	25.9	569.2	116.6	0.7305	166.8125	228.3668	0.7488	155.7816	208.0515	0.8142	93.065	114.2972
WAA013	-26.8	-12.3333333333333	8.4	-9.53333333333333	6.7	-27.3	-27.6	-23.2	-13.5	-0.3	7.8	9.9	7.5	1.6	-9.6	-20.6	-25.5	183	26	20	84	53	26.75	10	7	7	7	6	18	30	36	23	18	12	9	39.15	33.9333333333333	53.1	39.3	30.2666666666667	37.9	29.1	46.3	56.2	54.7	48.4	43.5	41.2	33.2	33.7	27.4	29.7	26.4	796.8	264.5	0.6767	182.3169	269.406	0.7145	177.2465	248.0736	0.7086	126.7551	178.8746
WAA014	-26.5666666666667	-11.9333333333333	8.73333333333333	-9.26666666666667	7.025	-27	-27.2	-22.7	-13.1	0	8.2	10.2	7.8	1.9	-9.4	-20.3	-25.5	176	24	18	83	51	26.5	9	6	6	6	6	18	29	36	23	17	11	9	39.2166666666667	33.7333333333333	53.1666666666667	39.6	30.3666666666667	38.175	29.1	46	56.2	54.7	48.6	43.7	41.5	33.6	33.9	27.2	30	26.1	837.7	292.9	0.6406	175.4982	273.95	0.6733	170.3346	252.9754	0.6555	121.6485	185.5804
WAA015	-26.8666666666667	-13	7.73333333333333	-9.6	6.1	-27.4	-27.8	-23.8	-14.1	-1.1	7	9.2	7	1.2	-9.6	-20.4	-25.4	182	26	21	82	53	26	10	7	8	7	6	16	30	36	22	19	12	9	38.9833333333333	34.1333333333333	52.9	38.9333333333333	29.9666666666667	37.525	28.8	46.7	56.1	54.6	48	43.2	40.9	32.7	33.3	27.5	29.1	26.9	718.1	210	0.6773	176.9782	261.2846	0.7131	170.1592	238.628	0.702	116.2528	165.6125
WAA016	-26.4333333333333	-13.1	7.2	-9.33333333333333	5.725	-26.4	-27.5	-23.5	-14.3	-1.5	6.3	8.6	6.7	1.3	-9.6	-19.7	-25.4	135	17	12	67	39	21.25	8	4	4	3	5	14	24	29	18	13	8	5	38.8416666666667	32.1	53.0666666666667	40.3	29.9	38.775	27.9	44.6	55.9	54.5	48.8	44	42.2	34.7	34.2	26.1	29.4	23.8	666.9	169.4	0.5199	134.6776	259.0416	0.5645	134.0641	237.4779	0.5154	82.0116	159.1216
WAA017	-26.5666666666667	-12.0333333333333	8.63333333333333	-9.3	6.925	-27	-27.3	-22.8	-13.2	-0.1	8.1	10.1	7.7	1.8	-9.4	-20.3	-25.4	174	23	18	81	52	26	9	6	6	6	6	17	29	35	23	18	11	8	39.2083333333333	33.6666666666667	53.2	39.6333333333333	30.3333333333333	38.2	28.9	46	56.2	54.8	48.6	43.7	41.6	33.6	33.9	27.2	29.9	26.1	825	284.2	0.6352	173.2282	272.7226	0.6666	167.9717	251.9912	0.6467	118.9637	183.9687
WAA018	-26.5	-12.4666666666667	8.03333333333333	-9.33333333333333	6.425	-26.7	-27.3	-23	-13.7	-0.7	7.3	9.5	7.3	1.6	-9.6	-20	-25.5	151	19	14	75	43	23.75	8	4	5	4	5	16	27	32	20	14	9	7	39.0416666666667	33	53.1666666666667	39.8666666666667	30.1333333333333	38.4	28.5	45.4	56.1	54.7	48.7	43.8	41.8	34	34	26.6	29.8	25.1	757.8	234.7	0.5658	150.9135	266.7146	0.6075	148.5955	244.5854	0.5638	97.5282	172.9915
WAA019	-26.0666666666667	-17.1	3.3	-9.7	2.4	-25.2	-28.7	-26.6	-18.7	-6	1.6	4.5	3.8	-0.3	-10	-18.8	-24.3	147	23	16	63	45	20.25	11	6	5	4	7	13	24	26	18	18	9	6	37.5833333333333	28.4333333333333	52.3	41.4666666666667	28.1333333333333	39.575	24.3	42.2	54.7	53.8	48.4	44.5	43.3	36.6	33.9	24.2	26.3	18.8	281.1	0	0.69	150.6351	218.2969	0.7903	148.3081	187.6582	0	0	0
WAA020	-26.4	-13.3333333333333	7.06666666666667	-9.23333333333333	5.65	-26.3	-27.5	-23.7	-14.5	-1.8	6.1	8.4	6.7	1.4	-9.5	-19.6	-25.4	128	15	11	64	38	20.5	7	3	3	3	5	13	23	28	18	13	7	5	38.7916666666667	31.7666666666667	53.1	40.4666666666667	29.8333333333333	38.925	27.5	44.4	55.9	54.6	48.8	44.1	42.4	34.9	34.3	26	29.2	23.4	653.8	159.3	0.4965	127.715	257.2383	0.5424	127.3694	234.8453	0.487	76.0521	156.1674
WAA021	-26.3666666666667	-14.7666666666667	5.6	-9.43333333333333	4.375	-26	-28	-24.8	-16.1	-3.4	4.3	6.9	5.6	0.7	-9.7	-19.3	-25.1	126	17	11	60	38	19.25	8	4	3	3	5	12	22	26	17	14	7	5	38.325	30.3666666666667	52.8	40.9333333333333	29.2	39.25	26.2	43.4	55.4	54.3	48.7	44.3	42.8	35.7	34.2	25.3	28.1	21.5	498.6	61.4	0.5184	125.6864	242.4486	0.5734	124.9838	217.9799	0.5391	60.7886	112.7595
WAA022	-23.2666666666667	-14.8666666666667	5.83333333333333	-7.56666666666667	4.85	-22.5	-25.3	-23.2	-16.6	-4.8	3	7.7	6.8	1.9	-8.1	-16.5	-22	160	12	13	88	47	28.5	4	4	3	5	5	12	31	45	26	13	8	4	35.725	31	50.2	36.0333333333333	25.6666666666667	34.3	22.5	45.8	54.3	53.1	43.2	40.5	38.6	29	29.1	25.3	22.6	24.7	544.1	103.7	0.714	159.8062	223.8297	0.7363	148.7473	202.0239	0.7819	83.9879	107.4211
WAA023	-23.5	-14.9666666666667	5.7	-7.7	4.725	-22.8	-25.5	-23.4	-16.7	-4.8	2.9	7.6	6.6	1.8	-8.2	-16.7	-22.2	158	11	14	87	46	28	4	4	4	5	5	12	31	44	25	13	8	3	35.9416666666667	31.3333333333333	50.4	36.1333333333333	25.9	34.425	23	46	54.5	53.2	43.5	40.6	38.7	29.1	29.3	25.4	23	25	530.3	95.4	0.7073	157.7896	223.0816	0.7345	147.7995	201.2113	0.7834	83.0475	106.0062
WAA024	-24.6333333333333	-15.3666666666667	4.96666666666667	-8.7	3.925	-24.3	-26.3	-24.2	-16.9	-5	2.9	6.5	5.5	0.8	-9	-17.9	-23.3	150	15	16	78	41	24.5	5	6	5	6	5	11	30	37	20	13	8	4	37.4416666666667	32.9333333333333	51.6666666666667	37.3666666666667	27.8	35.8	25.6	46.7	55.3	54	45.7	41.9	39.6	30.6	31.1	26.7	25.6	26.5	443.2	41.5	0.674	149.8612	222.3465	0.7418	147.1803	198.4005	0.7759	65.9615	85.0153
WAA025	-26.9666666666667	-13.9666666666667	6.76666666666667	-9.86666666666667	5.25	-27.3	-28.1	-24.4	-15.2	-2.3	5.9	8.2	6.2	0.7	-9.9	-20.4	-25.5	165	22	20	76	47	23.75	8	6	7	7	6	14	29	33	19	17	11	8	38.5666666666667	33.5	52.7333333333333	38.6666666666667	29.3666666666667	37.175	27.9	46.3	56	54.6	47.6	43	40.7	32.3	32.7	27	28.4	26.3	609.7	137.2	0.6604	164.0627	248.415	0.7132	161.3269	226.1867	0.726	106.2532	146.3521
WAA026	-26.8	-12.7333333333333	8.03333333333333	-9.56666666666667	6.375	-27.1	-27.7	-23.4	-14	-0.8	7.3	9.5	7.3	1.4	-9.8	-20.3	-25.6	155	19	15	76	45	24.25	8	4	5	5	5	16	27	33	21	15	9	7	38.875	32.9666666666667	53.1	39.6	29.8333333333333	38.1	28.2	45.5	56.2	54.7	48.4	43.7	41.6	33.5	33.6	26.6	29.3	25.2	752.7	234.1	0.585	154.5367	264.1871	0.6236	151.3072	242.6413	0.5859	100.2649	171.1226
WAA027	-26.6666666666667	-12.9	7.76666666666667	-9.43333333333333	6.2	-26.8	-27.6	-23.5	-14.1	-1.1	7	9.2	7.1	1.5	-9.7	-20.1	-25.6	142	17	13	70	42	22.5	7	4	4	4	5	14	25	31	20	14	8	6	38.8416666666667	32.5	53.1333333333333	39.9	29.8333333333333	38.375	27.9	45.1	56.1	54.7	48.6	43.8	41.9	34	33.8	26.3	29.4	24.5	726.6	213	0.5398	141.6706	262.4368	0.5807	139.361	239.98	0.5282	88.6397	167.8017
WAA028	-26.8333333333333	-12.9333333333333	7.93333333333333	-9.56666666666667	6.3	-27.1	-27.7	-23.6	-14.2	-1	7.2	9.4	7.2	1.4	-9.8	-20.3	-25.7	152	17	15	74	46	23.75	7	4	5	5	5	15	27	32	21	16	9	6	38.825	32.8	53.1333333333333	39.6	29.7666666666667	38.1	28	45.4	56.2	54.8	48.4	43.7	41.6	33.5	33.6	26.5	29.2	25	741.2	226	0.5788	151.9609	262.5323	0.6197	149.611	241.4199	0.5905	100.6467	170.4371
WAA029	-25.1333333333333	-15.6666666666667	4.5	-9.2	3.45	-24.9	-26.8	-24.7	-17.1	-5.2	2.7	6	4.8	0.3	-9.5	-18.4	-23.7	146	17	17	73	39	22.75	6	6	6	6	5	11	29	33	18	13	8	5	37.6416666666667	32.9333333333333	51.9333333333333	37.6333333333333	28.0666666666667	36.075	26	46.5	55.5	54.2	46.1	42.1	39.9	30.9	31.4	26.7	26.1	26.3	392.8	17.6	0.6722	147.5878	219.5585	0.7542	146.0644	193.6601	0.7953	52.0288	65.424
WAA030	-26.7	-13.1666666666667	7.5	-9.53333333333333	5.95	-26.8	-27.7	-23.7	-14.4	-1.4	6.7	8.9	6.9	1.3	-9.8	-20.1	-25.6	136	15	13	69	39	22	7	3	4	4	5	14	25	30	19	13	7	5	38.7333333333333	32.2333333333333	53.1	39.9	29.7	38.375	27.6	44.9	56.1	54.7	48.5	43.8	41.9	34	33.8	26.1	29.2	24.2	695.3	191.8	0.525	135.707	258.4673	0.5664	134.3298	237.1552	0.5152	83.905	162.8621
WAA031	-27.0666666666667	-13.8	7.1	-9.83333333333333	5.55	-27.4	-28.2	-24.4	-15	-2	6.3	8.5	6.5	0.9	-9.9	-20.5	-25.6	159	20	17	75	47	23.75	8	5	6	6	5	14	28	33	20	17	10	7	38.525	33.0333333333333	52.8333333333333	38.9	29.3333333333333	37.375	27.6	45.9	56.1	54.7	47.7	43.2	41	32.5	32.8	26.8	28.4	25.6	645.9	161	0.6307	158.4055	251.1607	0.6786	155.2801	228.8148	0.6674	101.8281	152.5678
WAA032	-26.9333333333333	-14.2666666666667	6.56666666666667	-9.83333333333333	5.1	-27.2	-28.2	-24.7	-15.5	-2.6	5.6	8	6.1	0.7	-9.9	-20.3	-25.4	155	19	17	73	46	23	7	5	6	6	5	13	28	32	19	17	10	7	38.3666666666667	33.0333333333333	52.6666666666667	38.7333333333333	29.0333333333333	37.175	27.3	46	56	54.6	47.4	43.1	40.8	32.3	32.5	26.7	27.9	25.8	589.5	123.4	0.6336	154.7617	244.2539	0.6912	153.8008	222.5088	0.7056	100.821	142.8966
WAA033	-24.4666666666667	-15.7333333333333	4.83333333333333	-8.6	3.85	-23.9	-26.4	-24.4	-17.4	-5.4	2.5	6.5	5.5	0.9	-9	-17.7	-23.1	142	11	13	78	40	24.75	4	4	4	5	4	11	29	38	21	12	7	3	36.5416666666667	31.7	51.1	36.7333333333333	26.6333333333333	35.05	23.9	46	55	53.7	44.6	41.2	39.2	29.8	30	25.8	24.1	25.2	434.7	40.6	0.6565	141.8186	216.0126	0.7155	137.6035	192.3309	0.6958	57.0603	82.0088
WAA034	-24.9	-16.0333333333333	4.4	-9.03333333333333	3.4	-24.5	-26.7	-24.8	-17.6	-5.7	2.3	5.9	5	0.4	-9.4	-18.1	-23.5	136	12	13	73	38	23	4	5	4	5	4	10	29	34	19	12	7	3	36.8916666666667	31.9333333333333	51.4666666666667	37.1	27.0666666666667	35.425	24.5	46	55.2	54	45.2	41.6	39.5	30.2	30.4	26	24.8	25.3	387.3	17.4	0.6361	135.8867	213.6405	0.7141	134.246	188.0014	0.6636	44.6404	67.2743
WAA035	-25	-16.0666666666667	4.36666666666667	-9.13333333333333	3.35	-24.6	-26.8	-24.9	-17.6	-5.7	2.3	5.9	4.9	0.3	-9.5	-18.2	-23.6	135	13	13	73	36	22.75	4	5	4	5	4	10	29	34	18	11	7	4	36.9166666666667	32	51.4666666666667	37.0666666666667	27.1333333333333	35.425	24.6	46.1	55.2	54	45.2	41.6	39.4	30.2	30.5	26	24.9	25.3	382.6	16.1	0.6298	134.8861	214.1835	0.713	133.8461	187.7219	0.653	41.2933	63.2377
WAA036	-25.7333333333333	-15.9666666666667	4.33333333333333	-9.66666666666667	3.225	-25.6	-27.4	-25.2	-17.4	-5.3	2.8	5.7	4.5	-0.1	-9.9	-19	-24.2	138	17	17	66	38	20.75	6	6	6	6	5	10	27	29	17	13	8	5	37.675	32.5666666666667	52.1333333333333	37.8666666666667	28.1333333333333	36.275	26	46.1	55.6	54.4	46.4	42.3	40.1	31.2	31.5	26.5	26.4	25.6	370.4	9	0.6323	137.8595	218.0444	0.717	137.6716	192.0071	0.7319	36.6005	50.009
WAA037	-25.2666666666667	-16.4333333333333	3.83333333333333	-9.43333333333333	2.85	-24.9	-27.1	-25.3	-18	-6	2	5.2	4.3	-0.1	-9.8	-18.4	-23.8	132	14	15	67	36	21	5	5	5	6	4	9	27	31	17	12	7	4	37.1583333333333	32.0666666666667	51.7666666666667	37.4	27.4	35.75	25	46	55.4	54.2	45.7	41.9	39.7	30.6	30.8	26.1	25.3	25.2	329.4	0.9	0.6269	131.8372	210.3125	0.7195	131.5738	182.8681	0.7835	12.3932	15.8185
WAA038	-27.1	-14.8333333333333	6.1	-10.1	4.65	-27.3	-28.4	-25.2	-16.1	-3.2	5.1	7.5	5.7	0.3	-10.2	-20.4	-25.6	140	17	14	68	41	21.5	6	5	5	5	4	12	26	30	18	15	8	6	38.0416666666667	32.4333333333333	52.5666666666667	38.5333333333333	28.6333333333333	36.95	26.6	45.6	55.9	54.6	47.2	42.9	40.7	32	32.2	26.3	27.4	25.1	537.1	91.3	0.5911	140.5581	237.8045	0.6481	139.0452	214.5379	0.6339	83.7357	132.105
WAA039	-26.7666666666667	-15.4333333333333	5.3	-10	4	-26.9	-28.2	-25.4	-16.8	-4.1	4.1	6.7	5.1	0.1	-10.1	-20	-25.2	135	16	14	66	39	20.75	6	5	5	5	4	11	26	29	17	14	8	5	37.8166666666667	32.3333333333333	52.3666666666667	38.2333333333333	28.3333333333333	36.625	26.2	45.7	55.8	54.5	46.8	42.7	40.4	31.6	31.8	26.3	26.9	25.1	459.1	45.2	0.5902	134.8221	228.4497	0.6567	134.6004	204.9566	0.653	65.1779	99.8206
WAA040	-26.6666666666667	-15.8	4.9	-10.0666666666667	3.65	-26.7	-28.2	-25.6	-17.2	-4.6	3.6	6.3	4.8	-0.1	-10.2	-19.9	-25.1	131	15	14	64	38	20	5	5	5	5	4	10	26	28	16	14	8	5	37.6333333333333	32.1	52.3	38.0666666666667	28.0666666666667	36.45	25.8	45.6	55.8	54.5	46.6	42.5	40.3	31.4	31.6	26.1	26.5	24.9	419.8	27.2	0.5865	130.8533	223.1217	0.659	130.6949	198.3218	0.5981	46.8734	78.376
WAA041	-25.7333333333333	-16.9	3.4	-9.9	2.4	-25.4	-27.6	-25.9	-18.4	-6.4	1.8	4.7	3.7	-0.6	-10.2	-18.9	-24.2	120	13	13	59	35	18.75	5	4	4	5	4	8	25	26	16	12	7	4	37.125	31.6333333333333	51.9	37.5666666666667	27.4	35.9	24.8	45.5	55.5	54.3	45.9	42.1	39.9	30.7	30.9	25.8	25.5	24.6	284.7	0	0.5825	119.8304	205.7199	0.6738	119.7448	177.717	0	0	0
WAA042	-25.9	-17	3.4	-10	2.375	-25.6	-27.8	-26.1	-18.5	-6.4	1.8	4.7	3.7	-0.7	-10.3	-19	-24.3	116	12	13	58	33	18.5	4	4	4	5	4	8	25	25	16	11	6	4	37.0416666666667	31.5	51.8666666666667	37.5333333333333	27.2666666666667	35.85	24.7	45.4	55.5	54.3	45.8	42	39.9	30.7	30.8	25.6	25.4	24.4	283.6	0	0.5653	115.8944	204.9963	0.6531	115.8349	177.365	0	0	0
WAB001	-29.3	-21.1333333333333	1.16666666666667	-12.5333333333333	-0.025	-30.1	-31.3	-30	-22.4	-11	-1.3	3.1	1.7	-3.6	-11.9	-22.1	-26.5	191	32	34	82	43	25.5	12	10	13	10	11	19	31	32	20	12	11	10	36.9333333333333	28	54.8333333333333	44.3	20.6	38.65	24.7	45.7	58.5	61.7	44.3	48.6	47.7	36.6	21.7	17.4	22.7	13.6	116.5	0	0.5624	106.5758	189.4968	0.6976	103.4823	148.3508	0	0	0
WAB002	-29.3333333333333	-21.2666666666667	1.06666666666667	-12.6333333333333	-0.125	-30.1	-31.4	-30.1	-22.5	-11.2	-1.4	3	1.6	-3.7	-12	-22.2	-26.5	193	32	34	84	43	26	12	10	13	10	11	20	31	33	20	12	11	10	36.9083333333333	28	54.8	44.3	20.5333333333333	38.65	24.7	45.7	58.5	61.6	44.3	48.6	47.8	36.5	21.7	17.3	22.6	13.6	110.3	0	0.5294	99.8382	188.6011	0.6363	93.0071	146.1604	0	0	0
WAB003	-29.3666666666667	-21.3666666666667	0.966666666666667	-12.7666666666667	-0.225	-30.2	-31.4	-30.2	-22.6	-11.3	-1.5	2.9	1.5	-3.8	-12.2	-22.3	-26.5	197	33	36	85	43	26.25	13	10	14	11	11	20	32	33	20	12	11	10	36.8666666666667	27.9333333333333	54.7666666666667	44.3	20.4666666666667	38.65	24.7	45.6	58.4	61.6	44.3	48.6	47.8	36.5	21.7	17.2	22.5	13.5	104.2	0	0.6097	115.3511	189.2003	0.6778	98.4166	145.1977	0	0	0
WAB004	-29.4	-21.4666666666667	0.933333333333333	-12.8	-0.275	-30.2	-31.5	-30.3	-22.7	-11.4	-1.5	2.9	1.4	-3.9	-12.2	-22.3	-26.5	196	33	36	85	42	26	13	10	14	11	11	20	32	33	19	12	11	10	36.8583333333333	27.9	54.7666666666667	44.3333333333333	20.4333333333333	38.675	24.6	45.6	58.4	61.5	44.4	48.7	47.8	36.5	21.7	17.1	22.5	13.5	101.8	0	0.5762	108.344	188.0214	0.6595	95.6586	145.0459	0	0	0
WAB005	-29.2666666666667	-21.1	1.23333333333333	-12.5333333333333	0.025	-30.1	-31.3	-30	-22.3	-11	-1.2	3.2	1.7	-3.6	-11.9	-22.1	-26.4	191	32	34	82	43	25.5	12	10	13	10	11	19	31	32	20	12	11	10	36.9	27.8333333333333	54.8	44.4	20.5666666666667	38.775	24.6	45.5	58.4	61.6	44.4	48.7	47.8	36.7	21.9	17.3	22.5	13.4	120.2	0	0.5489	104.3107	190.0416	0.6286	93.5882	148.8829	0	0	0
WAB006	-29.1666666666667	-20.9	1.43333333333333	-12.4	0.225	-30	-31.2	-29.8	-22.1	-10.8	-1	3.4	1.9	-3.4	-11.8	-22	-26.3	188	30	33	81	44	25.25	11	9	12	10	11	19	30	32	20	13	11	10	36.95	27.8	54.8333333333333	44.5333333333333	20.6333333333333	38.9	24.5	45.5	58.4	61.6	44.5	48.8	47.9	36.9	22	17.4	22.5	13.4	133.1	0	0.4872	93.1339	191.1625	0.6036	91.8397	152.1574	0	0	0
WAB007	-28.6	-19.7	2.73333333333333	-11.4666666666667	1.475	-29.5	-30.4	-28.8	-20.9	-9.4	0.4	4.7	3.1	-2.3	-10.8	-21.3	-25.9	166	22	27	71	46	23	8	7	8	9	10	15	26	30	21	15	10	7	37.1666666666667	27.3	55.0666666666667	45.1666666666667	21.1333333333333	39.6	23.9	44.9	58.5	61.9	44.8	49.3	48.5	37.7	22.9	17.9	22.6	13.1	226.9	0	0.6094	122.2341	200.5831	0.7136	120.2349	168.4865	0	0	0
WAB008	-28.5	-19.2666666666667	3.33333333333333	-11.3666666666667	1.975	-29.5	-30.3	-28.4	-20.4	-9	1.1	5.3	3.6	-2.1	-10.9	-21.1	-25.7	155	17	23	70	45	22.75	6	5	6	8	9	14	26	30	21	15	9	6	37.1333333333333	26.4333333333333	55.2	45.9333333333333	20.9666666666667	40.35	22.9	44.1	58.2	61.6	45.8	50	49.3	38.5	23.6	17.4	21.9	12.3	273.1	1.2	0.5831	120.7743	207.1407	0.6793	119.6499	176.1345	0.6497	11.3013	17.3944
WAB009	-28.5	-19.2	3.53333333333333	-11.2666666666667	2.15	-29.5	-30.3	-28.4	-20.3	-8.9	1.3	5.5	3.8	-2	-10.8	-21	-25.7	154	17	23	69	45	22.5	6	5	6	8	9	14	25	30	21	15	9	6	37.1666666666667	26.3	55.2333333333333	46.1333333333333	21	40.55	22.7	44	58.1	61.6	46	50.2	49.5	38.7	23.8	17.4	21.8	12.2	289.4	3.2	0.5517	114.6693	207.8581	0.6368	113.3466	178.0035	0.472	13.1687	27.8983
WAB010	-28.3666666666667	-18.9666666666667	3.7	-11.0666666666667	2.325	-29.4	-30.1	-28.2	-20.1	-8.6	1.5	5.7	3.9	-1.8	-10.6	-20.8	-25.6	151	17	22	67	45	22.25	6	5	5	8	9	13	25	29	22	15	8	6	37.2	26.3666666666667	55.2333333333333	46.0666666666667	21.1333333333333	40.5	22.7	44.1	58.2	61.7	45.8	50.1	49.4	38.7	23.8	17.6	22	12.3	303.8	6	0.5718	120.1697	210.1583	0.6567	118.6253	180.6296	0.5451	20.9281	38.3912
WAB011	-28.4666666666667	-19.1	3.6	-11.2	2.225	-29.5	-30.2	-28.3	-20.2	-8.8	1.4	5.6	3.8	-1.9	-10.7	-21	-25.7	152	17	23	68	44	22.25	6	5	6	8	9	13	25	30	21	15	8	6	37.1666666666667	26.3333333333333	55.2666666666667	46.0333333333333	21.0333333333333	40.45	22.7	44.1	58.2	61.7	45.9	50.1	49.4	38.6	23.7	17.5	21.9	12.2	295.1	4.5	0.5537	115.7515	209.0587	0.6492	115.7513	178.2918	0.5985	19.2553	32.1723
WAB012	-28.7666666666667	-19.4333333333333	3.33333333333333	-11.6	1.925	-29.8	-30.6	-28.6	-20.6	-9.1	1.1	5.3	3.6	-2.3	-11.2	-21.3	-25.9	155	19	23	70	43	22.75	7	5	6	8	9	14	26	30	21	14	8	7	37.075	26.1333333333333	55.2333333333333	46.1	20.8333333333333	40.5	22.5	43.9	58.1	61.5	46.1	50.2	49.5	38.6	23.7	17.1	21.7	12	271.9	1.2	0.5944	123.3794	207.578	0.6996	122.9549	175.7543	0.8408	14.6388	17.4097
WAB013	-28.7666666666667	-19.5666666666667	2.96666666666667	-11.5	1.675	-29.6	-30.5	-28.8	-20.7	-9.2	0.8	4.9	3.2	-2.2	-10.9	-21.4	-26.2	148	18	23	63	44	20.75	6	6	6	7	10	13	22	28	20	16	8	6	37.0333333333333	27.2333333333333	55.0666666666667	44.6	21.2333333333333	39.075	23.8	44.9	58.9	62.3	44	48.7	47.9	37.2	22.5	18.3	22.9	13	243.4	0	0.5934	119.3962	201.201	0.7027	119.3583	169.856	0	0	0
WAB014	-28.7666666666667	-19.5	2.96666666666667	-11.5	1.675	-29.6	-30.5	-28.7	-20.7	-9.1	0.8	4.9	3.2	-2.2	-10.9	-21.4	-26.2	145	17	23	61	44	20.25	6	5	6	7	10	12	21	28	20	16	8	6	37.0166666666667	27.1333333333333	55.0666666666667	44.6333333333333	21.2333333333333	39.1	23.7	44.8	58.9	62.3	44	48.8	47.9	37.2	22.5	18.3	22.9	12.9	243.4	0	0.584	117.5012	201.1953	0.6904	117.2736	169.8656	0	0	0
WAB015	-28.9666666666667	-19.6333333333333	3.16666666666667	-11.8333333333333	1.75	-30	-30.8	-28.8	-20.8	-9.3	1	5.1	3.4	-2.5	-11.4	-21.6	-26.1	154	20	24	68	42	22	7	6	7	8	9	14	25	29	20	14	8	7	36.9916666666667	26.0666666666667	55.2666666666667	45.9333333333333	20.7	40.325	22.4	43.9	58.2	61.6	46	50.1	49.3	38.4	23.5	17	21.6	11.9	257.2	0.1	0.5788	118.1903	204.2052	0.685	118.1877	172.5436	0.4159	1.8242	4.3863
WAB016	-29.1	-19.7333333333333	3.13333333333333	-12.0333333333333	1.675	-30.1	-30.9	-28.9	-20.9	-9.4	1	5.1	3.3	-2.7	-11.7	-21.7	-26.3	148	17	23	66	42	21.5	6	5	6	8	9	13	24	29	20	14	8	6	36.9416666666667	25.9333333333333	55.3	45.9	20.6333333333333	40.275	22.3	43.8	58.3	61.7	45.9	50.1	49.4	38.2	23.4	17	21.5	11.7	253.5	0.1	0.5527	112.5151	203.5773	0.656	112.5151	171.5167	0.1839	0.8063	4.3837
WAB017	-29.6	-19.5666666666667	3.76666666666667	-12.2666666666667	2.15	-30.8	-31.4	-29	-20.7	-9	1.7	5.8	3.8	-2.7	-12.1	-22	-26.6	133	14	19	58	42	19.5	5	4	4	7	8	11	21	26	20	15	7	5	36.9583333333333	25	55.6333333333333	46.6333333333333	20.5666666666667	40.975	21.1	43	58.3	61.9	46.7	50.9	50.2	38.8	24	16.6	21.1	10.9	302.5	7.4	0.4752	98.9847	208.2796	0.5586	98.9847	177.1886	0.352	14.3504	40.7646
WAB018	-29.8666666666667	-19.9	3.5	-12.5666666666667	1.875	-31	-31.7	-29.3	-21.1	-9.3	1.5	5.5	3.5	-3	-12.4	-22.3	-26.9	133	14	20	59	40	19.5	5	4	5	7	8	11	22	26	19	14	7	5	36.825	24.9	55.5333333333333	46.5	20.3666666666667	40.825	21	43	58.2	61.7	46.7	50.8	50.1	38.6	23.8	16.4	20.9	10.7	279.4	2.9	0.5171	106.4188	205.7911	0.6088	106.4188	174.7898	0.6679	15.9266	23.8447
WAB019	-29.7333333333333	-19.6333333333333	3.7	-12.3666666666667	2.075	-30.9	-31.6	-29.1	-20.7	-9.1	1.7	5.7	3.7	-2.8	-12.2	-22.1	-26.7	131	13	19	58	41	19.25	4	4	4	7	8	11	21	26	19	15	7	5	36.9333333333333	24.9333333333333	55.6333333333333	46.6333333333333	20.5333333333333	40.975	21	43	58.3	61.9	46.7	50.9	50.2	38.8	24	16.6	21	10.8	296	5.7	0.5299	110.5005	208.5405	0.6267	110.5004	176.3291	0.6292	21.7294	34.5333
WAB020	-30.0666666666667	-20	3.5	-12.7	1.85	-31.2	-31.9	-29.4	-21.2	-9.4	1.5	5.5	3.5	-3.1	-12.6	-22.4	-27.1	132	14	19	59	40	19.5	5	4	4	7	8	11	22	26	19	14	7	5	36.8	24.7333333333333	55.6	46.6	20.2666666666667	40.9	20.8	42.9	58.2	61.7	46.9	50.9	50.2	38.7	23.8	16.2	20.8	10.5	279	2.9	0.5116	105.6728	206.561	0.6058	105.6728	174.438	0.5616	13.3957	23.8536
WAB021	-29.9333333333333	-20	3.43333333333333	-12.7333333333333	1.775	-31	-31.8	-29.4	-21.2	-9.4	1.5	5.4	3.4	-3.2	-12.6	-22.4	-27	131	14	19	58	40	19.25	5	4	4	7	8	11	21	26	19	14	7	5	36.7666666666667	25	55.5	46.2	20.3666666666667	40.55	21.1	43.1	58.4	61.8	46.3	50.5	49.8	38.3	23.6	16.5	21	10.8	272.8	1.9	0.5868	120.3765	205.1535	0.6828	118.354	173.3296	0.8171	17.7132	21.6771
WAB022	-31	-21	2.93333333333333	-13.4666666666667	1.275	-32.1	-33	-30.4	-22.3	-10.3	0.9	4.9	3	-3.7	-13.4	-23.3	-27.9	128	16	20	58	34	18.5	6	5	5	7	8	11	22	25	16	12	6	5	36.5083333333333	24	55.4666666666667	46.8666666666667	19.7	41.125	20	42.2	57.7	61	47.7	51.3	50.5	38.8	23.9	15.3	19.9	9.8	233.7	0	0.5135	103.7176	201.973	0.6143	102.5775	166.9819	0	0	0
WAB023	-31.0333333333333	-21.1	2.83333333333333	-13.6	1.175	-32.1	-33.1	-30.5	-22.4	-10.4	0.8	4.8	2.9	-3.8	-13.5	-23.5	-27.9	129	16	21	58	34	18.5	6	5	6	7	8	11	22	25	16	12	6	5	36.475	24	55.4666666666667	46.7666666666667	19.6666666666667	41.05	20	42.2	57.7	61	47.7	51.2	50.4	38.7	23.9	15.3	19.8	9.8	225.9	0	0.4929	99.3277	201.5053	0.6035	99.3277	164.5735	0	0	0
WAB024	-31.2	-21.3	2.7	-13.8	1.025	-32.2	-33.2	-30.7	-22.6	-10.6	0.6	4.7	2.8	-4	-13.7	-23.7	-28.2	129	17	20	59	33	18.75	6	5	6	7	7	12	22	25	16	11	6	6	36.4083333333333	23.8666666666667	55.4333333333333	46.7333333333333	19.6	41	19.9	42.1	57.6	60.9	47.8	51.2	50.4	38.6	23.8	15.2	19.8	9.6	216.2	0	0.4937	98.755	200.047	0.6048	98.755	163.286	0	0	0
WAB025	-30.6333333333333	-20.6666666666667	3.03333333333333	-13.3333333333333	1.375	-31.7	-32.6	-30.1	-21.9	-10	1	5.1	3	-3.6	-13.3	-23.1	-27.6	132	16	20	59	37	19	6	5	5	7	8	11	22	26	17	13	7	5	36.5583333333333	24.3	55.5	46.5333333333333	19.9	40.825	20.3	42.5	58	61.4	47.1	50.9	50.2	38.5	23.7	15.7	20.3	10.1	242	0.1	0.4915	99.3756	202.2023	0.5933	99.3756	167.4896	0.6787	2.9808	4.3922
WAB026	-31.1666666666667	-21.2666666666667	2.7	-13.7333333333333	1.05	-32.2	-33.2	-30.7	-22.6	-10.5	0.6	4.7	2.8	-3.9	-13.7	-23.6	-28.1	127	16	20	58	33	18.5	6	5	6	7	7	11	22	25	16	11	6	5	36.4083333333333	23.8666666666667	55.4333333333333	46.7333333333333	19.6	41	19.8	42.1	57.7	60.9	47.7	51.2	50.4	38.6	23.8	15.2	19.8	9.7	216.5	0	0.486	97.1774	199.9547	0.5941	97.1774	163.5743	0	0	0
WAB027	-31.1333333333333	-21.1666666666667	2.76666666666667	-13.7333333333333	1.1	-32.1	-33.2	-30.6	-22.5	-10.4	0.7	4.8	2.8	-3.9	-13.7	-23.6	-28.1	126	16	19	57	34	18.25	6	5	5	7	7	11	22	24	16	12	6	5	36.45	23.8333333333333	55.5	46.8333333333333	19.6333333333333	41.075	19.8	42.1	57.8	61	47.7	51.3	50.5	38.7	23.8	15.3	19.8	9.6	221.3	0	0.6286	125.8694	200.2504	0.7671	125.8507	164.0643	0	0	0
WAB028	-31.1666666666667	-21.3333333333333	2.43333333333333	-14.0666666666667	0.75	-32.2	-33.1	-30.8	-22.6	-10.6	0.4	4.5	2.4	-4.3	-14.1	-23.8	-28.2	132	17	22	59	34	18.75	6	5	6	8	8	12	22	25	16	11	7	6	36.25	24.1	55.3333333333333	46.0333333333333	19.5333333333333	40.325	20.1	42.4	57.9	61.2	46.9	50.5	49.7	37.9	23.2	15.4	20	9.8	196.1	0	0.6681	131.713	197.1524	0.8028	128.4864	160.0571	0	0	0
WAB029	-31.4	-21.6	2.23333333333333	-14.3	0.55	-32.4	-33.4	-31	-22.9	-10.9	0.2	4.3	2.2	-4.5	-14.3	-24.1	-28.4	133	19	22	59	33	18.75	7	6	6	8	8	12	22	25	16	11	6	6	36.15	24	55.2333333333333	45.9666666666667	19.4	40.25	20	42.3	57.8	61.1	46.8	50.5	49.6	37.8	23.1	15.3	19.8	9.7	181.5	0	0.6785	132.875	195.841	0.8193	128.4	156.7242	0	0	0
WAB030	-31.4	-21.5666666666667	2.26666666666667	-14.3	0.575	-32.4	-33.4	-31	-22.9	-10.8	0.3	4.3	2.2	-4.5	-14.3	-24.1	-28.4	132	18	22	59	33	18.75	7	5	6	8	8	12	22	25	16	11	6	6	36.1583333333333	24	55.2666666666667	45.9666666666667	19.4	40.25	20	42.3	57.9	61.1	46.8	50.5	49.6	37.8	23.1	15.3	19.8	9.7	183.1	0	0.6725	131.8735	196.0891	0.8226	129.092	156.932	0	0	0
WAB031	-30.3	-20.6333333333333	2.66666666666667	-13.5333333333333	1.05	-31.2	-32.1	-30	-22	-9.9	0.7	4.7	2.6	-3.8	-13.5	-23.3	-27.6	126	13	19	55	39	18.5	4	4	4	7	8	10	19	26	19	14	6	5	36.3583333333333	24.9333333333333	55.3333333333333	45.1333333333333	20.0333333333333	39.5	21	43.1	58.7	62.1	45.2	49.6	48.7	37.1	22.6	16.5	21	10.7	213.4	0	0.6338	125.4055	197.8766	0.7556	122.7425	162.4332	0	0	0
WAB032	-31.5	-21.7333333333333	2.26666666666667	-14.3333333333333	0.575	-32.5	-33.5	-31.2	-23.1	-10.9	0.2	4.3	2.3	-4.5	-14.4	-24.1	-28.5	128	17	21	58	32	18.25	6	5	6	7	8	11	22	25	15	11	6	6	36.15	23.7333333333333	55.3333333333333	46.2	19.3333333333333	40.475	19.7	42	57.8	61	47.2	50.7	49.9	38	23.3	15.1	19.6	9.5	183.8	0	0.6527	127.8205	195.8282	0.8102	127.2776	157.0937	0	0	0
WAB033	-31.5666666666667	-21.8	2.23333333333333	-14.4	0.55	-32.5	-33.6	-31.2	-23.2	-11	0.2	4.3	2.2	-4.5	-14.5	-24.2	-28.6	126	17	20	57	32	18	6	5	6	7	7	11	22	24	15	11	6	6	36.125	23.6666666666667	55.3	46.2333333333333	19.3	40.5	19.6	42	57.7	60.9	47.3	50.8	49.9	38	23.3	15	19.6	9.4	181.5	0	0.6437	125.8528	195.5259	0.8	125.5802	156.9656	0	0	0
WAB034	-31.5666666666667	-21.6666666666667	2.46666666666667	-14.1	0.825	-32.5	-33.6	-31.1	-23.1	-10.8	0.4	4.5	2.5	-4.1	-14.1	-24.1	-28.6	115	13	18	53	31	17	5	4	5	6	7	10	20	23	15	11	5	4	36.2416666666667	23.3666666666667	55.4666666666667	46.7666666666667	19.3666666666667	41.025	19.3	41.7	57.6	60.9	47.9	51.3	50.5	38.5	23.8	14.9	19.4	9.1	198.9	0	0.5835	114.8301	196.7798	0.7185	114.83	159.825	0	0	0
WAB035	-31.5666666666667	-21.6666666666667	2.46666666666667	-14.1	0.825	-32.5	-33.6	-31.1	-23.1	-10.8	0.4	4.5	2.5	-4.1	-14.1	-24.1	-28.6	114	13	17	53	31	17	5	4	4	6	7	10	20	23	15	11	5	4	36.25	23.3333333333333	55.5	46.8	19.3666666666667	41.05	19.2	41.7	57.6	60.9	48	51.3	50.5	38.6	23.8	14.9	19.4	9.1	198.9	0	0.5789	113.8462	196.6663	0.7123	113.8462	159.8239	0	0	0
WAB036	-31.7333333333333	-21.8666666666667	2.33333333333333	-14.3333333333333	0.675	-32.6	-33.8	-31.3	-23.3	-11	0.2	4.4	2.4	-4.3	-14.4	-24.3	-28.8	113	13	17	53	30	16.75	5	4	4	6	7	10	20	23	14	11	5	4	36.15	23.2333333333333	55.4666666666667	46.6666666666667	19.2333333333333	40.9	19.1	41.6	57.6	60.9	47.9	51.2	50.4	38.4	23.6	14.8	19.3	9	189.7	0	0.5752	112.8295	196.1715	0.7128	112.8294	158.2974	0	0	0
WAB037	-31.8	-21.9666666666667	2.23333333333333	-14.4333333333333	0.575	-32.7	-33.8	-31.4	-23.4	-11.1	0.1	4.3	2.3	-4.4	-14.5	-24.4	-28.9	114	13	18	53	30	16.75	5	4	5	6	7	10	20	23	14	11	5	4	36.0833333333333	23.2	55.4	46.5666666666667	19.1666666666667	40.8	19.1	41.6	57.6	60.8	47.8	51.1	50.3	38.3	23.5	14.7	19.3	8.9	182.4	0	0.5839	113.8134	194.9232	0.7301	113.813	155.8816	0	0	0
WAB038	-31.8	-21.9333333333333	2.23333333333333	-14.5	0.55	-32.7	-33.8	-31.4	-23.4	-11	0.2	4.3	2.2	-4.5	-14.6	-24.4	-28.9	114	13	18	53	30	16.75	5	4	5	6	7	10	20	23	14	11	5	4	36.0583333333333	23.1666666666667	55.4	46.5	19.1666666666667	40.75	19.1	41.5	57.6	60.9	47.7	51.1	50.2	38.2	23.5	14.7	19.3	8.9	181.5	0	0.5796	113.8134	196.3642	0.7246	113.8131	157.0643	0	0	0
EBL001	-8.43333333333333	-0.566666666666667	13.0666666666667	4.53333333333333	12.225	-9.4	-9.9	-5.8	-0.5	4.6	10.2	14.9	14.1	9.7	4.3	-0.4	-6	1135	308	235	280	312	93.75	110	87	85	71	79	95	79	106	95	108	109	111	34.525	28.9333333333333	35.4666666666667	41.7666666666667	31.9333333333333	40.825	29.3	33.1	34.8	33.1	38.5	38.9	44	42.4	38	32.4	25.4	24.4	1757.9	871.4	0.7691	381.6563	496.2354	0.7564	347.3456	459.2198	0.7637	270.0159	353.5662
EBL002	-10.2333333333333	-1.96666666666667	10.2333333333333	3.46666666666667	9.775	-11.6	-11.4	-7.1	-1.8	3	7.3	11.6	11.8	8.4	3.3	-1.3	-7.7	1192	345	252	301	294	98.75	125	95	106	78	68	96	94	111	94	101	99	125	32.95	31.2666666666667	33.3333333333333	35.0333333333333	32.1666666666667	34.95	32	33	32.8	31.6	35.6	35	34	36.1	34.7	33.4	28.4	28.8	1359.1	552.3	0.7124	305.2869	428.561	0.7041	277.8796	394.6334	0.6859	190.6989	278.043
EBL003	-10.1333333333333	-1.96666666666667	10.1333333333333	3.53333333333333	9.7	-11.5	-11.3	-7	-1.8	2.9	7.2	11.4	11.8	8.4	3.4	-1.2	-7.6	1181	340	251	298	292	97.75	123	94	106	78	67	95	93	110	93	100	99	123	33.1166666666667	31.5	33.4333333333333	35.2	32.3333333333333	35.1	32.3	33.3	33	31.6	35.7	35	34.2	36.4	34.8	33.6	28.6	28.9	1350.8	543.6	0.723	309.8084	428.4766	0.7125	280.8543	394.1571	0.6945	191.9381	276.3635
EBL004	-10.5666666666667	-2.13333333333333	10.0666666666667	3.26666666666667	9.6	-12	-11.6	-7.3	-1.9	2.8	7.1	11.4	11.7	8.2	3.1	-1.5	-8.1	1188	339	252	302	295	99	122	94	106	78	68	96	94	112	94	101	100	123	32.7416666666667	30.9333333333333	33.2333333333333	35.0333333333333	31.7666666666667	34.85	31.6	32.9	32.7	31.5	35.5	34.8	34.1	36.2	34.3	33	28	28.3	1324.2	529.8	0.6731	285.7903	424.5576	0.6668	260.2458	390.318	0.6751	182.8443	270.8237
EBL005	-10.5666666666667	-2.26666666666667	10.2666666666667	3.23333333333333	9.8	-11.9	-11.7	-7.5	-2.1	2.8	7.2	11.7	11.9	8.4	3	-1.7	-8.1	1184	331	253	301	299	99.25	120	91	104	80	69	99	95	107	96	101	102	120	33.8083333333333	32.6666666666667	34.0333333333333	36.2666666666667	32.2666666666667	35.9	33.4	35.3	34.1	31.9	36.1	35.4	36	37.4	34.8	33.6	28.4	29.3	1343.5	553	0.716	307.163	429.0096	0.7054	277.9707	394.0393	0.6932	190.9201	275.3998
EBL006	-13.5	-3.43333333333333	9.73333333333333	1.56666666666667	9.025	-15.2	-14	-9.2	-3.2	2.1	6.9	11.3	11	6.9	1.4	-3.6	-11.3	1181	301	258	316	306	104	105	84	106	77	75	98	104	114	100	103	103	112	32.1583333333333	31.1666666666667	33	34.9333333333333	29.5333333333333	34.125	31.6	34.5	32.5	31.8	34.7	33.8	34.9	36.1	31.7	30.6	26.3	27.4	1178.7	457.7	0.5824	234.088	401.9094	0.5866	214.7337	366.0848	0.588	146.1661	248.579
EBL007	-13.4333333333333	-3.43333333333333	9.66666666666667	1.56666666666667	8.975	-15.1	-14	-9.2	-3.2	2.1	6.8	11.2	11	6.9	1.4	-3.6	-11.2	1181	303	258	315	305	103.5	106	85	106	77	75	98	103	114	99	103	103	112	32.1916666666667	31.2333333333333	33	34.9333333333333	29.6	34.125	31.7	34.5	32.5	31.8	34.7	33.8	34.9	36.1	31.7	30.7	26.4	27.5	1172.6	452.2	0.581	233.1626	401.3042	0.5953	217.6859	365.647	0.5911	146.6832	248.1614
EBL008	-13.3	-3.76666666666667	9.16666666666667	1.4	8.525	-14.9	-14	-9.4	-3.6	1.7	6.3	10.7	10.5	6.6	1.3	-3.7	-11	1195	320	264	311	300	102.25	113	90	110	81	73	98	101	112	98	100	102	117	32.425	32.1	32.9333333333333	34.6	30.0666666666667	33.9	32.8	35.1	32.8	31.6	34.4	33.5	34.5	35.8	31.8	31.3	27.1	28.4	1104.6	401.6	0.5296	208.9456	394.5213	0.5332	191.1473	358.4933	0.5017	118.5016	236.1912
EBL009	-13.6	-3.86666666666667	9.16666666666667	1.26666666666667	8.525	-15.2	-14.3	-9.6	-3.7	1.7	6.3	10.7	10.5	6.6	1.1	-3.9	-11.3	1190	315	263	312	300	102.5	111	89	109	80	74	98	102	112	98	100	102	115	32.3333333333333	32.0666666666667	32.9333333333333	34.6	29.7333333333333	33.825	32.8	35.2	32.8	31.6	34.4	33.4	34.6	35.8	31.5	30.9	26.8	28.2	1099.9	401.3	0.5759	226.0842	392.547	0.5621	200.3348	356.3876	0.5309	125.2494	235.9397
EBL010	-13.5	-3.9	9.1	1.23333333333333	8.45	-15.1	-14.2	-9.6	-3.7	1.6	6.3	10.6	10.4	6.5	1.1	-3.9	-11.2	1193	319	264	310	300	102	113	90	110	81	73	98	101	111	98	100	102	116	32.3916666666667	32.2333333333333	32.9	34.5666666666667	29.8666666666667	33.8	33	35.3	32.8	31.6	34.3	33.4	34.5	35.8	31.5	31.1	27	28.4	1088.4	392.8	0.5975	234.0961	391.7664	0.5857	208.2353	355.5407	0.5483	128.4441	234.2643
EBL011	-14.5666666666667	-3.83333333333333	9.76666666666667	1.03333333333333	8.975	-16.3	-15	-9.9	-3.6	2	7	11.4	10.9	6.6	0.9	-4.4	-12.4	1178	290	258	322	308	105.75	100	81	104	76	78	99	108	115	101	104	103	109	32.0916666666667	31.5	33.1	34.9666666666667	28.8	33.925	31.9	35.2	32.6	32.1	34.6	33.6	35.3	36	30.8	29.8	25.8	27.4	1158	452.3	0.5847	231.8475	396.5397	0.5953	214.5939	360.4673	0.5726	140.6928	245.6955
EBL012	-14.0333333333333	-3.96666666666667	9.3	1.13333333333333	8.6	-15.7	-14.7	-9.8	-3.8	1.7	6.5	10.8	10.6	6.5	1	-4.1	-11.7	1178	304	262	312	300	102.75	107	86	108	80	74	98	103	111	99	99	102	111	32.3333333333333	32.2333333333333	33	34.8	29.3	33.85	32.9	35.7	32.9	31.8	34.3	33.3	35	36.1	31	30.4	26.5	28.1	1106.7	409.8	0.5652	221.2732	391.4648	0.572	203.0499	354.9977	0.5391	128.1368	237.6962
EBL013	-13.3333333333333	-4.03333333333333	8.9	1.3	8.3	-14.9	-14.2	-9.6	-3.9	1.4	6.1	10.4	10.2	6.5	1.2	-3.8	-10.9	1171	315	265	300	291	98.75	112	90	111	83	71	96	98	106	95	95	101	113	32.9583333333333	33.3333333333333	33.3	35.1	30.1	34.225	34.2	36.7	33.7	31.9	34.3	33.5	35.3	36.5	31.6	31.4	27.3	29.1	1067.5	376	0.587	228.8014	389.7499	0.5698	201.2228	353.1208	0.5247	121.5361	231.6323
EBL014	-12	-3.33333333333333	9.2	2.16666666666667	8.7	-13.5	-13	-8.5	-3.3	1.8	6.3	10.6	10.7	7.2	2	-2.7	-9.5	1114	299	257	282	276	93	106	86	107	83	67	93	91	98	90	89	97	107	34.2083333333333	34.4666666666667	34.3333333333333	36.7	31.3333333333333	35.8	35.3	38.4	35.1	32.6	35.3	34.7	37.3	38.1	33.1	32.8	28.1	29.7	1147.3	420.7	0.6876	278.3659	404.8144	0.6746	248.893	368.9231	0.6247	153.525	245.7538
EBL015	-12.3333333333333	-3.66666666666667	8.86666666666667	1.83333333333333	8.375	-13.8	-13.4	-8.9	-3.6	1.5	6	10.3	10.3	6.9	1.7	-3.1	-9.8	1121	302	260	282	277	92.75	107	87	108	84	68	93	91	98	89	89	99	108	34.0916666666667	34.3666666666667	34.3	36.6	31.1	35.65	35.2	38.5	35.1	32.6	35.2	34.6	37.2	38	32.8	32.6	27.9	29.4	1091.6	384.1	0.6696	266.8698	398.5493	0.6763	244.888	362.0865	0.662	156.4822	236.393
EBL016	-13.6	-3.93333333333333	9.2	1.33333333333333	8.55	-15.2	-14.4	-9.6	-3.8	1.6	6.4	10.7	10.5	6.6	1.2	-3.8	-11.2	1159	305	262	302	290	99.5	108	87	109	81	72	96	100	106	96	95	99	110	32.7166666666667	33	33.2	35	29.6666666666667	34.025	33.8	36.5	33.4	32	34.2	33.3	35.3	36.4	31.1	30.9	27	28.7	1102.7	403.7	0.6176	241.718	391.3644	0.6122	217.8127	355.7791	0.6121	144.6028	236.2324
EBL017	-12.2	-3.16666666666667	9.46666666666667	2.26666666666667	8.925	-13.7	-13.2	-8.6	-3	2.1	6.6	10.9	10.9	7.3	2.2	-2.7	-9.7	1106	295	254	283	274	93.25	105	85	106	81	67	92	92	99	90	89	95	105	33.7166666666667	34	33.9	36.1666666666667	30.8	35.225	34.8	37.7	34.4	32.4	34.9	34.2	36.6	37.7	32.4	32.1	27.9	29.5	1188.2	446.8	0.7262	293.833	404.6414	0.7183	266.1653	370.5268	0.6683	167.3022	250.334
EBL018	-20.6666666666667	-5.03333333333333	11.7333333333333	-1.16666666666667	10.35	-22.5	-20.1	-13.4	-4.8	3.1	9.8	13.5	11.9	6.2	-0.9	-8.8	-19.4	814	151	138	295	230	97.5	55	34	42	44	52	90	110	95	95	70	65	62	35.5666666666667	36.7333333333333	39.2333333333333	40.6	25.7	37.6	35.9	43.3	38.8	37.7	41.2	39.1	41.1	41.6	28.6	25	23.5	31	1322.6	621.1	0.6392	269.5875	421.7823	0.6551	248.1455	378.7841	0.6604	191.9177	290.6055
EBL019	-10.5666666666667	-2.43333333333333	9.56666666666667	3.23333333333333	9.2	-12	-11.7	-7.3	-2.3	2.3	6.7	10.8	11.2	8.1	3.1	-1.5	-8	1022	269	242	258	253	84.75	95	79	100	80	62	86	83	89	81	80	92	95	35.6166666666667	35.6333333333333	35.6333333333333	38.7	32.5	37.675	36.2	40.6	36.7	33.6	36.6	36.2	39.8	40.1	34.6	34	28.9	30.1	1259.5	481.4	0.7825	331.1788	423.2298	0.7761	302.1931	389.3518	0.7483	199.5112	266.6248
EBL020	-14.6	-4.3	9.23333333333333	0.8	8.475	-16.3	-15.2	-10.3	-4.2	1.6	6.5	10.8	10.4	6.2	0.7	-4.5	-12.3	1168	296	262	312	298	102.75	104	84	107	80	75	98	105	109	99	98	101	108	32.3	32.5666666666667	33	34.8333333333333	28.8	33.7	33.2	36.4	33	32	34	33.1	35.3	36.1	30.3	29.9	26.2	28.1	1082.5	396.7	0.8021	310.0156	386.4995	0.8078	282.1885	349.3102	0.7249	169.8005	234.2376
EBL021	-20.7	-5.06666666666667	11.7	-1.16666666666667	10.325	-22.5	-20.2	-13.4	-4.8	3	9.7	13.5	11.9	6.2	-0.9	-8.8	-19.4	812	150	137	295	230	97.5	55	34	42	44	51	90	110	95	95	70	65	61	35.5833333333333	36.8666666666667	39.3	40.5333333333333	25.6333333333333	37.55	36	43.5	38.9	37.8	41.2	39	41.1	41.5	28.6	24.9	23.4	31.1	1317.1	617.4	0.6087	256.0707	420.6804	0.6427	242.8595	377.8733	0.6541	189.6787	289.9836
EBL022	-11.8333333333333	-3.1	9.43333333333333	2.46666666666667	8.925	-13.3	-12.9	-8.3	-3	2	6.6	10.8	10.9	7.4	2.4	-2.4	-9.3	1078	287	252	273	266	90	102	83	105	81	66	90	89	94	87	85	94	102	34.2833333333333	34.5666666666667	34.4333333333333	36.9333333333333	31.2	35.925	35.3	38.8	35.2	32.8	35.3	34.7	37.6	38.5	32.9	32.6	28.1	29.6	1191.9	446.8	0.706	287.776	407.6353	0.6946	258.9826	372.8741	0.6602	166.9941	252.9474
EBL023	-10.5666666666667	-2.53333333333333	9.46666666666667	3.16666666666667	9.1	-12	-11.7	-7.3	-2.4	2.1	6.6	10.7	11.1	8	3	-1.5	-8	1013	266	242	254	251	83.5	93	79	100	80	62	85	82	87	80	79	92	94	35.6916666666667	35.6333333333333	35.7666666666667	38.9	32.4666666666667	37.825	36.1	40.8	36.9	33.7	36.7	36.3	40.1	40.3	34.6	34	28.8	30	1238.8	469	0.7559	318.9423	421.9456	0.7466	289.0713	387.1783	0.7267	191.0846	262.9399
EBL024	-11.0333333333333	-2.76666666666667	9.46666666666667	2.93333333333333	9.05	-12.5	-12.2	-7.7	-2.7	2.1	6.6	10.8	11	7.8	2.8	-1.8	-8.4	1026	270	244	259	253	85.25	95	80	101	80	63	86	84	89	82	80	91	95	35.125	35.3333333333333	35.1666666666667	38.2	31.8	37.075	36	40.2	36.2	33.4	35.9	35.6	39.3	39.7	33.7	33.3	28.4	29.8	1224.2	462.5	0.6831	283.5614	415.0949	0.6823	259.6819	380.5932	0.6861	177.9968	259.4167
EBL025	-12.6666666666667	-3.7	9.1	1.83333333333333	8.55	-14.2	-13.7	-9.1	-3.6	1.6	6.3	10.5	10.5	6.9	1.7	-3.1	-10.1	1085	284	257	276	268	91.25	101	83	107	83	67	91	91	94	89	85	94	100	33.7666666666667	34.3333333333333	34	36.5333333333333	30.2	35.3	35.1	38.8	34.8	32.7	34.5	34	37.4	38.2	31.6	31.6	27.4	29.1	1115.4	403.1	0.6886	272.3384	395.5083	0.677	243.9958	360.3874	0.645	155.2847	240.7563
EBL026	-13.6666666666667	-3.43333333333333	10.1	1.9	9.375	-15.4	-14.4	-9.4	-3.3	2.4	7.3	11.7	11.3	7.2	1.8	-3.3	-11.2	1074	267	246	290	271	95.75	95	77	101	76	69	93	99	98	93	87	91	95	33.0083333333333	33.5333333333333	33.5333333333333	36	28.9666666666667	34.575	34.2	37.8	33.8	32.7	34.1	33.5	36.9	37.6	30.3	30.1	26.5	28.6	1238.7	498.6	0.7053	281.8647	399.6291	0.6988	256.5052	367.0868	0.654	169.7381	259.5561
EBL027	-15.9333333333333	-4.63333333333333	9.7	0.4	8.8	-17.7	-16.5	-11.1	-4.5	1.7	7	11.4	10.7	6.1	0.4	-5.3	-13.6	1113	266	248	314	285	102.75	91	78	99	75	74	98	111	105	97	93	95	97	32.625	33.6666666666667	33.6666666666667	35.4333333333333	27.7333333333333	33.85	34	38.6	33.9	33	34.1	33.2	36.7	36.4	29.1	28.7	25.4	28.4	1118.7	434.4	0.6789	260.9257	384.3434	0.6731	234.2631	348.0199	0.6162	147.8971	239.996
EBL028	-15.5333333333333	-2.53333333333333	12.8	2.2	11.725	-17.4	-15.8	-9.7	-2.4	4.5	10.1	14.7	13.6	8.5	2.2	-4.1	-13.4	953	204	194	309	246	99.25	67	60	71	58	65	97	115	97	88	79	79	77	35.05	37.4	36.5	38.1666666666667	28.1333333333333	36.15	37	43.3	36.3	35.7	37.5	36	40.5	38	30.1	28.4	25.9	31.9	1596.5	794.4	0.7861	338.1499	430.1564	0.791	316.7719	400.4814	0.7794	247.2256	317.2138
EBL029	-17.8	-4.1	12.1	0.566666666666666	10.9	-19.7	-17.9	-11.6	-4.1	3.4	9.5	14.1	12.7	7.3	0.6	-6.2	-15.8	966	204	193	317	252	101.5	66	60	70	58	65	97	120	100	89	81	82	78	35.075	38.0666666666667	37.2666666666667	38.0666666666667	26.9	35.85	37.6	44.5	37.2	36.8	37.8	36.4	40.4	37.4	29.2	26.9	24.6	32.1	1421.9	683.3	0.7465	308.5449	413.309	0.7522	284.7315	378.5242	0.7394	216.1841	292.395
EBL030	-16.7666666666667	-3.8	11.8666666666667	1.1	10.8	-18.6	-17.1	-11	-3.8	3.4	9.2	13.8	12.6	7.6	1.1	-5.4	-14.6	977	214	201	310	252	99.5	70	63	75	60	66	96	116	98	88	81	83	81	34.95	37.4333333333333	36.8	37.9666666666667	27.6	35.9	37.1	43.7	36.9	36.3	37.2	36.1	40.3	37.5	29.7	27.9	25.2	31.5	1420.3	670.5	0.7334	302.9731	413.1097	0.746	283.0285	379.4171	0.758	220.3367	290.6684
EBL031	-16.3666666666667	-3.4	12.1666666666667	1.4	11.075	-18.2	-16.7	-10.6	-3.3	3.7	9.5	14.1	12.9	7.8	1.4	-5	-14.2	967	211	199	309	248	99	69	62	74	60	65	96	116	97	87	80	81	80	34.9916666666667	37.5	36.7	38	27.7666666666667	35.95	37.1	43.7	36.7	36.1	37.3	36	40.4	37.6	29.8	28.1	25.4	31.7	1470.4	706.2	0.7915	331.0306	418.2126	0.7982	308.0074	385.8682	0.8048	240.2455	298.5092
EBL032	-18.2	-4.33333333333333	12.0666666666667	0.366666666666667	10.85	-20.1	-18.3	-11.9	-4.3	3.2	9.5	14.1	12.6	7.2	0.4	-6.5	-16.2	953	199	189	315	250	101	64	58	68	57	64	96	120	99	89	80	81	77	35.1916666666667	38.2333333333333	37.6	38.2333333333333	26.7	35.975	37.7	44.9	37.6	37.2	38	36.7	40.6	37.4	29.2	26.6	24.3	32.1	1406.5	675.9	0.7444	306.7841	412.0962	0.7581	285.4202	376.4855	0.7675	222.6786	290.1324
EBL033	-15.9333333333333	-3.13333333333333	12.2	1.73333333333333	11.15	-17.8	-16.3	-10.2	-3.1	3.9	9.5	14.1	13	8	1.7	-4.5	-13.7	967	214	200	307	246	98.5	70	64	75	60	65	96	115	96	87	79	80	80	34.7833333333333	37.1	36.3333333333333	37.7666666666667	27.9333333333333	35.75	36.7	43.2	36.4	35.7	36.9	35.7	40.1	37.5	29.7	28.4	25.7	31.4	1492.9	717.3	0.7998	335.0769	418.93	0.8053	312.0478	387.4707	0.7746	233.3654	301.2673
EBL034	-17.3	-3.96666666666667	11.9333333333333	0.866666666666667	10.8	-19.2	-17.5	-11.3	-4	3.4	9.3	13.9	12.6	7.4	0.9	-5.7	-15.2	962	206	195	313	248	100.25	67	61	72	58	65	96	119	98	88	80	80	78	34.85	37.4666666666667	36.9333333333333	37.8	27.2	35.675	37	43.9	37	36.5	37.3	36.1	40.1	37.2	29.3	27.4	24.9	31.5	1415.6	671.1	0.7443	305.9372	411.0649	0.7724	291.1385	376.9034	0.812	234.7993	289.1442
EBL035	-15.4333333333333	-3.93333333333333	10.7333333333333	1.46666666666667	9.875	-17.3	-16.1	-10.6	-3.8	2.6	8	12.4	11.8	7.3	1.4	-4.3	-12.9	983	230	217	288	248	93.25	78	70	86	65	66	89	106	93	85	81	82	82	33.8083333333333	34.7333333333333	35.3666666666667	36.9666666666667	28.1666666666667	35.125	34.5	40.7	35.8	35.2	35.1	34.8	38.6	37.5	29.6	29.2	25.7	29	1293.2	556.7	0.7751	308.154	397.5917	0.7763	283.8732	365.688	0.7375	197.5824	267.895
EBL036	-17.1333333333333	-5.03333333333333	10.5	0.466666666666667	9.55	-19	-17.8	-12.1	-5.1	2.1	7.8	12.3	11.4	6.7	0.5	-5.8	-14.6	940	219	200	286	235	91.5	73	67	78	61	61	87	109	90	80	76	79	79	34.6083333333333	36.1	37.2333333333333	37.6333333333333	27.4666666666667	35.65	35.5	43.2	38	37.4	36.3	36.4	39.6	36.9	29.7	28.1	24.6	29.6	1220.6	518.3	0.797	310.5385	389.656	0.8029	284.6576	354.5319	0.7434	191.9737	258.243
EBL037	-17.0333333333333	-4.9	10.5333333333333	0.5	9.575	-18.9	-17.7	-11.9	-5	2.2	7.8	12.3	11.5	6.7	0.5	-5.7	-14.5	943	221	200	286	236	91.5	74	68	78	61	61	87	109	90	80	77	79	79	34.575	36.1	37.1	37.5666666666667	27.5333333333333	35.575	35.5	43.2	37.9	37.2	36.2	36.2	39.6	36.9	29.6	28.2	24.8	29.6	1226.1	521.7	0.7952	309.8546	389.6495	0.7999	283.7704	354.7393	0.7571	195.5497	258.2744
EBL038	-20.5666666666667	-6.83333333333333	10.6666666666667	-1.46666666666667	9.4	-22.3	-20.7	-14.7	-7.1	1.3	8.3	12.7	11	5.6	-1.3	-8.7	-18.7	817	151	156	280	230	91.5	51	45	54	53	49	78	108	94	86	71	73	55	34.35	36.3	39.5333333333333	38.2666666666667	23.3	35.6	35.9	43.7	40.2	40	38.4	38.3	39.5	37	27.6	22	20.3	29.3	1159.5	506	0.5944	226.6749	381.3479	0.6048	205.7344	340.1856	0.5915	149.5719	252.8653
EBL039	-17.4333333333333	-5.23333333333333	10.4	0.3	9.45	-19.3	-18.1	-12.3	-5.3	1.9	7.7	12.2	11.3	6.6	0.3	-6	-14.9	929	216	196	284	233	90.75	72	66	77	60	59	86	108	90	79	76	78	78	34.6083333333333	36.0333333333333	37.5	37.7	27.2	35.675	35.4	43.3	38.3	37.8	36.4	36.6	39.6	36.9	29.6	27.7	24.3	29.4	1200.2	506.4	0.8207	317.9514	387.4184	0.8296	291.606	351.5135	0.7801	198.2862	254.1713
EBL040	-17.4666666666667	-5.26666666666667	10.4	0.3	9.45	-19.3	-18.1	-12.4	-5.3	1.9	7.7	12.2	11.3	6.6	0.3	-6	-15	926	215	196	283	232	90.5	72	66	77	60	59	86	108	89	79	75	78	77	34.6166666666667	36.0333333333333	37.5333333333333	37.7	27.2	35.675	35.4	43.3	38.4	37.8	36.4	36.6	39.6	36.9	29.6	27.7	24.3	29.4	1200.2	506.4	0.8163	315.6885	386.7168	0.8252	290.0031	351.4429	0.7737	196.6161	254.1321
EBL041	-13.3	-3.6	10.0333333333333	2.23333333333333	9.375	-15	-14.4	-9.6	-3.5	2.3	7.3	11.6	11.2	7.4	2.1	-2.8	-10.5	960	237	227	258	238	85.5	85	73	93	72	62	83	92	83	84	74	80	79	33.3583333333333	33.6333333333333	34.4333333333333	36.9333333333333	28.4333333333333	35.05	33.9	39.5	35.2	34.5	33.6	33.8	38.4	38.6	29.4	29.8	26.1	27.5	1244.3	498.1	0.7971	311.814	391.2025	0.7949	287.2651	361.3671	0.7483	192.527	257.2799
EBL042	-17.4666666666667	-5.36666666666667	10.4	0.233333333333333	9.425	-19.3	-18.1	-12.4	-5.5	1.8	7.7	12.2	11.3	6.5	0.2	-6	-15	923	214	196	281	232	90	72	65	77	60	59	85	107	89	79	75	78	77	34.6333333333333	36	37.6666666666667	37.7333333333333	27.1333333333333	35.7	35.4	43.3	38.6	38	36.4	36.8	39.6	36.8	29.6	27.6	24.2	29.3	1193.1	503.8	0.7857	303.2089	385.9119	0.7907	276.4913	349.6691	0.7478	189.9392	253.9967
EBL043	-17.8666666666667	-5.56666666666667	10.3666666666667	0.0666666666666667	9.375	-19.7	-18.5	-12.7	-5.7	1.7	7.7	12.2	11.2	6.4	0.1	-6.3	-15.4	911	209	192	280	230	89.5	70	64	75	59	58	84	107	89	78	74	78	75	34.65	36.0333333333333	37.9	37.8333333333333	26.8333333333333	35.75	35.4	43.4	38.8	38.3	36.6	37	39.7	36.8	29.5	27.2	23.8	29.3	1183	498.2	0.7985	307.1524	384.6697	0.8054	279.9885	347.6447	0.7629	192.8776	252.8071
EBL044	-17.7666666666667	-5.5	10.3666666666667	0.0999999999999999	9.375	-19.6	-18.4	-12.6	-5.6	1.7	7.7	12.2	11.2	6.4	0.1	-6.2	-15.3	912	211	192	280	229	89.5	71	64	75	59	58	84	107	89	78	74	77	76	34.6333333333333	35.9666666666667	37.8333333333333	37.7666666666667	26.9666666666667	35.7	35.3	43.4	38.8	38.2	36.5	36.9	39.6	36.8	29.5	27.4	24	29.2	1183.1	498.2	0.8048	309.5314	384.5968	0.8131	283.4855	348.6535	0.7607	192.1479	252.6044
EBL045	-17.0666666666667	-5.1	10.4333333333333	0.6	9.525	-18.9	-17.8	-12.1	-5.2	2	7.7	12.2	11.4	6.8	0.6	-5.6	-14.5	899	210	192	272	225	87	71	64	76	59	57	82	104	86	76	73	76	75	34.7583333333333	35.7333333333333	37.8333333333333	38	27.4666666666667	36	35	43.2	38.8	38.3	36.4	37.1	39.8	37.1	30	28	24.4	29	1217	514.5	0.7948	308.1409	387.6738	0.7987	281.9327	352.9918	0.7556	195.7785	259.0985
EBL046	-21.1333333333333	-7.8	9.9	-2.23333333333333	8.625	-22.9	-21.3	-15.7	-8.2	0.5	7.5	12	10.2	4.8	-2.1	-9.4	-19.2	814	151	155	280	228	91.25	51	46	55	53	47	76	109	95	85	70	73	54	33.575	35.3	39.0666666666667	37.3666666666667	22.5666666666667	34.75	34.9	42.8	40	39.8	37.4	37.8	38.6	35.7	26.9	21.3	19.5	28.2	1043.6	424.9	0.7881	288.168	365.6413	0.8083	261.0771	323.0126	0.7631	176.3172	231.0395
EBL047	-15.6666666666667	-4.73333333333333	9.93333333333333	1.23333333333333	9.175	-17.5	-16.7	-11.4	-4.8	2	7.1	11.5	11.2	6.9	1.2	-4.4	-12.8	909	227	200	263	219	83.75	76	74	81	61	58	80	100	83	72	74	73	77	34.5583333333333	34.7666666666667	36.9666666666667	37.7	28.8	35.875	34	42.2	38.2	37.4	35.3	36.2	39.4	37.5	30.4	30.2	25.8	28.1	1186.7	474.5	0.8176	314.2523	384.356	0.8201	288.7822	352.1201	0.7601	191.1565	251.4957
EBL048	-21.4666666666667	-8.36666666666667	9.43333333333333	-2.63333333333333	8.175	-23.2	-21.7	-16.2	-8.8	-0.1	7	11.5	9.8	4.4	-2.5	-9.8	-19.5	815	153	156	280	226	90.75	52	47	56	53	47	75	109	96	83	69	74	54	33.2083333333333	34.6666666666667	38.8	36.9333333333333	22.4333333333333	34.4	34.3	42.2	39.9	39.8	36.7	37.6	38.3	34.9	26.8	21.2	19.3	27.5	977	379.4	0.773	274.9447	355.7017	0.7923	246.9712	311.7276	0.7304	160.4853	219.7152
EBL049	-21.4666666666667	-8.36666666666667	9.16666666666667	-2.7	7.95	-23.2	-21.8	-16.1	-8.7	-0.3	6.7	11.2	9.6	4.3	-2.6	-9.8	-19.4	853	173	168	282	230	91	59	51	62	56	50	78	110	94	82	71	77	63	33.4	34.9333333333333	38.8	36.8666666666667	23	34.425	34.5	42.6	40	39.8	36.6	37.4	38.3	34.9	27.1	22.1	19.8	27.7	946.1	356	0.7785	275.5845	353.9752	0.7977	246.487	308.9996	0.7567	163.1539	215.6096
EBL050	-21.3666666666667	-8.36666666666667	9.06666666666667	-2.7	7.875	-23.1	-21.7	-16.1	-8.7	-0.3	6.6	11.1	9.5	4.3	-2.6	-9.8	-19.3	855	175	169	281	230	90.75	60	52	63	56	50	78	109	94	82	71	77	63	33.3416666666667	34.8333333333333	38.6666666666667	36.8	23.0666666666667	34.375	34.4	42.5	39.9	39.7	36.4	37.3	38.3	34.8	27.1	22.2	19.9	27.6	936.9	347.6	0.779	274.9325	352.9523	0.7982	245.8749	308.0414	0.7186	151.8823	211.3689
EBL051	-20.3333333333333	-7.96666666666667	9.16666666666667	-2.1	8.025	-22.1	-20.8	-15.4	-8.4	-0.1	6.6	11.2	9.7	4.6	-2	-8.9	-18.1	841	169	170	278	224	89.25	57	53	64	57	49	75	109	94	79	69	76	59	33.2416666666667	34.4333333333333	38.1666666666667	36.7	23.6666666666667	34.425	34.1	41.9	39.3	39.2	36	37.3	38.3	34.5	27.6	23	20.4	27.3	961.6	360.6	0.7726	273.4915	353.9838	0.7867	245.2034	311.7036	0.7208	156.1289	216.6054
EBL052	-19.9	-7.5	9.53333333333333	-1.63333333333333	8.425	-21.7	-20.4	-14.9	-7.9	0.3	7	11.5	10.1	5.1	-1.6	-8.4	-17.6	830	171	167	272	220	87.25	58	52	63	55	49	75	106	91	77	68	75	61	33.6166666666667	34.6	38.5	37.2	24.1666666666667	34.95	34.1	42.2	39.7	39.5	36.3	37.6	38.8	35.2	28.2	23.5	20.8	27.5	1019.4	398.6	0.7982	288.5692	361.5101	0.8119	260.2624	320.5713	0.7616	172.1109	225.9909
EBL053	-19.7333333333333	-7.46666666666667	9.66666666666667	-1.56666666666667	8.525	-21.5	-20.2	-14.8	-7.9	0.3	7.1	11.7	10.2	5.1	-1.5	-8.3	-17.5	815	163	164	270	218	86.75	55	51	61	55	48	73	106	91	77	67	74	57	33.5666666666667	34.5	38.4666666666667	37.2	24.1	34.95	34.1	42	39.6	39.5	36.3	37.7	38.8	35.1	28.2	23.4	20.7	27.4	1032.6	410.1	0.8107	293.837	362.4411	0.8261	265.7961	321.7302	0.7839	179.5703	229.0772
EBL054	-20.9333333333333	-8.33333333333333	8.86666666666667	-2.6	7.7	-22.7	-21.4	-15.9	-8.7	-0.4	6.3	10.9	9.4	4.2	-2.5	-9.5	-18.7	872	184	176	281	231	90.5	63	55	67	58	51	78	109	94	81	71	79	66	33.2166666666667	34.5333333333333	38.2666666666667	36.5666666666667	23.5	34.25	34.1	42.2	39.6	39.3	35.9	37	38.1	34.6	27.3	22.9	20.3	27.3	915	330.9	0.7716	269.9155	349.7928	0.7885	241.1746	305.8839	0.7174	148.7161	207.3002
EBL055	-20.2	-7.8	9.26666666666667	-1.9	8.15	-22	-20.7	-15.2	-8.2	0	6.7	11.3	9.8	4.8	-1.8	-8.7	-17.9	839	173	169	274	223	88	59	53	64	56	49	75	107	92	78	69	76	61	33.4333333333333	34.4666666666667	38.4333333333333	36.9666666666667	23.8666666666667	34.7	34	42.1	39.7	39.5	36.1	37.5	38.5	34.9	27.9	23.2	20.5	27.3	979.7	371.7	0.7849	279.6346	356.2715	0.7988	251.7949	315.2012	0.7229	158.3226	219.0123
EBL056	-20.4	-8.13333333333333	8.96666666666667	-2.23333333333333	7.85	-22.2	-20.9	-15.6	-8.5	-0.3	6.4	11	9.5	4.5	-2.2	-9	-18.1	842	177	170	273	222	87.5	60	54	65	56	49	75	106	92	77	69	76	63	33.2083333333333	34.1	38.3	36.6666666666667	23.7666666666667	34.425	33.6	41.8	39.7	39.5	35.7	37.2	38.3	34.5	27.7	23.2	20.4	26.9	936	342.6	0.7808	273.7304	350.5935	0.7941	244.1046	307.391	0.7326	155.8106	212.6861
EBL057	-20.4333333333333	-8.16666666666667	8.9	-2.26666666666667	7.775	-22.2	-21	-15.6	-8.6	-0.3	6.3	10.9	9.5	4.4	-2.2	-9	-18.1	848	179	172	274	223	87.75	61	54	66	57	49	75	107	92	77	69	77	64	33.2	34.1	38.3	36.6333333333333	23.7666666666667	34.4	33.6	41.8	39.7	39.5	35.7	37.2	38.2	34.5	27.7	23.2	20.4	26.9	927	336.2	0.7677	268.5401	349.805	0.7793	239.008	306.6961	0.709	147.9651	208.69
EBL058	-20.5333333333333	-8.26666666666667	9.1	-2.26666666666667	7.95	-22.3	-21	-15.7	-8.8	-0.3	6.5	11.2	9.6	4.5	-2.2	-9.1	-18.3	804	158	159	272	215	87	53	50	59	54	46	72	107	93	76	66	73	55	33.0416666666667	33.8	38.3333333333333	36.6333333333333	23.4	34.4	33.4	41.4	39.7	39.5	35.8	37.5	38.2	34.2	27.7	22.6	19.9	26.6	948.3	354	0.7808	273.3855	350.1322	0.7947	244.8518	308.092	0.7323	156.2619	213.3721
EBL059	-21.0666666666667	-8.53333333333333	8.93333333333333	-2.6	7.75	-22.9	-21.5	-16.1	-9	-0.5	6.4	11	9.4	4.2	-2.5	-9.5	-18.8	813	162	161	272	218	87.25	55	49	60	54	47	73	106	93	77	67	74	58	33.0083333333333	33.8666666666667	38.6	36.5666666666667	23	34.25	33.4	41.6	40.1	39.8	35.9	37.4	38.1	34.2	27.3	22.1	19.6	26.6	919.8	336	0.8011	278.4463	347.6014	0.821	249.5807	303.9918	0.77	161.3585	209.5503
EBL060	-20.3	-8.03333333333333	8.7	-2.23333333333333	7.625	-22.1	-20.9	-15.4	-8.4	-0.3	6.1	10.7	9.3	4.4	-2.2	-8.9	-17.9	881	197	183	274	227	88	68	58	72	59	52	78	106	90	78	70	79	71	33.325	34.1666666666667	38.2333333333333	36.6	24.3	34.425	33.6	42	39.7	39.4	35.6	37	38.2	34.6	27.9	24	21	26.9	908.6	319.9	0.7683	267.7247	348.4634	0.7811	239.6606	306.8212	0.7133	147.9236	207.3818
EBL061	-20.5	-8.46666666666667	8.86666666666667	-2.36666666666667	7.725	-22.3	-21	-15.9	-9	-0.5	6.3	10.9	9.4	4.3	-2.3	-9.1	-18.2	800	158	158	270	214	86.25	53	50	59	53	46	71	106	93	75	66	73	55	32.8916666666667	33.5333333333333	38.1666666666667	36.4333333333333	23.4333333333333	34.25	33.2	41.1	39.6	39.5	35.4	37.4	38	33.9	27.7	22.7	19.9	26.3	917.8	331.9	0.7803	269.813	345.8013	0.794	241.073	303.6216	0.7282	150.4651	206.6324
EBL062	-20.7	-8.63333333333333	8.5	-2.56666666666667	7.4	-22.5	-21.3	-16	-9.1	-0.8	5.9	10.5	9.1	4.1	-2.5	-9.3	-18.3	843	178	172	272	221	87	61	54	66	57	49	74	106	92	76	68	77	63	32.8583333333333	33.5333333333333	38.1333333333333	36.2333333333333	23.5333333333333	34.05	33.1	41.3	39.7	39.5	35.2	37	37.9	33.8	27.5	23	20.1	26.2	873.5	300.3	0.7537	257.0681	341.0788	0.7651	227.8687	297.8376	0.6835	136.9516	200.3819
EBL063	-20.5	-8.36666666666667	8.33333333333333	-2.53333333333333	7.275	-22.3	-21.2	-15.7	-8.7	-0.7	5.7	10.3	9	4.1	-2.5	-9.2	-18	886	201	186	272	227	87.25	70	59	74	60	52	77	105	90	77	70	80	72	33.075	33.8333333333333	38.1	36.3	24.0666666666667	34.125	33.3	41.7	39.7	39.4	35.2	36.8	37.9	34.2	27.6	23.8	20.8	26.5	859.3	287.3	0.7298	249.7656	342.2469	0.7369	219.9258	298.4384	0.6514	128.4906	197.2608
EBL064	-20.9	-8.76666666666667	8.36666666666667	-2.76666666666667	7.25	-22.7	-21.5	-16.2	-9.2	-0.9	5.8	10.4	8.9	3.9	-2.7	-9.5	-18.5	846	180	173	272	221	87	62	54	67	57	49	74	106	92	76	68	77	64	32.8333333333333	33.5333333333333	38.2	36.1666666666667	23.4333333333333	33.975	33.1	41.3	39.8	39.6	35.2	36.9	37.8	33.8	27.4	22.9	20	26.2	853.3	287.4	0.777	263.9456	339.6803	0.7934	234.7217	295.8442	0.7348	143.888	195.8167
EBL065	-19.9333333333333	-8.4	8.66666666666667	-2.1	7.6	-21.7	-20.6	-15.6	-8.9	-0.7	6	10.7	9.3	4.4	-2.1	-8.6	-17.5	798	165	162	263	208	83.5	56	52	63	54	45	69	104	90	71	64	73	57	32.8833333333333	33.0666666666667	38	36.3666666666667	24.1	34.325	32.6	40.8	39.6	39.5	34.9	37.4	38.1	33.6	28.2	23.7	20.4	25.8	901.1	317.7	0.7772	266.4726	342.8806	0.7889	237.9899	301.6691	0.7232	147.5382	204.0157
EBL066	-21.7	-8.06666666666667	9.66666666666667	-2.3	8.425	-23.4	-22.1	-16.3	-8.2	0.3	7.3	11.5	10.2	4.7	-2.1	-9.5	-19.6	742	139	132	255	216	84.5	48	41	45	44	43	72	94	89	83	67	66	50	32.8333333333333	34.1	39.2666666666667	36.3333333333333	21.6333333333333	33.675	33.5	41.6	41.3	40.3	36.2	35.8	37.3	35.9	25.7	20	19.2	27.2	1015.8	402.9	0.8344	295.2447	353.8394	0.8572	268.3168	313.0043	0.7996	178.3267	223.0142
EBL067	-20.8333333333333	-8.96666666666667	8.4	-2.7	7.275	-22.6	-21.4	-16.4	-9.5	-1	5.8	10.4	9	3.9	-2.6	-9.4	-18.5	789	157	156	266	210	84.75	53	50	59	53	44	69	105	92	73	64	73	54	32.5833333333333	33	38.1333333333333	36.0666666666667	23.1333333333333	33.9	32.6	40.7	39.8	39.7	34.9	37.2	37.6	33.4	27.4	22.4	19.6	25.7	855.8	290.3	0.7942	267.3197	336.584	0.8106	238.1982	293.8698	0.7431	145.2259	195.4299
EBL068	-19.3	-7.5	8.63333333333333	-1.56666666666667	7.675	-21.1	-20.1	-14.7	-7.7	-0.1	5.9	10.5	9.5	4.8	-1.5	-8	-16.7	870	208	187	257	218	82.5	74	59	76	60	51	76	99	82	73	67	78	75	33.5416666666667	33.7	38.4	36.9333333333333	25.1333333333333	34.825	32.9	41.8	40.1	39.8	35.3	37.3	38.5	35	28.5	25.2	21.7	26.4	922.5	320.9	0.7855	274.3141	349.2401	0.792	245.0863	309.442	0.7218	149.6263	207.2935
EBL069	-20.3333333333333	-8.76666666666667	8.36666666666667	-2.43333333333333	7.3	-22.1	-21	-16	-9.3	-1	5.7	10.4	9	4.1	-2.4	-9	-17.9	777	162	156	255	204	81.25	56	49	61	52	43	67	100	88	70	62	72	57	32.6833333333333	32.6666666666667	38.3333333333333	36.1666666666667	23.5666666666667	34.075	32.1	40.6	40.2	40.1	34.7	37.2	37.8	33.5	27.8	22.9	20	25.3	859.6	290.4	0.7846	263.6581	336.0435	0.7972	235.1971	295.0323	0.7327	143.8909	196.386
EBQ001	-13.8	-0.5	14.4333333333333	3.36666666666667	13.2	-15.5	-14	-7.5	-0.3	6.3	12.6	16	14.7	9.5	3.6	-3	-11.9	1010	226	232	268	284	92.5	79	56	69	73	90	88	89	91	102	93	89	91	39.1583333333333	35.9333333333333	40.9666666666667	46.2666666666667	33.4666666666667	44.35	35.2	42	39.3	39.4	44.2	45	47.1	46.7	38.6	33.9	27.9	30.6	1891.4	1012.8	0.7957	412.0309	517.7905	0.8042	388.9997	483.7315	0.8137	323.7597	397.9087
EBQ002	-13.9666666666667	-0.766666666666667	14	2.76666666666667	12.775	-15.4	-14.3	-7.9	-0.3	5.9	12.1	15.5	14.4	9.1	2.9	-3.7	-12.2	1032	234	236	275	287	95	79	61	71	77	88	89	91	95	105	94	88	94	37.9833333333333	34	40.1	45.7333333333333	32.1	43.575	32.9	40.8	37.7	38.7	43.9	44.1	46.9	46.2	37.1	32.9	26.3	28.3	1805.9	947.9	0.7557	383.363	507.3129	0.7672	362.82	472.901	0.7985	305.9473	383.162
EBQ003	-18.1666666666667	-2.16666666666667	13.7666666666667	2.43333333333333	12.575	-20	-18.4	-11.5	-1.6	6.6	12.1	15.3	13.9	9	3.3	-5	-16.1	833	135	154	284	260	97.75	49	31	44	44	66	87	104	93	107	84	69	55	37.2416666666667	33.2666666666667	43	47.4333333333333	25.2666666666667	43.3	32.4	43.3	41.4	43.1	44.5	45.9	49.5	46.9	30.9	25.6	19.3	24.1	1794	939.7	0.8948	445.8034	498.1891	0.921	426.2816	462.8574	0.9108	354.5652	389.2976
EBQ004	-12.9	-0.5	13.5666666666667	3.13333333333333	12.425	-14.6	-13	-7	-0.2	5.7	11.5	15.1	14.1	9	3.3	-2.9	-11.1	1106	255	262	281	308	97.75	85	66	78	90	94	92	90	99	110	100	98	104	40.6166666666667	38.9666666666667	41	46.0666666666667	36.4333333333333	44.425	37.2	45.2	38.7	39.2	45.1	43.6	47.1	47.5	39.5	37.8	32	34.5	1771.8	904.2	0.7552	385.5661	510.5543	0.7586	361.2811	476.218	0.7593	288.9177	380.5001
EBQ005	-19.3666666666667	-3.8	12.4	0.3	11.05	-21.2	-19.8	-11.9	-3.4	3.9	11	14	12.2	7	0.9	-7	-17.1	1073	217	219	339	298	113.5	75	56	67	67	85	106	125	108	115	92	91	86	35.5666666666667	32.8333333333333	39.9666666666667	42.5333333333333	26.9333333333333	40.2	32.6	39.6	38.5	39.6	41.8	42.6	43.3	41.7	33.2	26.6	21	26.3	1461.4	707.9	0.6494	297.1684	457.6183	0.6811	283.504	416.2176	0.6994	226.5605	323.9234
EBQ006	-18.4	-2.4	13.7333333333333	1.96666666666667	12.475	-20.3	-18.7	-11.6	-2	6.4	12.2	15.3	13.7	8.7	2.4	-5.2	-16.2	869	134	161	306	268	104	50	31	44	48	69	92	107	107	110	88	70	53	35.1	29.1	43.0666666666667	46.1	22.1333333333333	41.725	28	38.7	41.1	42.3	45.8	45.8	48.1	44.4	28.6	23	14.8	20.6	1749.8	918.1	0.8234	400.8316	486.7761	0.8426	381.3276	452.5715	0.8562	323.675	378.0437
EBQ007	-20.3333333333333	-4.46666666666667	11.9666666666667	-0.166666666666667	10.625	-22.2	-20.9	-12.7	-4	3.3	10.6	13.6	11.7	6.6	0.5	-7.6	-17.9	1066	208	214	349	295	116.25	72	54	65	66	83	108	131	110	116	90	89	82	34.95	32.5	39.9	41.8666666666667	25.5333333333333	39.35	32.3	39.6	38.6	39.6	41.5	42	42.5	41.1	31.8	25.1	19.7	25.6	1383.9	652.7	0.6851	304.8307	444.9229	0.7011	281.7704	401.9217	0.6936	215.0683	310.0894
EBQ008	-18.5333333333333	-2.73333333333333	13.5	2.03333333333333	12.275	-20.5	-19	-11.9	-2.3	6	11.9	15	13.6	8.6	2.5	-5	-16.1	837	128	152	292	265	99.75	47	29	42	45	65	87	103	102	107	88	70	52	34.3166666666667	28.1333333333333	42.7	45.0333333333333	21.4	40.75	27.2	37.9	41.2	41.6	45.3	45.2	46.6	43.3	27.9	22.1	14.2	19.3	1713.6	886.6	0.8751	417.4704	477.0349	0.8974	397.2657	442.674	0.8779	321.7038	366.4441
EBQ009	-20	-4.33333333333333	12.1	-0.0666666666666667	10.75	-21.9	-20.4	-12.4	-4	3.4	10.7	13.7	11.9	6.7	0.6	-7.5	-17.7	1044	198	210	345	291	115.5	67	52	64	66	80	106	130	109	117	88	86	79	34.625	32.3666666666667	39.7333333333333	41.5666666666667	24.8333333333333	38.925	32.2	39.7	38.6	39.3	41.3	41.5	42.1	41.1	31	24.3	19.2	25.2	1403.6	668.2	0.6805	301.4768	443.0506	0.6927	277.4925	400.6173	0.7003	216.4991	309.1657
EBQ010	-18.6333333333333	-2.86666666666667	13.4	2.1	12.225	-20.6	-19.2	-12	-2.5	5.9	11.8	14.9	13.5	8.7	2.6	-5	-16.1	817	123	145	286	263	98	45	28	40	43	62	84	101	101	106	87	70	50	33.9916666666667	27.7	42.6333333333333	44.5333333333333	21.1	40.325	26.9	37.4	41.2	41.5	45.2	45	45.9	42.7	27.7	21.7	13.9	18.8	1705.3	878.9	0.8966	423.5644	472.3947	0.9204	403.3682	438.2601	0.9067	329.7571	363.6963
EBQ011	-18.2333333333333	-3.5	12.1	-0.166666666666667	10.775	-20.1	-17.7	-11.1	-3.2	3.8	10.2	13.8	12.3	6.8	0	-7.3	-16.9	935	188	181	305	261	102.25	66	44	53	60	68	96	108	101	104	81	76	78	36.4416666666667	36.1333333333333	38.6666666666667	41.6	29.3666666666667	39.325	35.1	42.4	37.4	37.1	41.5	39.9	42.2	42.7	32.5	29.7	25.9	30.9	1410.4	673.9	0.7082	315.9366	446.1063	0.7327	297.2688	405.7089	0.7492	233.1226	311.1701
EBQ012	-19.6666666666667	-4	12.4666666666667	1.63333333333333	11.375	-21.6	-20.6	-13.2	-3.6	4.8	10.7	13.9	12.8	8.1	2.3	-5.5	-16.8	762	113	125	262	262	91.5	40	26	36	37	52	76	92	94	104	86	72	47	32.6166666666667	25.7333333333333	42.5333333333333	42.4666666666667	19.7333333333333	38.4	24.9	36.1	41.6	41.6	44.4	44.2	43.2	40	26.2	20.2	12.8	16.2	1555.1	757	0.8643	383.4078	443.6303	0.8847	363.7693	411.1685	0.8601	285.7881	332.2739
EBQ013	-19.5666666666667	-4.3	12.0666666666667	-0.5	10.725	-21.5	-18.9	-12.6	-3.8	3.5	10.1	13.7	12.4	6.7	-0.2	-8	-18.3	937	180	182	311	264	104.5	61	46	57	59	66	94	118	99	107	80	77	73	34.425	33.9	38.8333333333333	40.8666666666667	24.1	37.55	33.2	41.1	38.4	37.2	40.9	39.4	41.2	42	27.6	23.4	21.3	27.4	1390.8	665.6	0.6126	263.0197	429.3235	0.6168	240.8002	390.4108	0.604	181.8937	301.1727
EBQ014	-19.9666666666667	-4.4	12.2	1.43333333333333	11.1	-21.8	-21	-13.8	-4	4.6	10.3	13.6	12.7	7.8	2.1	-5.6	-17.1	718	102	113	246	257	87.25	36	23	33	34	46	70	85	91	103	84	70	43	32.4416666666667	24.8333333333333	43.1666666666667	42.2	19.5666666666667	38.175	23.8	35.6	42.2	42.7	44.6	44.4	43	39.2	26.1	20	12.6	15.1	1509.3	720.9	0.8673	377.5479	435.3391	0.8872	356.742	402.107	0.8632	279.8606	324.2208
EBQ015	-20.6666666666667	-5.06666666666667	11.7333333333333	0.866666666666667	10.625	-22.5	-21.6	-14.6	-4.6	4	9.8	13.2	12.2	7.3	1.5	-6.2	-17.9	740	109	117	258	256	91	38	27	35	35	47	74	87	97	106	81	69	44	32.9583333333333	26.8666666666667	43.4	41.9666666666667	19.6	37.925	25.3	37.4	42.8	44	43.4	43.8	42.9	39.2	25.8	19.7	13.3	17.9	1419.4	656.5	0.7952	336.812	423.5312	0.809	315.3403	389.8099	0.8268	254.6669	308.0093
EBQ016	-20.7333333333333	-5	11.7666666666667	0.666666666666667	10.6	-22.5	-21.5	-14.8	-4.6	4.4	9.8	13.2	12.3	7.1	1.3	-6.4	-18.2	687	92	103	235	257	85.75	32	21	31	31	41	68	76	91	108	82	67	39	33.2916666666667	24.8666666666667	45.0333333333333	43.1	20.1666666666667	38.95	23.2	36.2	43.5	46.2	45.4	45.5	44.7	39.1	26.5	20.8	13.2	15.2	1422.6	658.6	0.6641	283.0107	426.1462	0.675	265.5136	393.3682	0.7012	220.6053	314.5957
EBQ017	-21	-6.03333333333333	11.0333333333333	0.666666666666667	10.025	-22.8	-22.1	-15.8	-5.5	3.2	8.9	12.4	11.8	7	1.3	-6.3	-18.1	701	98	106	248	249	88.5	34	24	31	32	43	70	80	98	106	78	65	40	32.8666666666667	27.8	43.4666666666667	40.8666666666667	19.3333333333333	36.925	25.9	38.4	43.7	44.9	41.8	42.5	41.7	38.4	25.1	18.9	14	19.1	1319	578.2	0.6713	270.5738	403.0567	0.6741	249.1473	369.6266	0.6808	194.2149	285.2618
EBQ018	-21.1333333333333	-6.26666666666667	10.7333333333333	0.666666666666667	9.8	-23	-22.4	-15.9	-5.8	2.9	8.6	12.1	11.5	7	1.3	-6.3	-18	691	99	104	242	246	86	34	25	31	31	42	68	80	94	102	78	66	40	32.4416666666667	27.3333333333333	42.8333333333333	40.4666666666667	19.1333333333333	36.6	25.3	38.6	43.4	44	41.1	42.1	41.3	38	25	18.9	13.5	18.1	1283.7	549.1	0.678	269.4299	397.3601	0.688	250.292	363.7875	0.7144	198.1155	277.3184
EBQ019	-20.9666666666667	-6.13333333333333	10.6666666666667	1	9.8	-22.8	-22.4	-15.8	-5.7	3.1	8.4	12	11.6	7.2	1.7	-5.9	-17.7	660	92	97	230	241	82	31	22	28	29	40	64	77	89	98	78	65	39	32.2666666666667	26.7666666666667	42.7	40.4333333333333	19.1666666666667	36.6	24.6	38.7	43.4	43.6	41.1	42.2	41.3	37.8	25.1	19.2	13.2	17	1297.1	550.4	0.8183	324.7404	396.8686	0.8328	304.373	365.4755	0.813	228.376	280.9194
EBQ020	-22.5333333333333	-7	10.8333333333333	0.333333333333333	9.9	-24.4	-23.4	-15.8	-6.8	1.6	7.9	12.7	11.9	7.1	1.4	-7.5	-19.8	571	79	91	231	170	75.75	25	25	23	30	38	70	86	75	72	55	43	29	36.4083333333333	33.1	43.7	45	23.8333333333333	41.225	31.9	45.5	43.7	46	41.4	44.4	46.8	43.8	29.9	22.8	18.8	21.9	1267.9	557.7	0.9169	371.9528	405.6641	0.9434	346.9507	367.7763	0.9253	257.4388	278.219
EBQ021	-22.6333333333333	-8.03333333333333	10.4	-1.7	9.125	-24.6	-23	-16.8	-7.9	0.6	8.2	12.2	10.8	5.3	-1.2	-9.2	-20.3	816	127	146	297	246	99.75	42	36	47	44	55	82	106	109	102	80	64	49	32.2666666666667	31.3666666666667	40.8666666666667	38.2	18.6333333333333	34.75	30.4	40.4	41.2	43.2	38.2	38.7	38.2	37.7	24.4	16.8	14.7	23.3	1113.9	474.7	0.7632	284.1096	372.2719	0.7781	256.9008	330.1651	0.7654	186.6032	243.81
EBQ022	-22.2666666666667	-7.63333333333333	10.7	-1.5	9.4	-24.2	-22.6	-16.4	-7.5	1	8.5	12.5	11.1	5.5	-1.1	-8.9	-20	804	127	144	290	243	97.75	42	36	46	44	54	80	105	105	101	78	64	49	32.3583333333333	31.6	40.6	38.2	19.0333333333333	34.825	30.7	40.4	41.1	42.8	37.9	38.4	38.2	38	24.7	17	15.4	23.7	1155.7	505.4	0.7662	287.85	375.6681	0.7895	265.2468	335.9642	0.8215	204.6617	249.1467
EBQ023	-21.9333333333333	-7.46666666666667	10.3333333333333	-2	9.025	-23.7	-22.2	-15.9	-7.4	0.9	8.1	12.2	10.7	5.1	-1.7	-9.4	-19.9	787	141	143	268	235	90	48	40	45	48	50	75	100	93	92	75	68	53	32.8333333333333	33.6	39.7333333333333	36.7666666666667	21.2333333333333	33.975	33.2	41.2	41.6	39.7	37.9	36	37.2	37.1	25.6	19.8	18.3	26.4	1102.5	466.7	0.8456	312.1109	369.0799	0.8717	285.7323	327.7696	0.8289	197.8268	238.652
EBQ024	-21.9333333333333	-7.46666666666667	10.3333333333333	-2	9.025	-23.7	-22.2	-15.9	-7.4	0.9	8.1	12.2	10.7	5.1	-1.7	-9.4	-19.9	787	141	143	268	235	90	48	40	45	48	50	75	100	93	92	75	68	53	32.8333333333333	33.6	39.7333333333333	36.7666666666667	21.2333333333333	33.975	33.2	41.2	41.6	39.7	37.9	36	37.2	37.1	25.6	19.8	18.3	26.4	1102.5	466.7	0.8456	312.1109	369.0799	0.8717	285.7323	327.7696	0.8289	197.8268	238.652
EBQ025	-21.9333333333333	-7.46666666666667	10.3333333333333	-2	9.025	-23.7	-22.2	-15.9	-7.4	0.9	8.1	12.2	10.7	5.1	-1.7	-9.4	-19.9	787	141	143	268	235	90	48	40	45	48	50	75	100	93	92	75	68	53	32.8333333333333	33.6	39.7333333333333	36.7666666666667	21.2333333333333	33.975	33.2	41.2	41.6	39.7	37.9	36	37.2	37.1	25.6	19.8	18.3	26.4	1102.5	466.7	0.8456	312.1109	369.0799	0.8717	285.7323	327.7696	0.8289	197.8268	238.652
EBQ026	-21.7333333333333	-7.33333333333333	10.5666666666667	-1.8	9.25	-23.6	-22	-15.8	-7.3	1.1	8.3	12.4	11	5.3	-1.5	-9.2	-19.6	792	143	148	264	237	89.25	49	40	47	51	50	73	101	90	93	76	68	54	32.9083333333333	33.7666666666667	39.6666666666667	36.8	21.4	34.05	33.3	41.3	41.6	39.8	37.6	35.9	37.3	37.2	25.8	19.9	18.5	26.7	1135.3	491	0.8488	314.6235	370.6668	0.8732	288.2878	330.1405	0.8323	202.7175	243.5766
EBQ027	-21.7	-7.26666666666667	10.5333333333333	-1.8	9.225	-23.5	-22	-15.7	-7.2	1.1	8.3	12.4	10.9	5.3	-1.5	-9.2	-19.6	778	140	140	265	233	89	48	40	44	47	49	74	99	92	91	74	68	52	32.9916666666667	33.9333333333333	39.7333333333333	36.8	21.5	34.05	33.5	41.4	41.6	39.8	37.8	35.9	37.3	37.2	25.8	20.1	18.6	26.9	1132.3	487.9	0.8676	321.6836	370.7697	0.8947	296.5285	331.4138	0.8608	209.5163	243.4063
EBQ028	-21.7	-7.26666666666667	10.5333333333333	-1.8	9.225	-23.5	-22	-15.7	-7.2	1.1	8.3	12.4	10.9	5.3	-1.5	-9.2	-19.6	778	140	140	265	233	89	48	40	44	47	49	74	99	92	91	74	68	52	32.9916666666667	33.9333333333333	39.7333333333333	36.8	21.5	34.05	33.5	41.4	41.6	39.8	37.8	35.9	37.3	37.2	25.8	20.1	18.6	26.9	1132.3	487.9	0.8676	321.6836	370.7697	0.8947	296.5285	331.4138	0.8608	209.5163	243.4063
EBQ029	-21.7	-7.26666666666667	10.5333333333333	-1.8	9.225	-23.5	-22	-15.7	-7.2	1.1	8.3	12.4	10.9	5.3	-1.5	-9.2	-19.6	778	140	140	265	233	89	48	40	44	47	49	74	99	92	91	74	68	52	32.9916666666667	33.9333333333333	39.7333333333333	36.8	21.5	34.05	33.5	41.4	41.6	39.8	37.8	35.9	37.3	37.2	25.8	20.1	18.6	26.9	1132.3	487.9	0.8676	321.6836	370.7697	0.8947	296.5285	331.4138	0.8608	209.5163	243.4063
EBQ030	-21.8	-7.33333333333333	10.4666666666667	-1.9	9.15	-23.6	-22.1	-15.8	-7.3	1.1	8.2	12.3	10.9	5.2	-1.6	-9.3	-19.7	778	140	140	265	233	89	48	40	44	47	49	74	99	92	91	74	68	52	32.95	33.8333333333333	39.7333333333333	36.8	21.4333333333333	34.05	33.4	41.3	41.6	39.8	37.8	35.9	37.3	37.2	25.8	20	18.5	26.8	1122.2	480.6	0.8523	315.2484	369.8663	0.877	288.9271	329.4388	0.8366	202.3196	241.8389
EBQ031	-21.7	-7.26666666666667	10.5333333333333	-1.8	9.225	-23.5	-22	-15.7	-7.2	1.1	8.3	12.4	10.9	5.3	-1.5	-9.2	-19.6	774	139	139	264	232	88.5	47	40	44	46	49	74	98	92	90	74	68	52	33	33.9333333333333	39.7	36.8	21.5666666666667	34.075	33.5	41.4	41.6	39.7	37.8	35.9	37.3	37.2	25.9	20.1	18.7	26.9	1132.3	487.9	0.8659	321.0713	370.7932	0.8929	295.931	331.4431	0.8582	208.9148	243.4314
EBQ032	-22.0333333333333	-7.73333333333333	9.7	-0.233333333333333	8.775	-23.9	-23.4	-17.4	-7.2	1.4	7.4	11.1	10.6	6	0.4	-7.1	-18.8	716	107	110	252	247	89	37	28	33	33	44	69	82	101	104	77	66	42	31.8916666666667	29.0666666666667	41.9	38.4333333333333	18.1666666666667	34.725	26.9	39.7	43.6	43.9	38.2	39.7	38.9	36.7	23.6	17	13.9	20.6	1107.2	429.3	0.751	276.8805	368.6653	0.7698	256.6422	333.3916	0.7812	188.3038	241.0452
EBQ033	-22.1333333333333	-7.7	10.2666666666667	-2.06666666666667	8.95	-24	-22.4	-16.3	-7.6	0.8	8	12.1	10.7	5	-1.7	-9.5	-20	807	145	152	270	240	91.25	49	41	49	51	52	74	103	93	95	77	68	55	32.3666666666667	32.7333333333333	39.6	36.7666666666667	20.3666666666667	33.8	32.1	40.6	41.5	40.2	37.1	36.1	37.1	37.1	24.9	18.7	17.5	25.5	1091.5	459.2	0.7903	289.1409	365.8613	0.8089	262.4858	324.5072	0.7691	182.0042	236.6485
EBQ034	-22.0666666666667	-7.63333333333333	10.2333333333333	-2.16666666666667	8.9	-23.9	-22.4	-16.1	-7.6	0.8	8	12.1	10.6	4.9	-1.9	-9.5	-19.9	788	141	144	267	236	90	48	40	46	48	50	74	100	93	93	75	68	53	32.6666666666667	33.3666666666667	39.6666666666667	36.5666666666667	21.0666666666667	33.8	33	41	41.6	39.8	37.6	35.9	37	36.8	25.5	19.7	18	26.1	1083.8	454.7	0.8526	311.748	365.6329	0.8793	285.1252	324.2564	0.8388	198.0868	236.1485
EBQ035	-22.0666666666667	-7.63333333333333	10.2333333333333	-2.16666666666667	8.9	-23.9	-22.4	-16.1	-7.6	0.8	8	12.1	10.6	4.9	-1.9	-9.5	-19.9	788	141	144	267	236	90	48	40	46	48	50	74	100	93	93	75	68	53	32.6666666666667	33.3666666666667	39.6666666666667	36.5666666666667	21.0666666666667	33.8	33	41	41.6	39.8	37.6	35.9	37	36.8	25.5	19.7	18	26.1	1083.8	454.7	0.8526	311.748	365.6329	0.8793	285.1252	324.2564	0.8388	198.0868	236.1485
EBQ036	-22.0666666666667	-7.63333333333333	10.2333333333333	-2.16666666666667	8.9	-23.9	-22.4	-16.1	-7.6	0.8	8	12.1	10.6	4.9	-1.9	-9.5	-19.9	788	141	144	267	236	90	48	40	46	48	50	74	100	93	93	75	68	53	32.6666666666667	33.3666666666667	39.6666666666667	36.5666666666667	21.0666666666667	33.8	33	41	41.6	39.8	37.6	35.9	37	36.8	25.5	19.7	18	26.1	1083.8	454.7	0.8526	311.748	365.6329	0.8793	285.1252	324.2564	0.8388	198.0868	236.1485
EBQ037	-21.8	-7.33333333333333	10.4666666666667	-1.9	9.15	-23.6	-22.1	-15.8	-7.3	1.1	8.2	12.3	10.9	5.2	-1.6	-9.3	-19.7	774	139	139	264	232	88.5	47	40	44	46	49	74	98	92	90	74	68	52	32.95	33.8666666666667	39.7	36.7666666666667	21.4666666666667	34.025	33.4	41.4	41.6	39.8	37.7	35.9	37.3	37.1	25.8	20	18.6	26.8	1122.2	480.6	0.8501	314.1348	369.5371	0.8744	287.8411	329.1932	0.833	201.3268	241.6925
EBQ038	-22.4	-8.16666666666667	9.8	-0.733333333333333	8.775	-24.2	-23.6	-17.5	-7.8	0.8	7.5	11.4	10.5	5.7	-0.1	-7.8	-19.4	709	106	113	260	230	89	36	29	35	33	45	71	88	101	96	73	61	41	31.8	29.2666666666667	41.6	38.3666666666667	17.9666666666667	34.775	27.3	39.8	43.1	44.3	37.4	39.2	39	36.9	24	16.4	13.5	20.7	1087.9	430.7	0.6179	225.0223	364.1733	0.6179	202.4817	327.6746	0.5945	142.0678	238.9763
EBQ039	-22.4	-8.16666666666667	9.8	-0.733333333333333	8.775	-24.2	-23.6	-17.5	-7.8	0.8	7.5	11.4	10.5	5.7	-0.1	-7.8	-19.4	709	106	113	260	230	89	36	29	35	33	45	71	88	101	96	73	61	41	31.8083333333333	29.2666666666667	41.6	38.4	17.9666666666667	34.8	27.3	39.8	43.1	44.3	37.4	39.2	39	37	24	16.4	13.5	20.7	1087.9	430.7	0.5921	215.6836	364.2393	0.6144	201.3511	327.7405	0.6147	146.9363	239.0423
EBQ040	-22.4	-8.16666666666667	9.8	-0.733333333333333	8.775	-24.2	-23.6	-17.5	-7.8	0.8	7.5	11.4	10.5	5.7	-0.1	-7.8	-19.4	709	106	113	260	230	89	36	29	35	33	45	71	88	101	96	73	61	41	31.8083333333333	29.3333333333333	41.5333333333333	38.4	17.9666666666667	34.8	27.4	39.8	43	44.3	37.3	39.2	39	37	24	16.4	13.5	20.8	1087.9	430.7	0.5994	218.2936	364.1845	0.6153	201.6376	327.6884	0.6122	146.3445	239.0369
EBQ041	-22.4	-8.16666666666667	9.8	-0.733333333333333	8.775	-24.2	-23.6	-17.5	-7.8	0.8	7.5	11.4	10.5	5.7	-0.1	-7.8	-19.4	709	106	113	260	230	89	36	29	35	33	45	71	88	101	96	73	61	41	31.8	29.2666666666667	41.6	38.3666666666667	17.9666666666667	34.775	27.3	39.8	43.1	44.3	37.4	39.2	39	36.9	24	16.4	13.5	20.7	1087.9	430.7	0.5608	204.2285	364.1605	0.6047	198.1418	327.6667	0.6201	148.1747	238.9718
EBQ042	-22.4333333333333	-8.16666666666667	9.8	-0.766666666666667	8.775	-24.3	-23.6	-17.5	-7.8	0.8	7.5	11.4	10.5	5.7	-0.2	-7.8	-19.4	710	106	114	260	230	89	36	29	36	33	45	71	88	101	96	73	61	41	31.8	29.3333333333333	41.5333333333333	38.3666666666667	17.9666666666667	34.775	27.4	39.8	43	44.3	37.3	39.2	38.9	37	24	16.4	13.5	20.8	1086.4	430.7	0.5874	213.8287	364.0297	0.6152	201.352	327.3162	0.6086	145.4225	238.9474
EBQ043	-22.4333333333333	-8.16666666666667	9.8	-0.733333333333333	8.775	-24.3	-23.6	-17.5	-7.8	0.8	7.5	11.4	10.5	5.7	-0.1	-7.8	-19.4	709	106	113	260	230	89	36	29	35	33	45	71	88	101	96	73	61	41	31.8	29.2666666666667	41.5666666666667	38.4	17.9666666666667	34.8	27.3	39.8	43.1	44.3	37.3	39.2	39	37	24	16.4	13.5	20.7	1087.9	430.7	0.6084	221.5432	364.1644	0.6097	199.7684	327.6767	0.6103	145.8878	239.0301
EBQ044	-22.4333333333333	-8.16666666666667	9.8	-0.733333333333333	8.775	-24.3	-23.6	-17.5	-7.8	0.8	7.5	11.4	10.5	5.7	-0.1	-7.8	-19.4	709	106	113	260	230	89	36	29	35	33	45	71	88	101	96	73	61	41	31.8	29.3	41.5333333333333	38.4	17.9666666666667	34.8	27.4	39.8	43	44.3	37.3	39.2	39	37	24	16.4	13.5	20.7	1087.9	430.7	0.6084	221.5432	364.1639	0.6097	199.7686	327.6767	0.6103	145.8878	239.0301
EBQ045	-22.5666666666667	-8.26666666666667	9.8	-2.5	8.5	-24.4	-22.9	-16.9	-8.2	0.3	7.5	11.7	10.2	4.6	-2.2	-9.9	-20.4	809	146	153	270	240	91	50	41	50	51	52	73	103	94	94	77	69	55	32.0583333333333	32.4666666666667	39.4666666666667	36.1666666666667	20.1333333333333	33.3	31.8	40.4	41.5	40.4	36.5	35.6	36.6	36.3	24.7	18.4	17.3	25.2	1024.5	412.5	0.7277	259.1948	356.169	0.7411	232.8429	314.1971	0.7328	164.8995	225.0185
EBQ046	-21.9333333333333	-7.9	9.6	-0.066666666666667	8.725	-23.8	-23.5	-17.5	-7.4	1.2	7.2	11	10.6	6.1	0.6	-6.9	-18.5	681	100	103	243	235	85.25	34	26	30	31	42	66	80	97	98	74	63	40	31.675	28.8333333333333	41.6	38.2	18.0666666666667	34.55	26.6	40	43.7	43.6	37.5	39.3	38.8	36.5	23.6	16.9	13.7	19.9	1100.6	422.9	0.7207	262.0367	363.6072	0.7532	248.0057	329.2867	0.7924	188.5514	237.9555
EBQ047	-21.8333333333333	-7.76666666666667	9.66666666666667	0.0999999999999999	8.825	-23.7	-23.4	-17.4	-7.3	1.4	7.2	11.1	10.7	6.3	0.7	-6.7	-18.4	664	96	99	236	233	83	32	25	29	30	40	64	78	94	96	74	63	39	31.625	28.3666666666667	41.6333333333333	38.4	18.1	34.75	26.1	39.9	43.7	43.6	37.6	39.5	39.1	36.6	23.8	17.1	13.4	19.1	1118.6	433.8	0.8141	298.0945	366.149	0.8271	274.9905	332.4733	0.812	196.7011	242.2554
EBQ048	-22.0333333333333	-8	9.7	-0.2	8.8	-23.9	-23.5	-17.6	-7.5	1.1	7.3	11.2	10.6	6.1	0.4	-7.1	-18.7	685	101	104	245	235	85.75	34	27	31	31	42	67	81	97	98	74	63	40	31.6916666666667	28.9	41.5666666666667	38.2666666666667	18.0333333333333	34.625	26.7	39.9	43.6	43.8	37.3	39.2	38.9	36.7	23.7	16.8	13.6	20.1	1104.4	431.3	0.7598	276.6741	364.1432	0.771	253.9526	329.3647	0.7969	191.3008	240.0704
EBQ049	-21.8666666666667	-7.86666666666667	9.63333333333333	0.0666666666666667	8.8	-23.7	-23.5	-17.5	-7.4	1.3	7.2	11.1	10.6	6.3	0.7	-6.8	-18.4	664	96	99	237	232	83.25	32	25	29	30	40	64	79	94	96	73	63	39	31.625	28.4666666666667	41.6	38.3333333333333	18.1	34.7	26.2	40	43.7	43.6	37.5	39.4	39	36.6	23.8	17.1	13.4	19.2	1113.5	430.5	0.7921	288.7031	364.4857	0.8025	265.0002	330.2213	0.7761	187.6888	241.8456
EBQ050	-22.0666666666667	-8.03333333333333	9.36666666666667	-0.133333333333333	8.525	-23.9	-23.7	-17.7	-7.5	1.1	6.9	10.8	10.4	6	0.5	-6.9	-18.6	684	100	103	243	238	85.5	34	26	30	31	42	66	80	97	99	75	64	40	31.6083333333333	28.9333333333333	41.5	38	18	34.35	26.7	40.1	43.7	43.5	37.3	39.1	38.6	36.3	23.4	16.9	13.7	20	1072.4	401.1	0.8386	302.3327	360.5106	0.854	278.79	326.463	0.8271	192.3788	232.5853
EBQ051	-22.1333333333333	-8.03333333333333	9.66666666666667	-0.3	8.75	-24	-23.6	-17.6	-7.6	1.1	7.3	11.2	10.5	6	0.3	-7.2	-18.8	690	102	107	247	234	86.25	35	27	32	32	43	67	82	98	98	74	62	40	31.6916666666667	29.0666666666667	41.5666666666667	38.2	17.9333333333333	34.55	26.9	39.9	43.6	43.9	37.2	39.1	38.8	36.7	23.6	16.6	13.6	20.4	1096.6	426.2	0.7936	288.2465	363.2143	0.8053	264.6411	328.6286	0.7973	191.006	239.5761
EBQ052	-22.2666666666667	-8.23333333333333	9.56666666666667	-0.566666666666667	8.625	-24.1	-23.6	-17.7	-7.8	0.8	7.2	11.1	10.4	5.8	0	-7.5	-19.1	692	103	108	250	231	86.75	35	28	33	32	43	68	83	99	97	73	61	40	31.5916666666667	29.2	41.3666666666667	38	17.8	34.375	27.1	39.9	43.4	43.9	36.8	38.7	38.7	36.6	23.5	16.3	13.6	20.6	1071	413	0.8465	304.1229	359.2784	0.8646	280.0249	323.8744	0.8313	195.1512	234.7436
EBQ053	-21.0333333333333	-7.93333333333333	8.9	1.2	8.425	-23	-23.3	-17.6	-7.3	1.1	6.1	10.1	10.5	7	1.9	-5.3	-16.8	616	87	85	220	224	77.25	27	22	22	26	37	57	75	88	89	73	62	38	31.375	29.9	40.3	36.7333333333333	18.5666666666667	33.45	27	42.8	43.9	41.4	35.6	37.8	36.3	36.1	23.6	17.7	14.4	19.9	1088.6	388.7	0.6256	221.0021	353.2668	0.6381	205.3092	321.7717	0.6711	152.1311	226.7009
EBQ054	-21.0333333333333	-7.93333333333333	8.9	1.2	8.425	-23	-23.3	-17.6	-7.3	1.1	6.1	10.1	10.5	7	1.9	-5.3	-16.8	616	87	85	220	224	77.25	27	22	22	26	37	57	75	88	89	73	62	38	31.375	29.9	40.3	36.7333333333333	18.5666666666667	33.45	27	42.8	43.9	41.4	35.6	37.8	36.3	36.1	23.6	17.7	14.4	19.9	1088.6	388.7	0.6256	221.0021	353.2668	0.6381	205.3092	321.7717	0.6711	152.1311	226.7009
EBQ055	-21.0333333333333	-7.93333333333333	8.9	1.2	8.425	-23	-23.3	-17.6	-7.3	1.1	6.1	10.1	10.5	7	1.9	-5.3	-16.8	616	87	85	220	224	77.25	27	22	22	26	37	57	75	88	89	73	62	38	31.375	29.9	40.3	36.7333333333333	18.5666666666667	33.45	27	42.8	43.9	41.4	35.6	37.8	36.3	36.1	23.6	17.7	14.4	19.9	1088.6	388.7	0.6256	221.0021	353.2668	0.6381	205.3092	321.7717	0.6711	152.1311	226.7009
EBQ056	-21.0333333333333	-7.93333333333333	8.9	1.2	8.425	-23	-23.3	-17.6	-7.3	1.1	6.1	10.1	10.5	7	1.9	-5.3	-16.8	616	87	85	220	224	77.25	27	22	22	26	37	57	75	88	89	73	62	38	31.375	29.9	40.3	36.7333333333333	18.5666666666667	33.45	27	42.8	43.9	41.4	35.6	37.8	36.3	36.1	23.6	17.7	14.4	19.9	1088.6	388.7	0.6256	221.0021	353.2668	0.6381	205.3092	321.7717	0.6711	152.1311	226.7009
EBQ057	-21.0333333333333	-7.93333333333333	8.9	1.2	8.425	-23	-23.3	-17.6	-7.3	1.1	6.1	10.1	10.5	7	1.9	-5.3	-16.8	616	87	85	220	224	77.25	27	22	22	26	37	57	75	88	89	73	62	38	31.375	29.9	40.3	36.7333333333333	18.5666666666667	33.45	27	42.8	43.9	41.4	35.6	37.8	36.3	36.1	23.6	17.7	14.4	19.9	1088.6	388.7	0.6256	221.0021	353.2668	0.6381	205.3092	321.7717	0.6711	152.1311	226.7009
EBQ058	-21.2	-8.1	8.83333333333333	0.966666666666667	8.325	-23.1	-23.4	-17.9	-7.4	1	6.1	10	10.4	6.8	1.6	-5.5	-17.1	645	92	91	228	234	80.75	30	23	24	28	39	59	76	93	95	75	64	39	31.3333333333333	30.2333333333333	40.4	36.4666666666667	18.2333333333333	33.125	27.4	42.4	44	41.6	35.6	37.6	35.9	35.9	23.1	17.1	14.5	20.9	1067.8	377	0.6373	223.7641	351.1075	0.634	202.6741	319.6597	0.6317	141.3005	223.6769
EBQ059	-21.3	-8.13333333333333	8.8	0.9	8.275	-23.2	-23.5	-17.9	-7.5	1	6.1	10	10.3	6.7	1.6	-5.6	-17.2	653	94	92	231	236	81.75	30	24	24	28	40	60	76	95	96	75	65	40	31.2916666666667	30.3	40.4	36.3666666666667	18.1	33	27.5	42.2	44	41.7	35.5	37.5	35.8	35.8	22.9	16.9	14.5	21.2	1061.6	371.6	0.6437	225.759	350.7168	0.6388	203.7425	318.9295	0.6337	141.3949	223.1176
EBQ060	-21.3	-8.13333333333333	8.8	0.9	8.275	-23.2	-23.5	-17.9	-7.5	1	6.1	10	10.3	6.7	1.6	-5.6	-17.2	653	94	92	231	236	81.75	30	24	24	28	40	60	76	95	96	75	65	40	31.2916666666667	30.3	40.4	36.3666666666667	18.1	33	27.5	42.2	44	41.7	35.5	37.5	35.8	35.8	22.9	16.9	14.5	21.2	1061.6	371.6	0.5925	207.7705	350.6845	0.6163	196.5481	318.9089	0.6169	137.6291	223.1058
EBQ061	-21.3	-8.13333333333333	8.8	0.9	8.275	-23.2	-23.5	-17.9	-7.5	1	6.1	10	10.3	6.7	1.6	-5.6	-17.2	653	94	92	231	236	81.75	30	24	24	28	40	60	76	95	96	75	65	40	31.3	30.3	40.4	36.3666666666667	18.1333333333333	33	27.5	42.2	44	41.7	35.5	37.5	35.8	35.8	22.9	17	14.5	21.2	1061.6	371.6	0.6146	215.5375	350.7005	0.6159	196.4376	318.9247	0.6318	140.9704	223.1077
EBQ062	-21.3	-8.13333333333333	8.8	0.9	8.275	-23.2	-23.5	-17.9	-7.5	1	6.1	10	10.3	6.7	1.6	-5.6	-17.2	653	94	92	231	236	81.75	30	24	24	28	40	60	76	95	96	75	65	40	31.2916666666667	30.3	40.4	36.3666666666667	18.1	33	27.5	42.2	44	41.7	35.5	37.5	35.8	35.8	22.9	16.9	14.5	21.2	1061.6	371.6	0.577	202.3457	350.6651	0.5999	191.3176	318.8965	0.6211	138.5687	223.0987
EBQ063	-22.2	-8.36666666666667	9.36666666666667	-0.4	8.475	-24	-23.8	-17.9	-7.9	0.7	6.9	10.9	10.3	5.8	0.2	-7.2	-18.8	670	98	103	241	228	84	33	26	31	31	41	65	80	96	95	72	61	39	31.4166666666667	28.8666666666667	41.2333333333333	37.8	17.7666666666667	34.2	26.6	40	43.6	43.7	36.4	38.6	38.5	36.3	23.4	16.4	13.5	20	1054	396.5	0.8544	303.7847	355.5458	0.8712	278.939	320.1693	0.8241	189.8705	230.3835
EBQ064	-22.4	-8.66666666666667	9.26666666666667	-0.7	8.35	-24.2	-23.9	-18.1	-8.3	0.4	6.9	10.8	10.1	5.6	-0.1	-7.6	-19.1	668	99	103	242	224	83.75	33	27	31	31	41	65	81	96	93	71	60	39	31.3083333333333	28.9333333333333	41.1333333333333	37.6	17.5666666666667	34.025	26.8	39.9	43.6	43.9	35.9	38.2	38.3	36.3	23.3	16	13.4	20.1	1028.9	383.1	0.8797	308.6825	350.9112	0.8998	283.576	315.1414	0.8631	194.5847	225.4422
EBQ065	-22.4	-8.66666666666667	9.26666666666667	-0.7	8.35	-24.2	-23.9	-18.1	-8.3	0.4	6.9	10.8	10.1	5.6	-0.1	-7.6	-19.1	667	98	103	242	224	83.75	33	26	31	31	41	65	81	96	93	71	60	39	31.3	28.9333333333333	41.1	37.6	17.5666666666667	34.025	26.8	39.9	43.6	43.9	35.8	38.2	38.3	36.3	23.3	16	13.4	20.1	1028.9	383.1	0.8891	311.895	350.8062	0.9103	286.7987	315.0608	0.8778	197.8663	225.4216
EBQ066	-22.5	-8.86666666666667	9.13333333333333	-0.866666666666667	8.2	-24.3	-24	-18.3	-8.5	0.2	6.7	10.7	10	5.4	-0.3	-7.7	-19.2	670	100	105	243	222	84	34	27	32	31	42	65	81	97	93	70	59	39	31.2	29.2	40.9	37.2666666666667	17.4333333333333	33.725	27	39.9	43.6	43.9	35.2	37.6	38	36.2	23.1	15.6	13.6	20.7	1004.5	368.7	0.9005	311.2337	345.6069	0.9223	285.8179	309.8826	0.8906	195.9799	220.0428
EBQ067	-22.4333333333333	-9.1	8.86666666666667	-0.766666666666667	8	-24.2	-24.1	-18.6	-8.7	0	6.4	10.4	9.8	5.4	-0.2	-7.5	-19	647	95	99	234	219	81.25	32	25	29	30	40	62	78	94	91	69	59	38	30.9916666666667	28.8	40.7333333333333	37.0666666666667	17.3666666666667	33.55	26.5	40.1	43.8	43.6	34.8	37.5	37.9	35.8	23	15.7	13.4	19.8	978.2	346.6	0.8839	301.1535	340.7097	0.9041	277.1577	306.5544	0.8667	186.5994	215.2937
EBQ068	-22.4333333333333	-9.03333333333333	8.83333333333333	-0.633333333333333	8	-24.2	-24.2	-18.6	-8.6	0.1	6.3	10.4	9.8	5.5	0	-7.4	-18.9	641	94	97	231	219	80.5	31	25	29	29	39	61	77	93	91	69	59	38	30.9583333333333	28.6666666666667	40.7	37.1	17.3666666666667	33.575	26.3	40.2	43.8	43.5	34.8	37.6	37.9	35.8	23	15.8	13.3	19.5	982.8	346.3	0.8883	303.1572	341.2888	0.9067	278.3781	307.0094	0.8702	187.3214	215.2539
WB001	-15.6666666666667	1.6	15.9666666666667	2.33333333333333	14.45	-17.4	-14.5	-7.5	2.3	10	14.7	17.3	15.9	9.9	3.6	-6.5	-15.1	498	60	111	220	107	69.5	19	19	28	32	51	81	72	67	58	30	19	22	49.6416666666667	42.9333333333333	50.7333333333333	60.5333333333333	44.3666666666667	57.575	44.6	45.9	45.7	51.9	54.6	55.5	63.5	62.6	48.7	48.5	35.9	38.3	2195.4	1267.5	0.8019	484.0708	603.6848	0.8319	472.7942	568.3053	0.8479	425.5014	501.8364
WB002	-15.6	1.6	15.9666666666667	2.36666666666667	14.45	-17.3	-14.4	-7.5	2.3	10	14.7	17.3	15.9	9.9	3.7	-6.5	-15.1	497	60	111	220	106	69.5	19	19	28	32	51	81	72	67	58	30	18	22	49.6833333333333	42.9333333333333	50.7	60.6	44.5	57.65	44.6	45.9	45.6	51.9	54.6	55.6	63.5	62.7	48.8	48.7	36	38.3	2197.8	1268.5	0.7778	469.7609	603.9929	0.8019	455.9548	568.6263	0.811	407.2104	502.0952
WB003	-16.8666666666667	0.700000000000001	15.3	1.76666666666667	13.8	-18.8	-15.7	-8.7	1.5	9.3	14	16.7	15.2	9.3	3.1	-7.1	-16.1	500	60	107	221	112	69.5	19	19	26	33	48	80	71	70	57	33	22	22	49.0583333333333	42.8666666666667	50.8666666666667	59.6	42.9	56.55	44.4	46.1	46.1	52.1	54.4	54.9	62.5	61.4	47.4	46.7	34.6	38.1	2064.4	1160.3	0.7743	454.33	586.7952	0.7975	438.6382	550.0461	0.805	386.4237	480.0046
WB004	-17.3333333333333	1.13333333333333	16.6	2.76666666666667	15.075	-19.7	-16.1	-8	1.8	9.6	14.9	18.3	16.6	10.5	3.9	-6.1	-16.2	646	83	122	274	167	87.5	30	22	32	36	54	93	91	90	76	51	40	31	43.6	38.3333333333333	49.8333333333333	54.2333333333333	32	50.6	38.7	42.9	44.5	51.8	53.2	50.9	56.9	54.9	39.7	31	25.3	33.4	2257.3	1332.7	0.832	478.2069	574.7754	0.8484	459.1233	541.1506	0.8356	398.3447	476.7172
WB005	-17.4	1.1	16.6333333333333	2.76666666666667	15.1	-19.8	-16.2	-8.1	1.8	9.6	15	18.3	16.6	10.5	3.9	-6.1	-16.2	635	80	121	269	165	86	29	21	32	36	53	92	89	88	75	50	40	30	43.8	38.6333333333333	50.0666666666667	54.3333333333333	32.1666666666667	50.725	39	43.1	45	52	53.2	51	57	55	39.9	31.1	25.5	33.8	2260.3	1335.7	0.8217	472.4767	574.9969	0.8374	453.4474	541.5109	0.8322	397.0558	477.1053
WB006	-17.4	1.1	16.6333333333333	2.76666666666667	15.1	-19.8	-16.2	-8.1	1.8	9.6	15	18.3	16.6	10.5	3.9	-6.1	-16.2	635	80	121	269	165	86	29	21	32	36	53	92	89	88	75	50	40	30	43.8	38.6333333333333	50.0666666666667	54.3333333333333	32.1666666666667	50.725	39	43.1	45	52	53.2	51	57	55	39.9	31.1	25.5	33.8	2260.3	1335.7	0.8217	472.4767	574.9969	0.8374	453.4474	541.5109	0.8322	397.0558	477.1053
WB007	-17.4	1.1	16.6333333333333	2.73333333333333	15.1	-19.8	-16.2	-8.1	1.8	9.6	15	18.3	16.6	10.5	3.9	-6.2	-16.2	635	80	121	269	165	86	29	21	32	36	53	92	89	88	75	50	40	30	43.775	38.6	50.0333333333333	54.3333333333333	32.1333333333333	50.7	39	43.1	44.9	52	53.2	51	57	55	39.8	31.1	25.5	33.7	2260.1	1335.7	0.8218	472.3844	574.8375	0.8374	453.3831	541.4384	0.8322	397.0135	477.0554
WB008	-17.4	1.16666666666667	16.6666666666667	2.83333333333333	15.15	-19.8	-16.2	-8.1	1.9	9.7	15	18.3	16.7	10.6	4	-6.1	-16.2	620	77	118	264	161	84.25	28	20	31	35	52	91	87	86	73	49	39	29	43.95	38.8	50.3333333333333	54.4	32.2666666666667	50.8	39.2	43.3	45.4	52.3	53.3	51.1	57.1	55	40	31.2	25.6	33.9	2274	1346.2	0.8233	474.3658	576.2065	0.8389	455.2958	542.7252	0.831	397.9405	478.8521
WB009	-17.3666666666667	0.933333333333334	16.6	2.83333333333333	15.1	-19.6	-16.2	-8.1	1.5	9.4	14.9	18.3	16.6	10.6	4	-6.1	-16.3	670	89	130	278	173	88.75	32	24	33	39	58	91	94	93	77	54	42	33	42.7916666666667	37.8	49.5666666666667	53.2666666666667	30.5333333333333	49.475	38	43.5	44	52.2	52.5	50.7	55.6	53.5	38.1	29.6	23.9	31.9	2250.6	1329.7	0.874	496.4748	568.0781	0.8926	477.6938	535.1708	0.8889	417.9394	470.1727
WB010	-17.5	1.1	16.6333333333333	2.73333333333333	15.1	-19.9	-16.2	-8.2	1.8	9.7	15	18.3	16.6	10.5	3.9	-6.2	-16.4	622	77	118	264	163	84.5	28	20	31	35	52	91	87	86	74	50	39	29	44.0583333333333	38.7666666666667	50.6	54.4666666666667	32.4	50.925	39.1	43.5	46	52.4	53.4	51	57.2	55.2	40.3	31.2	25.7	33.7	2263.1	1338.5	0.7894	453.971	575.0618	0.8032	435.5113	542.2453	0.7914	378.0956	477.7808
WB011	-17.9333333333333	0.3	16.3	2.4	14.75	-20.1	-16.9	-9	0.9	9	14.5	18.2	16.2	10.1	3.5	-6.4	-16.8	710	96	140	283	191	91.25	35	26	35	42	63	91	99	93	82	60	49	35	42.6583333333333	38.5666666666667	49.3333333333333	52.6666666666667	30.0666666666667	48.85	39	45	44.1	52.1	51.8	50.6	54.9	52.5	37.4	29.2	23.6	31.7	2171.2	1268.8	0.8691	484.1758	557.0978	0.8891	465.0034	522.9755	0.891	406.4917	456.2412
WB012	-17.6	0.966666666666666	16.5333333333333	2.63333333333333	15	-19.9	-16.4	-8.3	1.7	9.5	14.9	18.2	16.5	10.4	3.8	-6.3	-16.5	633	81	120	268	164	85.5	29	21	32	36	52	90	89	89	74	50	40	31	43.6416666666667	38.8	49.9666666666667	54	31.8	50.375	39.3	43.2	45	52	52.9	50.7	56.7	54.6	39.5	30.5	25.4	33.9	2239.9	1319.2	0.8609	490.5074	569.7681	0.8788	472.3416	537.4935	0.8654	408.0744	471.5379
WB013	-17.5333333333333	0.766666666666666	16.5	2.66666666666667	14.975	-19.8	-16.3	-8.3	1.4	9.2	14.8	18.2	16.5	10.4	3.8	-6.2	-16.5	664	88	129	276	171	88	31	24	33	39	57	90	93	93	76	53	42	33	42.7833333333333	38.0333333333333	49.4666666666667	53.1	30.5333333333333	49.35	38.3	43.5	44.1	52	52.3	50.4	55.5	53.4	38.1	29.4	24.1	32.3	2222	1306.4	0.8506	479.2556	563.4543	0.8675	460.2303	530.5004	0.8663	402.1436	464.2123
WB014	-17.8666666666667	0.966666666666666	16.5666666666667	2.6	15.025	-20.2	-16.6	-8.5	1.7	9.7	14.9	18.2	16.6	10.4	3.8	-6.4	-16.8	599	74	113	255	157	81.5	27	19	30	34	49	88	83	84	71	48	38	28	44.1333333333333	39.3666666666667	50.9333333333333	54.1333333333333	32.1	50.575	39.8	44.1	46.8	52.8	53.2	50.8	56.9	54.7	39.9	30.6	25.8	34.2	2248.8	1327.8	0.7522	428.7559	569.9918	0.7638	410.0331	536.8023	0.752	356.7602	474.4097
WB015	-18.2	0.166666666666667	16.1333333333333	2.13333333333333	14.575	-20.4	-17	-9	0.7	8.8	14.4	17.9	16.1	9.9	3.3	-6.8	-17.2	687	93	132	280	182	89.75	33	25	34	40	58	89	97	94	79	57	46	35	42.5416666666667	38.4	49.3	52.5666666666667	29.9	48.75	38.8	44.2	44.4	51.9	51.6	50	54.9	52.8	37.3	28.7	23.7	32.2	2134.5	1239.7	0.8695	479.1064	551.0213	0.8895	460.1513	517.3301	0.8897	400.2619	449.8637
WB016	-16.9333333333333	0.866666666666666	15.8666666666667	2	14.3	-18.8	-15.7	-8.8	1.7	9.7	14.8	17.1	15.7	9.6	3.5	-7.1	-16.3	537	69	114	233	121	74	22	20	34	31	49	83	84	66	63	34	24	27	48.8083333333333	42.2	51.7	59.9666666666667	41.3666666666667	56.5	42.8	46.8	45.8	54.2	55.1	56.3	62.1	61.5	46.1	44.6	33.4	37	2151.1	1236.5	0.8277	485.313	586.3502	0.8446	466.8047	552.7131	0.85	414.2327	487.3179
WB017	-18.1	-0.1	16.5	2.66666666666667	15	-20.4	-16.9	-9.6	0.6	8.7	14.8	18	16.7	10.5	4.2	-6.7	-17	488	53	93	213	129	69	17	15	27	25	41	75	73	65	63	38	28	21	48.575	43.5333333333333	54.2666666666667	58.9	37.6	55.05	44.4	48.7	49.1	55.2	58.5	56	60.2	60.5	43.5	38	31.3	37.5	2203.6	1297.4	0.7904	451.0889	570.7384	0.8024	433.2608	539.9415	0.7874	374.8406	476.0619
WB018	-18.9	0.3	16.6	1.5	14.875	-21.4	-17.1	-9.6	1.1	9.4	15.1	18.1	16.6	9.7	3.1	-8.3	-18.2	478	61	86	210	121	67.25	19	17	20	24	42	70	75	65	59	37	25	25	45.1833333333333	38.8333333333333	52.2333333333333	55.9	33.7666666666667	51.975	39.2	46.1	47.6	54.2	54.9	53.8	56.9	57	40.2	34.6	26.5	31.2	2190	1292.5	0.7763	421.8882	543.4933	0.7863	406.2917	516.7242	0.7681	351.1067	457.0838
WB019	-22.7666666666667	-4	13.4333333333333	-1.83333333333333	11.825	-25	-21.4	-14.1	-3.3	5.4	11.6	15.3	13.4	7	-0.1	-12.4	-21.9	517	60	89	228	140	72.5	20	15	19	25	45	67	84	77	62	45	33	25	42.4416666666667	39.4333333333333	50.8333333333333	51.4333333333333	28.0666666666667	46.75	39.2	48.6	49.2	51.7	51.6	49.1	53.1	52.1	32.7	26.4	25.1	30.5	1581.8	821.9	0.8825	405.4172	459.3967	0.9099	386.9954	425.3343	0.8912	313.9325	352.2714
WB020	-23.4	-4.13333333333333	14.0666666666667	-1.63333333333333	12.35	-26.1	-22	-14.6	-3.1	5.3	12.3	15.8	14.1	7.2	0.2	-12.3	-22.1	493	66	82	208	137	67.5	23	17	20	23	39	66	77	65	62	42	33	26	41.65	36.8333333333333	50.8333333333333	51.2666666666667	27.6666666666667	46.825	37.2	45.1	48.8	51.4	52.3	49.7	51.8	52.3	33.5	26.8	22.7	28.2	1649.2	883.4	0.8118	370.8231	456.8158	0.8311	355.1453	427.3027	0.8035	285.0691	354.782
WB021	-17.5	0.566666666666666	13.7666666666667	-0.566666666666667	12.375	-19.8	-15.8	-8.8	1.8	8.7	13.1	15	13.2	8.2	1.7	-11.6	-16.9	428	66	81	192	89	57	26	19	22	23	36	64	68	60	36	27	26	21	38.275	26.7	45.5333333333333	47.7333333333333	33.1333333333333	45.15	26	37	40.8	48.1	47.7	46.3	48	48.9	37.4	36.8	25.2	17.1	1844.7	965.9	0.8213	385.9431	469.9094	0.8379	373.5596	445.8256	0.8454	327.6012	387.4898
WB022	-20.3666666666667	-0.666666666666667	14.0333333333333	-0.733333333333334	12.475	-23.5	-18.4	-11	0.9	8.1	13.2	15.4	13.5	7.8	0.8	-10.8	-19.2	455	69	83	199	104	61.25	25	19	22	22	39	60	78	61	46	30	28	25	43.2583333333333	34.4666666666667	51.9	52.5333333333333	34.1333333333333	49.025	33.7	45.4	46.7	54.8	54.2	50.9	53.2	53.5	38.5	36.8	27.1	24.3	1805	958.4	0.85	409.2717	481.5139	0.865	396.2473	458.0878	0.8567	338.0891	394.6578
WB023	-21.9333333333333	-2.73333333333333	14.0333333333333	-1.73333333333333	12.325	-24	-20.1	-12.8	-2	6.6	12.7	15.6	13.8	7.2	0.2	-12.6	-21.7	464	58	85	210	111	64.75	20	16	20	28	37	64	79	67	49	37	25	22	41.375	35.3	50.7333333333333	50.4	29.0666666666667	46.55	34.7	44.2	47.4	51.9	52.9	49.2	50.2	51.8	35	28.9	23.3	27	1692.2	904.2	0.7767	357.3392	460.0949	0.7919	341.2494	430.9113	0.7792	282.4242	362.4312
WB024	-20.4666666666667	-0.733333333333334	14.0333333333333	-1.73333333333333	12.425	-22.6	-18.5	-11.3	0.4	8.7	13.3	15.4	13.4	7.6	0.8	-13.6	-20.3	426	67	81	185	93	54.75	25	19	22	19	40	65	62	58	34	30	29	23	40.5083333333333	26.9	49.5	52.8	32.8333333333333	49.825	24.5	40	44.7	52	51.8	51.4	53.8	53.2	40.9	34.4	23.2	16.2	1808.4	967.3	0.8192	387.7874	473.3951	0.8353	375.4597	449.4647	0.8386	327.4975	390.5202
WB025	-21.5666666666667	-3.13333333333333	13.0333333333333	-2.06666666666667	11.375	-23.9	-20.1	-13.7	-2.2	6.5	12	14.4	12.7	6.4	-0.1	-12.5	-20.7	412	70	75	169	98	51.75	26	20	22	19	34	50	67	52	38	27	33	24	42.3083333333333	31.7333333333333	53.0666666666667	52.9333333333333	31.5	49.05	31	44.4	48.9	55.6	54.7	52.5	54.1	52.2	37.4	33.9	23.2	19.8	1566.2	792	0.8215	368.5594	448.6356	0.8359	353.727	423.1831	0.8469	300.2899	354.5898
WB026	-25.2	-5.1	13.4	-2.56666666666667	11.65	-28.7	-23.7	-16.9	-3.8	5.4	12	14.9	13.3	6.4	-0.4	-13.7	-23.2	391	57	64	169	101	52.5	20	13	19	20	25	49	57	63	41	31	29	24	41.0166666666667	34.2333333333333	52.2	50.8	26.8333333333333	46.425	33.4	44.7	49.8	52.7	54.1	50.4	51	51	33.3	25.5	21.7	24.6	1553.1	805.3	0.8005	345.4784	431.5771	0.8162	331.4144	406.0351	0.8094	273.7837	338.249
WB027	-26.4333333333333	-7.7	12.3666666666667	-3.83333333333333	10.675	-29.6	-25.5	-19.3	-6.7	2.9	10.4	14.2	12.5	5.6	-2	-15.1	-24.2	381	49	63	165	104	52.5	17	11	18	20	25	46	60	59	45	33	26	21	40.3583333333333	34.3	51.8333333333333	49.5666666666667	25.7333333333333	44.95	33	45.8	50.5	52.6	52.4	48.8	50.3	49.6	31.1	23.9	22.2	24.1	1343.7	665.8	0.7689	307.1063	399.4182	0.7839	289.0288	368.7151	0.7846	230.7001	294.0488
WB028	-20.6333333333333	-0.933333333333333	14.5666666666667	-2.23333333333333	13.1	-22.3	-18.9	-11.7	0.6	8.3	13.8	15.9	14	8.7	-0.4	-15	-20.7	448	61	91	203	93	60.25	22	18	22	25	44	59	81	63	38	31	24	21	39.0166666666667	27.4666666666667	47.4666666666667	49.9666666666667	31.1666666666667	47.675	24.5	37.7	43.9	50.3	48.2	49.9	49.8	50.2	40.8	28.9	23.8	20.2	1863.2	1031.1	0.8399	381.0801	453.701	0.8563	370.259	432.4164	0.8539	323.6585	379.0165
WB029	-23.1	-3.5	14.3666666666667	-2.06666666666667	12.675	-25.4	-21.8	-15.1	-2.8	7.4	13.3	15.9	13.9	7.6	0.1	-13.9	-22.1	358	58	67	149	84	45.75	21	18	18	19	30	46	51	52	34	22	28	19	42.8583333333333	30.4	53.7	55.6333333333333	31.7	51.8	27.7	43.7	49.2	56	55.9	55.4	56.9	54.6	40.3	31.8	23	19.8	1750.2	960.3	0.7261	332.0566	457.3376	0.7363	319.5862	434.0634	0.738	278.8485	377.8327
WB030	-27.4	-9.56666666666667	11.4666666666667	-4.76666666666667	9.775	-30.3	-26.9	-21.1	-8.8	1.2	9.2	13.5	11.7	4.7	-3	-16	-25	360	47	59	154	100	49	17	11	18	19	22	42	57	55	42	33	25	19	39.8833333333333	33.6666666666667	52.1666666666667	49.1666666666667	24.5333333333333	44.325	32.1	46	51.2	52.6	52.7	49.4	50	48.1	29.8	22	21.8	22.9	1191.2	561.8	0.8437	316.5541	375.1892	0.8656	296.692	342.7773	0.8895	235.1967	264.4282
WB031	-23	-2.46666666666667	14.6666666666667	-3	12.85	-25.5	-21	-14	-1.4	8	14	16.2	13.8	7.4	-1.2	-15.2	-22.5	354	58	66	147	83	44	20	18	19	17	30	44	55	48	29	29	25	20	39.8916666666667	27.3333333333333	49.9333333333333	52.1	30.2	49.125	24.7	39.8	46.3	52.4	51.1	51.3	53.5	51.5	40.2	28.1	22.3	17.5	1785.4	996.4	0.6451	288.5547	447.2774	0.657	279.6486	425.6307	0.6494	240.2131	369.8766
WB032	-15.0333333333333	-1.7	12.3666666666667	-1.53333333333333	11.175	-15.8	-14.2	-9	-2.2	6.1	11.5	13.6	12	7.6	-2.1	-10.1	-15.1	569	77	80	259	153	84.25	25	23	25	31	24	57	87	115	78	43	32	29	46.525	47.9333333333333	54.3	42.9333333333333	40.9333333333333	42.725	46.2	55.3	56.4	53.9	52.6	46.2	42.9	39.7	42.1	40.2	40.5	42.3	1505.7	747	0.9273	380.5974	410.4419	0.9312	360.3889	387.0298	0.9167	293.1869	319.8278
WB033	-16.0333333333333	-1.76666666666667	12.5666666666667	-2	11.3	-17	-15	-9.4	-2.2	6.3	11.8	13.8	12.1	7.5	-2.5	-11	-16.1	542	72	76	249	145	80.75	23	21	23	29	24	55	84	110	74	40	31	28	46.3416666666667	47.5666666666667	54.4	42.8333333333333	40.5666666666667	42.575	45.7	55.1	56.5	54.1	52.6	46.2	42.8	39.5	41.8	39.8	40.1	41.9	1523.3	766.6	0.9571	391.6253	409.1922	0.9649	372.5398	386.1007	0.9575	305.5479	319.1088
WB034	-27.9	-10.8333333333333	11	-5.3	9.35	-30.6	-27.7	-22.3	-10.3	0.1	8.5	13.1	11.4	4.4	-3.7	-16.6	-25.4	341	42	55	145	99	47	15	10	16	18	21	38	56	51	43	33	23	17	39.7	33.4666666666667	52.2666666666667	48.9333333333333	24.1333333333333	43.95	31.5	46.6	51.7	53.1	52	48.9	50.2	47.7	29	21.3	22.1	22.3	1117.7	514.3	0.7734	280.125	362.189	0.7955	260.2368	327.152	0.8158	204.3383	250.4849
WB035	-16.6666666666667	-2.06666666666667	12.7	-1.93333333333333	11.45	-17.5	-15.7	-10.1	-2.5	6.4	11.9	14	12.2	7.7	-2.3	-11.2	-16.8	490	69	72	214	135	70.75	22	21	23	27	22	45	71	98	69	37	29	26	46.7333333333333	48.4	54.5666666666667	42.9666666666667	41	42.775	45.9	56	56.8	54.2	52.7	46.3	43	39.6	42.2	40.3	40.5	43.3	1543.8	785.3	0.8949	365.7916	408.746	0.9003	346.862	385.2722	0.8805	282.9601	321.3703
WB036	-23.0333333333333	-4.1	10.5	-6	8.875	-26.5	-20.1	-12.5	-3.6	3.8	9.8	12	9.7	4	-3.9	-18.1	-22.5	409	85	70	152	102	47.5	32	25	25	19	26	42	63	47	38	31	33	28	35.3916666666667	24.9	45.5	44.8	26.3666666666667	41.825	23.3	36.7	41.9	48.7	45.9	45.1	44.8	44.5	32.9	26.7	19.5	14.7	1145.4	480	0.751	283.7768	377.8675	0.7742	269.5172	348.1128	0.7771	204.1158	262.6738
WB037	-25.1333333333333	-6.1	12.5	-4.76666666666667	10.725	-27.3	-23.8	-17.9	-5.2	4.8	11.5	14.2	11.8	5.4	-3.2	-16.5	-24.3	343	69	67	132	75	39.5	23	20	23	19	25	38	51	43	26	22	27	26	39.45	27.6	50.5	51.1333333333333	28.5666666666667	47.7	24.8	41.2	47.6	53	50.9	50.9	52.9	49.6	37.4	26.6	21.7	16.8	1392.2	694.3	0.6593	265.2625	402.3118	0.6849	257.9457	376.629	0.6803	213.5359	313.8751
WB038	-25.2	-4.26666666666667	14.2666666666667	-4.26666666666667	12.3	-28.1	-23.3	-16	-3.5	6.7	13.5	15.9	13.4	6.4	-2.5	-16.7	-24.2	351	58	64	143	86	42.75	20	18	19	17	28	43	52	48	28	33	25	20	38.8333333333333	26.8	49.7666666666667	50.9333333333333	27.8333333333333	47.525	24	40	46.8	51.9	50.6	50.2	53.2	49.4	37.3	25.8	20.4	16.4	1649.5	907.7	0.6768	286.5681	423.4155	0.6939	278.0374	400.673	0.6971	240.17	344.5342
WB039	-25.4333333333333	-4.96666666666667	13.0333333333333	-5.06666666666667	11.2	-27.6	-23.8	-16.4	-4.1	5.6	12.4	14.5	12.2	5.7	-3.6	-17.3	-24.9	395	63	72	170	90	50.25	23	19	20	20	32	52	63	55	31	34	25	21	37.3083333333333	26.1	48	48.0666666666667	27.0666666666667	44.85	23.3	38.7	45.6	50.1	48.3	47.7	49.6	46.9	35.2	25.7	20.3	16.3	1473.6	760.7	0.8212	328.0241	399.429	0.8427	316.0919	375.0846	0.8666	272.6249	314.6083
WB041	-25.4666666666667	-6.4	14.5333333333333	-2.96666666666667	12.6	-27.9	-24.5	-18.4	-6	5.2	13.1	16.4	14.1	6.8	-1.2	-14.5	-24	277	46	39	102	90	32.75	16	14	11	11	17	24	36	42	29	35	26	16	43.325	26.8	57.8666666666667	61.0666666666667	27.5666666666667	55.775	23.6	42.2	53	60.1	60.5	63.2	63.2	56.8	39.9	21.2	21.6	14.6	1645.1	914.4	0.6061	269.245	444.2103	0.6065	255.5348	421.3448	0.5948	216.0806	363.2946
WB042	-17.7333333333333	-3.83333333333333	12.1	-2.1	10.975	-18	-17	-12.8	-4.1	5.4	11.3	13.5	11.5	7.6	-2.6	-11.3	-18.2	421	66	67	176	112	60	21	26	25	22	20	34	52	90	64	26	22	19	46.7666666666667	49.6	54.6333333333333	42.2333333333333	40.6	42.1	45.1	57.9	57.3	54.4	52.2	45.7	42.6	38.4	41.7	40.3	39.8	45.8	1444.3	709.5	0.7636	294.5338	385.7347	0.7585	275.9857	363.8434	0.7105	215.6149	303.4727
WB043	-24.8333333333333	-2.33333333333333	13.0333333333333	-6.13333333333333	11.175	-27.5	-21.9	-12.6	-1.4	7	12.5	14.6	12	5.6	-5.1	-18.9	-25.1	348	34	52	197	65	56.25	12	10	9	12	31	64	81	52	28	22	15	12	39.2666666666667	29.2666666666667	50.4666666666667	44.5	32.8333333333333	43.4	27.2	40.9	50.4	51.2	49.8	45.6	44.5	43.4	40.1	31.4	27	19.7	1524.7	786.8	0.8539	347.3738	406.7867	0.9034	343.2506	379.9336	0.9356	300.2461	320.9116
WB044	-19.8	-2.36666666666667	11.9	-4.83333333333333	10.3	-21.7	-17.6	-10.9	-2	5.8	11.2	13.4	11.1	5.5	-4.2	-15.8	-20.1	428	72	68	177	111	56.5	21	21	20	17	31	56	67	54	49	35	27	30	41.0666666666667	35.6333333333333	51.5666666666667	42.0666666666667	35	41.375	34.9	45	52.6	51.9	50.2	44.4	42.3	39.5	39.3	32.6	33.1	27	1380.3	656.8	0.9019	350.4568	388.5663	0.9188	335.0237	364.6385	0.9005	268.0596	297.6744
WB045	-13.6666666666667	-1.56666666666667	11.8666666666667	-2.4	10.475	-14.9	-12.3	-8.4	-1.7	5.4	11.1	13.2	11.3	6.3	-2.6	-10.9	-13.8	502	74	66	220	142	72.5	23	26	23	20	23	53	78	89	70	43	29	25	43.9	41.6333333333333	53.8	42.4333333333333	37.7333333333333	41.75	41.9	49.7	55.2	53.8	52.4	46.1	42.5	38.7	39.7	35.8	37.7	33.3	1400.7	661.2	0.9396	369.8476	393.6087	0.9421	351.5993	373.1941	0.9274	276.0037	297.5984
WB046	-25.9333333333333	-4.16666666666667	14.8	-4.13333333333333	12.85	-28.1	-24.4	-16.5	-3.1	7.1	14.3	16.3	13.8	7	-2.7	-16.7	-25.3	336	51	57	146	82	43.75	18	14	14	16	27	45	53	48	29	32	21	19	38.5166666666667	26.0666666666667	50	50.6	27.4	47.075	23	39.3	47.3	52.2	50.5	50.4	52.4	49	36.5	25.2	20.5	15.9	1728.8	977	0.7408	313.6065	423.3606	0.7521	303.0813	402.9714	0.7565	264.7295	349.9448
WB047	-24.7333333333333	-2.73333333333333	12.9333333333333	-6.2	11.075	-27.2	-22.2	-13	-1.9	6.7	12.4	14.5	11.9	5.5	-5.3	-18.8	-24.8	297	29	44	167	57	48.5	10	9	8	9	27	55	69	43	27	18	12	10	39.2916666666667	30.0666666666667	50.5	43.8333333333333	32.7666666666667	42.75	28.2	41.4	50.7	51.1	49.7	45.2	44	42.3	39.5	31	27.8	20.6	1498	769.3	0.7426	296.9189	399.8401	0.7878	294.5565	373.9113	0.8038	253.3099	315.1562
WB048	-25.5666666666667	-5.46666666666667	14.0333333333333	-4.16666666666667	12.1	-28.3	-24.1	-17.4	-4.8	5.8	13	15.8	13.3	6.3	-2.4	-16.4	-24.3	310	54	52	122	82	37.25	18	16	16	14	22	34	45	43	27	30	25	20	39.4833333333333	26.7666666666667	51.4333333333333	52.2	27.5333333333333	48.4	23.8	40.8	48.6	53.8	51.9	52.1	54.4	50.1	37	24.9	20.7	15.7	1593.4	867.5	0.5937	245.482	413.5052	0.6072	237.6341	391.3803	0.6001	201.4846	335.7269
WB049	-20.9	-3.03333333333333	11.6	-5.56666666666667	9.95	-22.8	-18.9	-11.9	-2.7	5.5	10.9	13.1	10.8	5	-5	-16.7	-21	396	63	63	175	95	54.25	19	18	18	15	30	56	67	52	42	29	24	26	40.55	34.8	51.2333333333333	41.8666666666667	34.3	41.1	33.9	44.5	52.3	51.6	49.8	44.1	42.1	39.4	38.8	32	32.1	26	1321.4	615.9	0.8095	309.4616	382.2678	0.8257	293.8448	355.8617	0.8153	234.3698	287.4721
WB050	-17.9333333333333	-4.2	12	-2.36666666666667	10.85	-18.2	-17.3	-13	-4.6	5	10.9	13.4	11.7	7.4	-2.8	-11.7	-18.3	402	60	61	174	107	58.75	19	23	23	20	18	33	53	88	61	25	21	18	46.4	48.8333333333333	54.6333333333333	42.1	40.0333333333333	41.9	44	57.5	57.3	54.5	52.1	45.6	42.6	38.1	41.3	39.7	39.1	45	1414.3	689.5	0.8917	337.694	378.7206	0.8938	319.4066	357.3471	0.8716	257.4941	295.4346
WB051	-19.9666666666667	-2.9	11.5666666666667	-5.43333333333333	9.95	-21.8	-17.7	-11.4	-2.6	5.3	10.9	13.1	10.7	5.1	-5	-16.4	-20.4	241	31	26	144	40	41.75	9	9	7	4	15	49	56	39	23	7	10	13	41.6083333333333	37.8	52	41.1333333333333	35.5	40.525	37.3	46.7	53.5	52.2	50.3	43.9	41.5	38	38.7	32.8	35	29.4	1316	611.1	0.634	241.3832	380.7383	0.681	241.2219	354.2382	0.6902	197.8208	286.6022
WB052	-24.8	-2.7	13	-6.2	11.125	-27.3	-22.2	-13	-1.9	6.8	12.5	14.6	11.9	5.5	-5.3	-18.8	-24.9	268	24	39	159	46	45.75	8	8	6	7	26	52	66	41	24	13	9	8	39.3416666666667	30.2	50.5666666666667	43.8	32.8	42.725	28.4	41.5	50.8	51.2	49.7	45.2	44	42.2	39.5	30.9	28	20.7	1507.1	777.5	0.6707	268.1877	399.8467	0.716	267.8822	374.1544	0.7219	227.7366	315.4557
WB053	-19.6	-2.56666666666667	13.0666666666667	-3.96666666666667	11.5	-21.3	-17.7	-11.5	-2.8	6.6	12.7	14.4	12.1	6.8	-4.4	-14.3	-19.8	405	48	52	208	97	63.75	15	14	14	16	22	49	73	86	47	27	23	19	45.0666666666667	44.7333333333333	54.3333333333333	42.4666666666667	38.7333333333333	41.95	42.7	53.1	56.3	54.3	52.4	46.1	42.8	38.5	40.4	37.5	38.3	38.4	1539.7	802.5	0.849	338.1904	398.3288	0.8595	321.796	374.4079	0.8334	263.1622	315.7742
WB054	-20.1	-3.9	10.5	-6.2	8.9	-21.8	-18	-12.2	-3.7	4.2	9.8	12	9.7	4.1	-5.9	-16.8	-20.5	301	52	36	159	54	46.75	17	16	13	7	16	52	61	46	28	11	15	19	41.475	38.5666666666667	51.8333333333333	40.1666666666667	35.3333333333333	39.6	38.1	47.4	53.7	52	49.8	43.1	40.5	36.9	37.9	32.7	35.4	30.2	1152	485.2	0.8229	300.5405	365.2332	0.8828	296.5642	335.925	0.941	242.0626	257.2464
WB055	-19.2	-3.83333333333333	12.4666666666667	-3.03333333333333	11.15	-19.9	-18.3	-12.9	-4.2	5.6	11.6	13.9	11.9	7.2	-3.3	-13	-19.4	407	62	63	176	106	57.75	20	22	23	22	18	35	57	84	55	27	24	20	45.9666666666667	47.5333333333333	54.5333333333333	42.2333333333333	39.5666666666667	41.925	43.5	56.1	57	54.5	52.1	45.8	42.7	38.2	41	38.9	38.8	43	1465.8	737.4	0.885	340.5497	384.7957	0.8917	323.0333	362.247	0.8705	263.5347	302.7484
WB056	-20.2	-3.83333333333333	10.6	-6.13333333333333	9.025	-21.9	-18.1	-12.3	-3.6	4.4	9.9	12.1	9.8	4.3	-5.9	-16.8	-20.6	281	45	33	156	47	45.25	14	14	11	6	16	52	60	44	25	9	13	17	41.4416666666667	38.3666666666667	51.8333333333333	40.2333333333333	35.3333333333333	39.675	37.9	47.2	53.7	52	49.8	43.1	40.6	37	38	32.7	35.3	30	1172.1	498.8	0.7667	281.1234	366.655	0.829	279.6958	337.3947	0.8716	227.9425	261.5155
WB057	-20.3666666666667	-3.7	10.8	-6.1	9.2	-22.1	-18.3	-12.2	-3.5	4.6	10.1	12.3	10	4.4	-5.8	-16.9	-20.7	253	36	28	151	38	43.25	11	11	9	4	15	51	59	41	22	6	10	14	41.3833333333333	38.1	51.8	40.4333333333333	35.2	39.825	37.6	47	53.6	52	49.8	43.3	40.8	37.2	38	32.6	35	29.7	1199.3	520.8	0.6864	253.2934	369.0056	0.7439	252.6964	339.7035	0.7694	204.4126	265.6617
WB058	-20.7333333333333	-4.03333333333333	10.6	-6.43333333333333	8.975	-22.4	-18.7	-12.6	-3.8	4.3	9.9	12.1	9.8	4.1	-6.1	-17.3	-21.1	240	31	27	151	31	42.5	10	9	8	4	15	52	59	40	19	3	9	12	41.1666666666667	37.8	51.6333333333333	40.2666666666667	34.9666666666667	39.65	37.3	46.8	53.4	51.9	49.6	43.1	40.6	37.1	37.8	32.4	34.7	29.3	1162.9	495.4	0.6576	240.3337	365.4977	0.7173	240.264	334.9593	0.7478	194.498	260.1036
WB059	-20.5666666666667	-3.83333333333333	10.8333333333333	-6.26666666666667	9.2	-22.3	-18.5	-12.4	-3.7	4.6	10.2	12.3	10	4.3	-6	-17.1	-20.9	245	33	28	152	32	43	11	10	9	4	15	52	59	41	20	3	9	12	41.35	38.0666666666667	51.8333333333333	40.3333333333333	35.1666666666667	39.75	37.5	47	53.6	52.1	49.8	43.2	40.7	37.1	38	32.5	35	29.7	1198.3	522.7	0.6665	245.3233	368.104	0.7243	245.237	338.5661	0.7544	200.1554	265.302
WB060	-18.5666666666667	-4	10.1	-5.73333333333333	8.575	-20.1	-16.8	-11.9	-3.9	3.8	9.5	11.5	9.3	4	-5.9	-15.3	-18.8	444	88	57	190	109	59.5	29	28	22	15	20	55	72	63	48	30	31	31	42.3166666666667	40.5	52.6	40	36.1666666666667	39.5	40.3	48.8	54.7	52.7	50.4	43.3	40.4	36.3	38	33.4	37.1	32.4	1101.1	443.6	0.8628	309.698	358.9639	0.8791	290.6383	330.6011	0.8868	220.1266	248.2165
WB061	-26.4666666666667	-5.66666666666667	13.4	-5.73333333333333	11.4	-28.7	-25.2	-17.8	-4.8	5.6	12.8	15	12.4	5.4	-4.2	-18.4	-25.5	344	55	59	151	79	44.75	20	15	16	17	26	47	55	49	28	30	21	20	37.625	25.7666666666667	49.5	48.8666666666667	26.3666666666667	45.3	22.9	39.3	47.4	51.8	49.3	48.8	50.6	47.2	34.6	24.4	20.1	15.1	1492.5	789.5	0.7568	299.8243	396.1554	0.7794	290.2333	372.3571	0.7893	248.8542	315.283
WB062	-23.7	-2.6	13.1	-5.8	11.25	-26	-21.5	-12.7	-2	6.9	12.6	14.7	12	5.7	-5	-18.1	-23.6	260	26	37	147	50	43.25	8	8	6	7	24	48	60	39	26	14	10	10	39.7583333333333	31.3666666666667	51	43.4666666666667	33.2	42.45	29.7	42.3	51.5	51.5	50	45.2	43.7	41.5	39.4	30.9	29.3	22.1	1525	792	0.6538	260.2194	398.0257	0.6938	259.1982	373.6136	0.6945	219.3325	315.8129
WB063	-18.8666666666667	-2.73333333333333	12.7666666666667	-4.16666666666667	11.175	-20.5	-17.1	-11.4	-2.9	6.1	12.4	14.2	11.7	6.4	-4.7	-14.2	-19	379	44	45	205	85	62	13	15	13	12	20	51	71	83	43	24	18	16	44.6416666666667	43.7666666666667	54.2	42.3333333333333	38.2666666666667	41.75	42.2	52.2	56.1	54.2	52.3	46.1	42.6	38.3	40	36.8	38	36.9	1484.1	757.6	0.8051	316.0371	392.5573	0.811	298.4799	368.0526	0.7847	240.4551	306.4455
WB064	-18.3	-3.93333333333333	10.1666666666667	-5.56666666666667	8.675	-19.8	-16.6	-11.8	-3.9	3.9	9.6	11.5	9.4	4.2	-5.8	-15.1	-18.5	433	83	54	190	106	59.25	27	27	21	14	19	54	72	64	47	29	30	29	42.5916666666667	41.0333333333333	52.8666666666667	40.0666666666667	36.4	39.575	40.8	49.3	55	52.9	50.7	43.5	40.5	36.2	38.1	33.6	37.5	33	1115.1	452.6	0.8444	304.0904	360.1327	0.8585	284.5719	331.4768	0.8794	221.7171	252.1177
WB065	-15.2	-2.16666666666667	12.1	-2.93333333333333	10.65	-16.8	-13.6	-9.7	-2.3	5.5	11.5	13.4	11.4	6.3	-3.4	-11.7	-15.2	436	62	47	196	131	64.5	19	22	17	14	16	48	71	77	62	41	28	21	44.5333333333333	42.8	54.5333333333333	42.4666666666667	38.3333333333333	41.875	42.4	50.8	56.2	54.5	52.9	46.3	42.8	38.3	40.1	35.8	39.1	35.2	1414.4	684.1	0.9411	364.7431	387.5876	0.945	346.9193	367.0986	0.9322	277.5254	297.7047
WB066	-21.5666666666667	-2.56666666666667	12.6666666666667	-5.33333333333333	10.925	-23.5	-19.6	-12	-2.2	6.5	12.1	14.2	11.7	5.7	-4.8	-16.9	-21.6	297	37	43	155	62	46.5	11	11	10	9	24	51	60	44	31	17	14	15	40.6583333333333	34.1	51.6666666666667	42.6	34.2666666666667	41.775	32.9	44.1	52.6	52	50.4	44.8	43	40	39.3	31.6	31.9	25.3	1472.4	743.9	0.758	296.8338	391.6217	0.7918	291.0335	367.5659	0.8123	250.3089	308.1331
WB067	-17.1333333333333	-4.2	10	-5.16666666666667	8.55	-18.6	-15.7	-11.7	-4.3	3.4	9.4	11.3	9.3	4.2	-5.7	-14	-17.1	430	72	51	197	110	62	23	24	19	14	18	54	75	68	51	31	28	25	43.0833333333333	41.8	53.2666666666667	40.4333333333333	36.8333333333333	39.9	41.6	50	55.4	53.3	51.1	44.1	40.8	36.4	38.3	34.2	38	33.8	1085.6	433	0.9507	338.8827	356.4732	0.969	317.3293	327.4899	0.9675	236.4948	244.4401
WB068	-17.6333333333333	-4	10.7666666666667	-5.2	9.175	-18.8	-16.5	-11.8	-4.3	4.1	10.2	12.2	9.9	4.4	-5.5	-14.5	-17.6	397	61	52	195	89	60.5	20	21	19	15	18	50	68	77	47	23	19	20	43.2083333333333	42	53.3666666666667	40.7	36.7666666666667	40.05	41.5	50.5	55.5	53.5	51.1	44.5	41	36.6	38.1	34.8	37.4	34	1180.1	511.8	0.8943	325.1248	363.5656	0.9093	304.4286	334.7829	0.9098	237.028	260.5307
WB069	-18.5333333333333	-4.83333333333333	11.7	-2.93333333333333	10.525	-18.8	-18.1	-13.6	-5.3	4.4	10.3	13.2	11.6	7	-3.3	-12.5	-18.7	384	56	57	171	100	56.75	18	21	21	19	17	32	54	85	56	24	20	17	45.75	47.7333333333333	54.4333333333333	41.7333333333333	39.1	41.425	42.7	56.8	57.1	54.5	51.7	45.4	42.3	37.5	40.5	38.7	38.1	43.7	1352.8	645.1	0.8886	326.6628	367.6254	0.892	307.5539	344.7779	0.8679	244.5222	281.7462
WB070	-19.9	-4.33333333333333	12.3333333333333	-3.6	10.95	-20.7	-19	-13.6	-4.7	5.3	11.4	13.8	11.8	6.8	-3.8	-13.8	-20	389	61	60	168	100	54.5	19	22	22	21	17	33	56	79	50	26	24	20	45.4666666666667	46.6333333333333	54.4	41.9333333333333	38.9	41.55	42.5	55.5	56.9	54.5	51.8	45.6	42.5	37.7	40.4	38.2	38.1	41.9	1428.1	711.8	0.857	323.1445	377.0605	0.8628	305.1382	353.6413	0.8379	247.6952	295.6107
WB071	-18.5	-2.9	12.5333333333333	-4.4	10.875	-19.9	-17.1	-11.5	-3.1	5.9	12.2	14	11.4	5.9	-4.7	-14.4	-18.5	359	50	46	186	77	56.5	17	16	15	13	18	47	61	78	40	21	16	17	44.1416666666667	42.8	54.1	42.0333333333333	37.6333333333333	41.375	41.6	51.3	56	54.2	52.1	45.8	42.4	37.9	39.4	35.9	37.6	35.5	1441.7	723.4	0.9092	350.9474	385.9765	0.9209	334.0345	362.7072	0.9343	281.8358	301.651
WB072	-21.3	-2.53333333333333	12.8333333333333	-5.23333333333333	11.075	-23.2	-19.4	-12	-2.2	6.6	12.3	14.4	11.8	5.8	-4.8	-16.7	-21.3	272	30	36	149	57	44.5	9	8	7	7	22	50	57	42	29	16	12	13	40.7166666666667	34.2333333333333	51.8333333333333	42.5666666666667	34.2333333333333	41.725	32.9	44.3	52.8	52.2	50.5	44.8	43	39.9	39.2	31.4	32.1	25.5	1493.4	763	0.697	272.1352	390.4526	0.7313	269.0454	367.9131	0.7385	227.9864	308.7069
WB073	-26.6666666666667	-6.1	13.4666666666667	-5.73333333333333	11.45	-29	-25.5	-18.2	-5.3	5.2	12.8	15.1	12.5	5.4	-4.2	-18.4	-25.5	329	52	55	143	79	42.75	19	14	15	16	24	44	52	47	28	30	21	19	37.6916666666667	25.6666666666667	50.0333333333333	49.1	25.9666666666667	45.375	22.8	39.5	48.1	52.4	49.6	49.2	51	47.1	34.2	23.8	19.9	14.7	1485.8	789.1	0.7297	286.1513	392.1447	0.7468	275.6742	369.1534	0.7529	235.162	312.3319
WB074	-20.6333333333333	-2.36666666666667	12.9333333333333	-5.1	11.175	-22.4	-18.7	-11.7	-2.1	6.7	12.4	14.5	11.9	5.9	-4.8	-16.4	-20.8	233	19	28	147	39	42.25	6	5	5	4	19	51	56	40	22	9	8	8	41.2416666666667	35.7666666666667	52.2333333333333	42.2	34.7666666666667	41.425	34.6	45.4	53.5	52.5	50.7	44.7	42.7	39.2	39.1	31.7	33.5	27.3	1509.2	776	0.5973	233.2167	390.4761	0.6341	233.153	367.6896	0.6274	193.5004	308.3995
WB075	-20.6	-2.3	13	-5.03333333333333	11.25	-22.4	-18.6	-11.6	-2.1	6.8	12.5	14.5	12	6	-4.7	-16.4	-20.8	232	19	27	147	39	42.25	6	5	4	4	19	51	56	40	22	9	8	8	41.2833333333333	35.7666666666667	52.2333333333333	42.2666666666667	34.8666666666667	41.5	34.6	45.4	53.5	52.5	50.7	44.8	42.8	39.2	39.2	31.8	33.6	27.3	1521.5	785.9	0.5932	232.2329	391.5148	0.6297	232.1552	368.6566	0.624	194.2497	311.321
WB076	-16.5333333333333	-2.36666666666667	11.9333333333333	-3.96666666666667	10.35	-17.8	-15.2	-10.3	-2.5	5.7	11.5	13.3	11	5.6	-4.5	-13	-16.6	391	55	42	194	100	59.75	17	17	14	10	18	52	75	67	45	31	24	21	44.0083333333333	42.2666666666667	54.3	41.7333333333333	37.7333333333333	41.175	41.6	50.4	56.2	54.3	52.4	45.5	42.2	37.5	39.5	34.8	38.9	34.8	1377.6	659.6	0.9041	344.1728	380.6748	0.9098	327.0897	359.5267	0.8991	263.5247	293.085
WB077	-20.3666666666667	-2.03333333333333	13.2666666666667	-4.8	11.5	-22.2	-18.3	-11.4	-1.8	7.1	12.8	14.8	12.2	6.2	-4.5	-16.1	-20.6	238	19	28	147	44	42.75	6	5	4	4	20	51	56	40	24	12	8	8	41.375	35.7	52.3666666666667	42.5	34.9333333333333	41.725	34.5	45.3	53.6	52.6	50.9	45	43	39.5	39.4	31.8	33.6	27.3	1564.3	820.6	0.6033	238.2017	394.8338	0.637	237.8647	373.386	0.6287	199.3778	317.1488
WB078	-26.5333333333333	-7.46666666666667	12.9333333333333	-5.2	11.025	-29.2	-25.5	-19.3	-7	3.9	11.8	14.7	12.3	5.3	-3.5	-17.4	-24.9	297	51	49	118	79	36	17	15	16	13	20	32	43	43	26	29	24	19	39.0666666666667	26.6666666666667	51.9	51.4666666666667	26.2333333333333	47.325	23.6	41.3	49.7	54.5	51.5	51.9	53.9	48.6	34.9	23.4	20.4	15.1	1399.9	721.2	0.6566	253.3678	385.8736	0.6716	243.1641	362.0611	0.6638	200.1121	301.4746
WB079	-17.7	-3.6	10.8333333333333	-5.23333333333333	9.225	-18.9	-16.6	-11.6	-3.8	4.6	10.4	12.2	9.9	4.4	-5.8	-14.3	-17.6	369	54	42	191	82	57.25	18	16	14	10	18	54	75	62	38	23	21	20	43.175	41.5666666666667	53.6	40.7	36.8333333333333	40.15	40.9	49.9	55.7	53.7	51.4	44.4	41.2	36.5	38.5	33.9	38.1	33.9	1200.9	523.8	0.8504	309.3209	363.7255	0.8618	290.655	337.2756	0.8956	237.4762	265.1581
WB080	-26.8	-6.96666666666667	12.7	-6.3	10.725	-29.1	-25.8	-18.9	-6.3	4.3	12	14.3	11.8	4.8	-4.8	-18.9	-25.5	332	54	55	145	78	43	20	15	16	16	23	45	52	48	27	30	21	19	37.3166666666667	25.5666666666667	49.9333333333333	48.3	25.4666666666667	44.55	22.8	39.6	48.3	52.4	49.1	48.5	50.2	46.2	33.3	23.4	19.7	14.3	1370	696.8	0.8196	309.8446	378.0317	0.8484	299.651	353.1793	0.8762	258.0471	294.5123
WB081	-18.1666666666667	-2.43333333333333	12.9666666666667	-4.2	11.225	-19.5	-16.8	-11.1	-2.7	6.5	12.7	14.4	11.8	6	-4.4	-14.2	-18.2	358	49	45	183	81	56.5	16	16	14	13	18	45	61	77	43	22	16	17	43.8833333333333	41.9333333333333	54.1666666666667	42.1	37.3333333333333	41.4	40.8	50.6	56	54.3	52.2	45.9	42.5	37.9	39.3	35.2	37.5	34.4	1506	776.4	0.7589	294.8589	388.5258	0.7582	278.2694	367.0102	0.7294	225.1296	308.6584
WB082	-19.4666666666667	-5.16666666666667	11.7666666666667	-3.46666666666667	10.5	-19.9	-18.9	-14.2	-5.6	4.3	10.4	13.3	11.6	6.7	-3.7	-13.4	-19.6	370	55	55	165	95	53.75	18	20	21	19	15	31	54	80	50	24	21	17	45.2333333333333	46.6333333333333	54.3333333333333	41.5666666666667	38.4	41.15	41.7	55.9	57	54.5	51.5	45.3	42.3	37.1	39.9	37.9	37.4	42.3	1344.2	643.8	0.8322	302.6335	363.6396	0.8328	283.3649	340.2461	0.8032	224.3052	279.2706
WB083	-18.3666666666667	-2.5	12.9666666666667	-4.26666666666667	11.225	-19.7	-17	-11.2	-2.8	6.5	12.7	14.4	11.8	6	-4.5	-14.3	-18.4	354	48	44	182	80	56.25	16	15	14	13	17	45	60	77	43	21	16	17	43.8833333333333	41.9333333333333	54.1666666666667	42.1	37.3333333333333	41.4	40.8	50.6	56	54.3	52.2	45.9	42.5	37.9	39.3	35.2	37.5	34.4	1504.8	776.4	0.7989	310.3194	388.4283	0.8024	294.2857	366.7606	0.7685	235.5238	306.4564
WB084	-20.4333333333333	-1.96666666666667	13.5333333333333	-4.7	11.75	-22.2	-18.5	-11.5	-1.7	7.3	13.1	15.1	12.4	6.4	-4.4	-16.1	-20.6	228	16	25	145	42	42	5	4	3	3	19	50	55	40	23	11	8	7	41.425	35.6	52.5333333333333	42.6333333333333	34.9333333333333	41.85	34.3	45.3	53.7	52.8	51.1	45.2	43.2	39.5	39.5	31.7	33.6	27.2	1602	853.3	0.5758	228.1949	396.3328	0.6046	227.5036	376.3084	0.5937	189.9358	319.9368
WB085	-20.2666666666667	-1.83333333333333	13.7	-4.6	11.9	-22	-18.3	-11.4	-1.6	7.5	13.3	15.2	12.6	6.5	-4.4	-15.9	-20.5	227	16	25	145	41	42	5	4	3	3	19	50	55	40	23	11	7	7	41.575	35.8666666666667	52.6666666666667	42.7	35.0666666666667	41.925	34.5	45.5	53.9	52.9	51.2	45.3	43.3	39.5	39.6	31.7	33.9	27.6	1627.1	875.1	0.5708	227.1782	397.9962	0.599	226.4293	378.0168	0.5879	190.1784	323.4986
WB086	-18.9666666666667	-1.3	13.9333333333333	-4.2	12.15	-20.6	-17.1	-10.6	-1.2	7.9	13.5	15.5	12.8	6.8	-4.3	-15.1	-19.2	283	24	34	169	56	49	9	6	6	5	23	59	63	47	27	17	12	9	41.9666666666667	37	53	42.3666666666667	35.5	41.65	35.7	46.3	54.4	53.2	51.4	45.2	43	38.9	39.5	32	35	29	1674	912	0.7061	283.1026	400.95	0.7326	279.4197	381.4044	0.741	242.9392	327.8504
WB087	-28.3666666666667	-13.4	9.66666666666667	-6.73333333333333	8.125	-30.3	-28.6	-24.5	-13.4	-2.3	7.1	11.7	10.2	3.5	-5.3	-18.4	-26.2	270	41	42	109	78	34.75	12	11	14	12	16	27	38	44	30	28	20	18	40.3833333333333	29.4666666666667	55.5666666666667	53.2	23.3	47.75	26.6	44.4	53.7	55.9	57.1	56.9	54.8	47.9	31.4	17.7	20.8	17.4	938.4	388.5	0.6126	204.9582	334.551	0.6603	198.5551	300.6968	0.6614	148.4073	224.3731
WB088	-28.3666666666667	-13.4666666666667	9.63333333333333	-6.73333333333333	8.1	-30.3	-28.6	-24.5	-13.5	-2.4	7	11.7	10.2	3.5	-5.3	-18.4	-26.2	270	41	42	109	78	34.75	12	11	14	12	16	27	38	44	30	28	20	18	40.375	29.4333333333333	55.5666666666667	53.2	23.3	47.75	26.6	44.4	53.7	55.9	57.1	56.9	54.8	47.9	31.4	17.7	20.8	17.3	934.6	386.3	0.6178	206.2939	333.8994	0.6641	199.3556	300.1974	0.6679	149.6962	224.132
WB089	-26.3333333333333	-8.96666666666667	10.6	-8.33333333333333	8.65	-28	-25.8	-20.1	-8.8	2	10	12.3	9.5	2.8	-7.2	-20.6	-25.2	434	75	74	185	100	55	28	23	24	24	26	53	69	63	35	35	30	24	34.325	22.4666666666667	47.6666666666667	44.0666666666667	23.1	40.675	20.6	36.1	46.1	49.8	47.1	44.1	44.7	43.4	30.5	21.5	17.3	10.7	1066	465.8	0.8632	294.4023	341.0714	0.8945	275.8869	308.4261	0.9099	217.1189	238.6055
WB090	-19.0666666666667	-1.33333333333333	14	-4.23333333333333	12.2	-20.7	-17.1	-10.7	-1.2	7.9	13.7	15.5	12.8	6.8	-4.4	-15.1	-19.4	290	29	35	168	58	49	10	8	7	5	23	57	63	48	28	17	13	11	42.15	37.4333333333333	53.2	42.3	35.6666666666667	41.6	36.1	46.7	54.7	53.4	51.5	45.2	43	38.7	39.5	32	35.5	29.5	1679.6	918.1	0.7249	289.9166	399.9619	0.7475	284.771	380.9613	0.7571	247.5915	327.0239
WB091	-20.7666666666667	-1.83333333333333	13.7666666666667	-4.66666666666667	12	-22.7	-18.1	-11.5	-1.4	7.4	13.6	15.2	12.5	6.7	-4.7	-16	-21.5	338	54	41	169	74	50.75	19	17	12	9	20	50	63	56	34	21	19	18	42.7083333333333	39.0666666666667	53.6333333333333	41.8333333333333	36.3	41.25	37.7	47.9	55.4	53.8	51.7	45	42.6	37.9	39.5	32.4	37	31.6	1636.3	882.9	0.7009	276.8062	394.9298	0.7096	266.6566	375.7754	0.7118	228.7307	321.3334
WB092	-19.3333333333333	-3	12.9	-4.86666666666667	11.1	-20.6	-18.1	-12.1	-3.3	6.4	12.7	14.4	11.6	5.7	-5.1	-15.2	-19.3	345	48	43	177	77	54.5	16	15	14	12	17	44	60	73	41	20	16	17	43.5416666666667	41.5666666666667	54.1	41.6333333333333	36.8666666666667	40.925	40.2	50.4	56.1	54.3	51.9	45.5	42.2	37.2	38.8	34.5	37.3	34.1	1481.2	762.9	0.8	305.3321	381.6629	0.805	289.2741	359.3542	0.7944	240.8075	303.1167
WB093	-19.3333333333333	-3	12.9	-4.86666666666667	11.1	-20.6	-18.1	-12.1	-3.3	6.4	12.7	14.4	11.6	5.7	-5.1	-15.2	-19.3	345	48	43	177	77	54.5	16	15	14	12	17	44	60	73	41	20	16	17	43.5416666666667	41.5666666666667	54.1	41.6333333333333	36.8666666666667	40.925	40.2	50.4	56.1	54.3	51.9	45.5	42.2	37.2	38.8	34.5	37.3	34.1	1481.2	762.9	0.8002	305.4179	381.687	0.8052	289.3572	359.3695	0.7947	240.8957	303.1269
WB094	-26.6666666666667	-7.1	12.8	-6.36666666666667	10.825	-28.7	-25.9	-19.1	-6.6	4.4	12.1	14.4	11.9	4.9	-4.9	-19.1	-25.4	324	51	50	145	78	43.25	19	14	14	15	21	45	52	48	28	30	20	18	36.8916666666667	24.7	50.1333333333333	47.8333333333333	24.9	44.025	22	38.9	48.7	52.7	49	48.1	49.5	45.9	32.6	22.7	19.4	13.2	1383.2	708.7	0.7017	262.7018	374.3586	0.7312	255.195	349.0272	0.7411	216.7357	292.4362
WB095	-26.6	-6.96666666666667	13.0333333333333	-5.9	11.075	-28.8	-25.8	-18.9	-6.5	4.5	12.2	14.7	12.2	5.2	-4.4	-18.5	-25.2	308	47	48	135	78	40.75	17	13	13	14	21	41	48	46	28	30	20	17	37.5	25.2333333333333	50.7	48.8333333333333	25.2333333333333	44.875	22.3	39.6	49.2	53.3	49.6	49.2	50.8	46.5	33	22.9	19.8	13.8	1417.7	736	0.6847	259.2916	378.7103	0.7055	249.8277	354.1307	0.7094	212.6497	299.7515
WB096	-21.1	-1.33333333333333	14.3666666666667	-4.26666666666667	12.6	-23.1	-18.2	-11.2	-0.8	8	14.3	15.8	13	7.3	-4.3	-15.8	-22	359	62	43	167	87	51.5	22	19	13	10	20	46	62	59	39	25	23	21	43.175	39.6	54.0666666666667	42.2333333333333	36.8	41.675	38.1	48.3	55.8	54.2	52.2	45.4	43.1	38.2	40	32.7	37.7	32.4	1736	964.9	0.7277	293.262	402.9904	0.7306	281.5146	385.3217	0.7203	240.0756	333.2866
WB097	-21.1333333333333	-1.36666666666667	14.3666666666667	-4.33333333333333	12.575	-23.2	-18.2	-11.3	-0.8	8	14.3	15.8	13	7.2	-4.4	-15.8	-22	359	62	43	168	86	51.75	22	19	13	10	20	47	62	59	39	25	22	21	43.15	39.5666666666667	54.0666666666667	42.2	36.7666666666667	41.65	38.1	48.3	55.8	54.2	52.2	45.4	43.1	38.1	40	32.6	37.7	32.3	1732.5	962.8	0.7282	293.2705	402.7334	0.731	281.3806	384.9458	0.7205	239.5119	332.409
WB098	-21.1333333333333	-5.8	11.7	-4.56666666666667	10.3	-21.9	-20.5	-15.3	-6.3	4.2	10.5	13.3	11.3	6.1	-4.7	-15.1	-21	347	56	53	153	85	48	18	21	20	19	14	30	53	70	39	23	23	17	44.3916666666667	44.8666666666667	54.1666666666667	41.2666666666667	37.2666666666667	40.7	40.1	54.5	56.8	54.5	51.2	45.1	42.1	36.6	39	36.5	36.3	40	1311.2	625	0.8466	300.9748	355.528	0.852	283.1871	332.363	0.8369	229.1636	273.8269
WB100	-27.2666666666667	-10.8666666666667	9.1	-9.96666666666667	7.125	-28.9	-27	-21.7	-11	0.1	8.5	10.9	7.9	1.2	-8.9	-22.2	-25.9	404	74	71	178	81	51.5	28	23	25	23	23	51	68	59	28	26	27	23	33.575	22.4666666666667	47.1333333333333	42.4	22.3	39.05	20.6	36.6	46.2	49.4	45.8	42.6	42.9	41.7	29	21.1	16.8	10.2	859.9	322.8	0.8335	263.3778	316.0058	0.8752	242.8918	277.5267	0.8975	180.4608	201.0702
WB101	-23.1	-4.73333333333333	12.9666666666667	-5.8	11.125	-24.7	-21.9	-15.3	-4.9	6	12.7	14.5	11.7	5.6	-5.6	-17.4	-22.7	331	48	44	160	79	48.5	16	15	14	14	16	36	56	68	34	24	21	17	43.7833333333333	42.5333333333333	54.1666666666667	41.6666666666667	36.7666666666667	40.95	39.5	51.9	56.4	54.5	51.6	45.6	42.4	37	38.8	35.2	36.3	36.2	1462.3	759.7	0.7151	266.3265	372.4583	0.7186	251.0461	349.3339	0.7177	212.5148	296.0925
WB102	-26.6666666666667	-7.43333333333333	12.8666666666667	-6.1	10.925	-28.7	-26	-19.4	-7	4.1	12	14.5	12.1	5.1	-4.6	-18.8	-25.3	303	46	46	135	76	40.75	17	12	12	14	20	41	48	46	28	29	19	17	37.0916666666667	24.6333333333333	50.8333333333333	48.2333333333333	24.6666666666667	44.25	21.9	39.2	49.6	53.5	49.4	48.8	50	45.9	32.3	22.2	19.5	12.8	1387.7	714.2	0.6427	238.0532	370.4137	0.6648	230.6146	346.8865	0.6663	193.7929	290.8597
WB103	-28.0333333333333	-11.8	11.6666666666667	-6.16666666666667	9.7	-30.7	-28	-23.6	-11.7	-0.1	9.6	13.8	11.6	3.8	-4.2	-18.1	-25.4	257	48	37	99	73	31.25	15	12	14	10	13	21	35	43	26	25	22	21	40.9833333333333	26.7666666666667	56.1	55.9	25.1666666666667	50.675	23.3	42.8	53.5	58.5	56.3	58.4	58.4	50.9	35	19.3	21.2	14.2	1158	562.9	0.6941	249.7416	359.7975	0.7321	243.7453	332.9413	0.7505	198.8771	264.9785
WB104	-22.4666666666667	-5.83333333333333	11.9666666666667	-5.3	10.4	-23.5	-21.7	-15.8	-6.3	4.6	11.1	13.5	11.3	5.7	-5.2	-16.4	-22.2	335	59	52	145	79	43.75	19	22	20	19	13	29	53	63	30	24	25	18	43.95	43.6666666666667	54.1	41.2666666666667	36.7666666666667	40.625	39.3	53.4	56.6	54.5	51.2	45.2	42.1	36.5	38.7	35.7	35.9	38.3	1332.5	647.3	0.7565	269.9489	356.862	0.7717	256.9014	332.8965	0.7956	220.9011	277.6547
WB105	-26.7	-8.16666666666667	12.6	-7.63333333333333	10.525	-28.3	-26.2	-19.9	-8.2	3.6	12.2	14.4	11.2	4.3	-6.5	-20.7	-25.6	359	63	55	158	83	47	23	19	17	18	20	44	59	55	30	29	24	21	33.9666666666667	20.6333333333333	48.2666666666667	44.5666666666667	22.4	41.15	18.7	35	46.6	50.1	48.1	44.6	45	44.1	30.9	20.4	15.9	8.2	1322.2	673.1	0.8174	290.1543	354.9754	0.8496	278.1422	327.3782	0.8807	240.8032	273.4132
WB106	-19.8666666666667	-2.46666666666667	13.9333333333333	-4.66666666666667	12	-21.2	-18.5	-12	-2.8	7.4	13.9	15.4	12.5	6.2	-4.9	-15.3	-19.9	313	43	37	158	75	49.25	14	13	11	10	16	39	56	63	39	20	16	16	43.4583333333333	40.8333333333333	54.4333333333333	41.9	36.6666666666667	41.2	39.1	49.8	56.5	54.7	52.1	45.7	42.7	37.3	39.1	33.5	37.4	33.6	1623.6	887.4	0.8036	311.5134	387.6599	0.8062	296.5317	367.7969	0.8092	256.6191	317.1399
WB107	-23.1333333333333	-4.33333333333333	13.3333333333333	-6.03333333333333	11.35	-24.7	-22	-15.1	-4.5	6.6	13.3	14.9	11.8	5.4	-5.8	-17.7	-22.7	322	46	40	160	76	48.75	16	13	13	12	15	37	54	69	35	23	18	17	43.4	41.5333333333333	54.1333333333333	41.5666666666667	36.3666666666667	40.8	39	50.9	56.3	54.5	51.6	45.5	42.3	36.9	38.5	34.3	36.3	34.7	1508.7	801.3	0.7452	279.9973	375.7188	0.7516	265.1871	352.8185	0.7321	221.4473	302.4839
WB108	-21.3666666666667	-2.96666666666667	14.1	-5.16666666666667	12.1	-22.7	-20.2	-13.1	-3.3	7.5	14.2	15.6	12.5	6.1	-5.2	-16.4	-21.2	323	46	40	157	80	49.5	15	13	13	11	16	37	53	67	41	22	17	18	43.4333333333333	41	54.3666666666667	41.8666666666667	36.5	41.1	38.9	50.2	56.4	54.7	52	45.7	42.7	37.2	38.8	33.9	36.8	33.9	1633.8	902.6	0.7157	277.048	387.0894	0.7169	262.9131	366.7357	0.6845	217.6209	317.9271
WB109	-26.3	-6.73333333333333	14.6333333333333	-6.16666666666667	12.5	-27.7	-25.9	-19.1	-6.6	5.5	14.3	16.4	13.2	6.1	-5	-19.6	-25.3	329	55	46	145	83	44.25	19	16	13	15	18	40	53	52	32	30	21	20	34.2833333333333	19.6	49.2	46	22.3333333333333	42.5	17.6	34.1	47.1	50.7	49.8	45.9	46.5	45.6	32	19.6	15.4	7.1	1611.9	913.2	0.6941	263.1629	379.1186	0.7018	250.9115	357.5105	0.7083	220.5664	311.4153
WB110	-26.7333333333333	-8.23333333333333	12.7333333333333	-7.13333333333333	10.7	-28.1	-26.5	-20.2	-8.2	3.7	12.2	14.4	11.6	4.6	-5.9	-20.1	-25.6	333	56	50	150	77	44.75	20	17	15	16	19	43	55	52	29	27	21	19	34.675	21.3333333333333	49.4333333333333	45.3333333333333	22.6	41.725	19.1	36.2	48.3	51.3	48.7	45.4	46.3	44.3	30.9	20.3	16.6	8.7	1346	690.2	0.7979	284.4334	356.4871	0.8205	272.071	331.5885	0.8408	233.2405	277.4168
WB111	-26.6	-7.86666666666667	13.3333333333333	-6.86666666666667	11.275	-27.9	-26.4	-20	-7.8	4.2	12.8	15.1	12.1	5.1	-5.7	-20	-25.5	329	55	49	149	76	44.5	20	16	14	16	19	43	54	52	29	27	20	19	34.6	20.8	49.5333333333333	45.6	22.4666666666667	42	18.6	35.7	48.1	51.2	49.3	45.6	46.5	44.7	31.2	20	16.2	8.1	1427.2	758.2	0.7261	263.4743	362.8474	0.7461	253.2268	339.4074	0.7617	219.898	288.7107
WB112	-22.7	-6.5	11.6	-5.56666666666667	10.05	-23.7	-22.1	-16.5	-7	4	10.6	13.2	11	5.4	-5.5	-16.6	-22.3	321	55	49	141	76	42.75	18	20	19	18	12	28	51	62	30	23	23	17	43.5833333333333	43.1	54	41	36.2333333333333	40.3	38.5	53.1	56.6	54.5	50.9	44.9	42	36.1	38.2	35.2	35.3	37.7	1273.1	601.5	0.7903	274.2372	347.0097	0.7968	257.7159	323.4508	0.8089	215.2224	266.0681
WB113	-23.5	-4.7	12.5666666666667	-6.33333333333333	10.675	-25.1	-22.5	-15.1	-4.7	5.7	12.2	14.2	11.3	5	-6.1	-17.9	-22.9	169	11	16	113	29	32.5	4	2	1	2	13	37	41	35	17	7	5	5	39.925	32.1666666666667	52.1333333333333	42.9	32.5	41.725	30	43.4	53.4	52.6	50.4	45.3	43.8	39.6	38.2	28.9	30.4	23.1	1400.8	708.2	0.4601	169.027	367.3529	0.4913	168.9197	343.7873	0.473	137.7	291.1513
WB114	-22.3666666666667	-4.13333333333333	12.8333333333333	-5.73333333333333	11.025	-23.8	-21.1	-14.3	-4.2	6.1	12.5	14.3	11.7	5.6	-5.7	-17.1	-22.2	181	16	18	110	37	32.5	6	4	3	2	13	35	40	35	20	10	7	6	41.0583333333333	34.8666666666667	52.9666666666667	42.4666666666667	33.9333333333333	41.525	32.8	45.2	54.6	53.3	51	45.2	43.5	38.7	38.7	30	33.1	26.6	1456	749.3	0.4894	181.0067	369.8196	0.5178	180.6701	348.9065	0.4989	147.9734	296.5977
WB115	-27	-7.93333333333333	13.6333333333333	-7.23333333333333	11.5	-28.7	-26.5	-20	-7.9	4.1	13.3	15.5	12.1	5.1	-6.1	-20.7	-25.8	325	56	48	141	80	42.5	20	16	14	16	18	38	53	50	29	29	22	20	34.225	20.3333333333333	48.8333333333333	45.2333333333333	22.5	41.725	18.2	35	47.3	50.8	48.4	45.4	45.7	44.6	31.2	20.3	16	7.8	1451	784.6	0.7618	275.6436	361.8356	0.7821	263.7371	337.2347	0.7956	229.7172	288.7283
WB116	-22.5666666666667	-4.33333333333333	12.7	-5.83333333333333	10.9	-24	-21.3	-14.5	-4.4	5.9	12.3	14.2	11.6	5.5	-5.8	-17.2	-22.4	181	17	19	108	37	32	6	4	3	3	13	34	39	35	20	10	7	7	40.8916666666667	34.5333333333333	52.9	42.4333333333333	33.7	41.45	32.4	45	54.5	53.3	50.9	45.2	43.4	38.7	38.5	29.8	32.8	26.2	1434.1	731.8	0.4932	181.0067	366.9894	0.5225	180.6912	345.848	0.5022	147.1234	292.9569
WB117	-25	-6.26666666666667	12.1666666666667	-7.33333333333333	10.2	-26.6	-24.2	-17.5	-6.5	5.2	12	13.8	10.7	4.3	-6.9	-19.4	-24.2	318	51	41	152	74	45.5	18	15	15	12	14	35	53	64	30	24	20	18	42.775	41.3	53.7666666666667	40.5666666666667	35.4666666666667	39.775	38.2	51.1	56.3	54.3	50.7	44.6	41.5	35.6	37.4	33.6	35.4	34.6	1324.1	653.9	0.7127	252.022	353.597	0.7249	237.8583	328.1377	0.7339	202.307	275.6666
WB118	-22.8333333333333	-7.16666666666667	11.1666666666667	-5.8	9.65	-23.7	-22.4	-17.1	-7.7	3.3	10	12.8	10.7	5.1	-5.8	-16.7	-22.4	310	52	47	138	73	41.75	17	19	18	17	12	27	50	61	29	22	22	16	43.2166666666667	42.6333333333333	53.8333333333333	40.7333333333333	35.6666666666667	39.975	37.8	52.9	56.5	54.5	50.5	44.7	41.8	35.7	37.7	34.6	34.7	37.2	1206.6	550.7	0.9105	307.2623	337.4739	0.9252	289.9384	313.3951	0.9615	243.5292	253.2679
WB119	-21.2	-3.16666666666667	13.9333333333333	-5.23333333333333	11.95	-22.5	-19.9	-13.2	-3.6	7.3	14	15.4	12.4	6	-5.5	-16.2	-21.2	296	42	35	146	73	45.75	14	12	11	10	14	36	51	59	37	20	16	16	43.1166666666667	40.4333333333333	54.4	41.5	36.1333333333333	40.775	38.2	49.7	56.6	54.8	51.8	45.4	42.5	36.6	38.6	32.8	37	33.4	1606.5	881.1	0.8024	304.2943	379.2155	0.8061	290.0734	359.8422	0.8057	250.3916	310.7924
WB120	-24.0333333333333	-6.63333333333333	11.8333333333333	-6.4	10.1	-25.4	-23.3	-17.3	-7	4.4	11.2	13.4	10.9	4.9	-6.1	-18	-23.4	310	51	44	140	75	42.25	17	17	16	15	13	30	50	60	29	24	22	17	43.0833333333333	41.8666666666667	53.9333333333333	40.9	35.6333333333333	40.1	37.8	51.9	56.5	54.5	50.8	44.9	41.9	35.9	37.7	34.2	35	35.9	1289.1	619.8	0.6992	242.9996	347.5246	0.7167	231.5935	323.1509	0.7267	195.631	269.2092
WB121	-27.5333333333333	-7.63333333333333	14.4333333333333	-7.03333333333333	12.225	-29.5	-26.8	-20	-7.5	4.6	14.2	16.3	12.8	5.6	-5.7	-21	-26.3	316	54	46	132	84	40.5	19	15	13	16	17	35	49	48	30	32	22	20	34.8	20.8333333333333	49.2666666666667	45.9666666666667	23.1333333333333	42.4	18.4	35.6	47.7	51.5	48.6	46.2	46.6	45.1	31.7	21	16.7	8.5	1552	872.6	0.6776	250.8618	370.2288	0.6914	240.6114	348.0307	0.6972	208.5149	299.0693
WB122	-27.7333333333333	-8.16666666666667	14.0333333333333	-7.26666666666667	11.85	-29.6	-27.2	-20.7	-8	4.2	13.8	15.9	12.4	5.3	-6	-21.1	-26.4	315	54	46	135	80	41	19	15	13	16	17	36	50	49	29	30	21	20	34.6	20.7	49.3333333333333	45.6666666666667	22.7	42.075	18.4	35.5	47.9	51.5	48.6	45.9	46.3	44.8	31.3	20.4	16.4	8.2	1495.5	825.7	0.6851	250.0126	364.9314	0.7067	240.6025	340.4662	0.714	208.499	292.0036
WB123	-27.6	-8.46666666666667	13.6333333333333	-7.46666666666667	11.475	-29.4	-27.1	-20.8	-8.4	3.8	13.3	15.5	12.1	5	-6.2	-21.2	-26.3	315	54	47	137	77	41.25	19	16	14	16	17	37	51	49	28	28	21	19	34.425	20.7333333333333	49.1333333333333	45.3	22.5333333333333	41.725	18.5	35.6	47.8	51.3	48.3	45.6	45.9	44.4	31	20.3	16.3	8.1	1440.2	779.5	0.6977	250.3745	358.8652	0.7236	241.7517	334.0732	0.734	209.1149	284.9071
WB124	-27.1	-9.2	12.4333333333333	-7.3	10.45	-28.4	-27.1	-21.2	-9.3	2.9	11.7	14.2	11.4	4.5	-6.1	-20.3	-25.8	302	51	44	138	69	41.25	18	15	13	14	17	39	50	49	27	24	18	18	34.8416666666667	21.5666666666667	50.1	45.4	22.3	41.6	19.3	36.8	49.4	52.3	48.6	45.8	46.5	43.9	30.2	19.8	16.9	8.6	1296.1	653.8	0.7672	264.942	345.3344	0.7865	252.5425	321.0849	0.7976	211.8823	265.6489
WB125	-23.6666666666667	-5.53333333333333	12.6666666666667	-7.33333333333333	10.55	-25	-22.8	-16.1	-6.1	5.6	12.8	14.2	11	4.2	-7.4	-18.8	-23.2	328	53	43	154	78	48	18	15	16	13	14	38	53	63	38	21	19	20	42.2583333333333	40.3666666666667	53.6333333333333	40.0666666666667	34.9666666666667	39.275	37.9	50.1	56.3	54.1	50.5	44.1	41.1	35	36.9	32.3	35.7	33.1	1378.3	705.1	0.8046	286.5498	356.1175	0.8194	270.7074	330.3568	0.83	231.8134	279.3029
WB126	-26.0666666666667	-8.33333333333333	11.5333333333333	-8.16666666666667	9.425	-27.9	-25.3	-18.7	-8.6	2.3	10.7	13.6	10.3	3.1	-7.6	-20	-25	329	62	50	131	86	39.5	20	18	18	16	16	39	46	46	27	32	27	24	34.2333333333333	22.1666666666667	47.0666666666667	42.9333333333333	24.7666666666667	40.525	17.5	38.9	47.9	48.2	45.1	42.8	43.5	42.5	33.3	23.3	17.7	10.1	1164.6	553.7	0.6153	205.5098	333.9761	0.6544	199.5873	304.9948	0.6397	156.2904	244.3078
WB127	-24.0333333333333	-5.86666666666667	12.1	-6.63333333333333	10.225	-25.6	-23.4	-16.3	-6.1	4.8	11.7	13.7	10.9	4.6	-6.4	-18.1	-23.1	175	16	17	104	38	30.75	5	4	2	3	12	32	36	36	19	12	7	7	39.4416666666667	30.9333333333333	52.0666666666667	43.1333333333333	31.6333333333333	41.8	28.4	42.8	53.4	52.6	50.2	45.4	44.2	39.8	37.8	27.9	29.2	21.6	1317.6	645.5	0.4951	174.989	353.4673	0.5271	174.693	331.4243	0.5104	141.937	278.0828
WB128	-26	-8.13333333333333	12.2333333333333	-7.73333333333333	10.1	-27.6	-25.4	-18.9	-8.3	2.8	11.4	14.3	11	3.7	-7.1	-19.8	-25	332	64	52	123	93	37.5	20	19	18	17	17	35	44	44	27	37	29	25	34.3333333333333	21.9	47.2333333333333	43.6	24.6	41	17.3	38.7	47.9	48.5	45.3	43.4	44.2	43.2	33.2	23.2	17.4	9.7	1254.7	626	0.6679	227.3683	340.4158	0.706	221.5623	313.8127	0.7041	180.6152	256.5282
WB129	-22.1666666666667	-4.1	13.5333333333333	-6	11.5	-23.4	-21	-14.3	-4.6	6.6	13.6	15	12	5.4	-6.2	-17.2	-22.1	295	44	36	143	72	44.75	14	13	12	10	14	36	50	57	36	19	17	17	42.6	39.8333333333333	54.1333333333333	41.0333333333333	35.4	40.25	37.4	49.4	56.5	54.6	51.3	44.9	42.1	36.1	37.9	32	36.3	32.7	1525.1	819.6	0.766	281.9318	368.0361	0.769	267.1622	347.409	0.7694	230.1064	299.0894
WB130	-23.1333333333333	-4.9	12.4666666666667	-6.03333333333333	10.7	-24.5	-21.7	-15.2	-5	5.5	12.2	13.9	11.3	5.4	-6.1	-17.4	-23.2	210	33	23	100	54	31.25	12	9	6	5	12	28	35	37	25	16	13	12	41.3333333333333	35.9666666666667	53.3666666666667	41.9	34.1	41	33.6	46.3	55.3	53.8	51	44.9	43.1	37.7	38.3	29.9	34.1	28	1395.2	701.8	0.5854	209.8521	358.5038	0.6111	206.6962	338.222	0.6057	173.2787	286.0893
WB131	-26.2	-8.8	11.5	-8.3	9.375	-27.8	-25.7	-19.4	-9.1	2.1	10.6	13.6	10.3	3	-7.7	-20.2	-25.1	326	63	52	125	86	37.5	20	19	19	17	16	36	45	44	25	33	28	24	34.1583333333333	22.1333333333333	47	43.0333333333333	24.4666666666667	40.475	17.6	38.9	47.8	48.3	44.9	42.9	43.6	42.6	32.8	23.1	17.5	9.9	1154.8	548.7	0.6437	212.9529	330.8073	0.6923	209.4579	302.5589	0.6838	164.5639	240.6771
WB132	-23.3333333333333	-4.2	13	-5.86666666666667	11.15	-24.7	-21.4	-14.6	-4.2	6.2	12.9	14.4	11.7	5.6	-5.9	-17.3	-23.9	246	41	29	118	58	35.75	14	11	9	7	13	31	42	45	25	16	17	16	42.225	38.6	53.9666666666667	41.1666666666667	35.1666666666667	40.45	36.2	48.2	56.3	54.3	51.3	44.6	42.4	36.5	38.3	30.8	36.4	31.4	1473.3	766.4	0.6781	247.2005	364.5619	0.7057	243.3089	344.7732	0.7143	209.5376	293.3431
WB133	-24.5333333333333	-5.83333333333333	11.5666666666667	-7.23333333333333	9.75	-25.9	-22.8	-16.2	-5.9	4.6	11.4	13	10.3	4.3	-7.3	-18.7	-24.9	222	38	27	116	41	33.75	14	11	9	6	12	33	42	41	19	9	13	13	41.1916666666667	37.3666666666667	53.1	40.3	34	39.525	35.1	47.3	55.6	53.5	50.2	43.6	41.5	35.8	37.2	29.8	35	29.7	1254.4	590	0.6433	221.8696	344.9123	0.6897	221.3651	320.9645	0.7007	185.3565	264.5466
WB134	-23.2	-4.93333333333333	12.4666666666667	-6.03333333333333	10.7	-24.6	-21.7	-15.3	-5	5.5	12.2	13.9	11.3	5.4	-6.1	-17.4	-23.3	212	34	25	99	54	31	12	9	7	6	12	27	35	37	25	16	13	13	41.3333333333333	36	53.3666666666667	41.9333333333333	34.0333333333333	41	33.6	46.3	55.3	53.8	51	45	43.1	37.7	38.2	29.8	34.1	28.1	1395.2	701.8	0.5914	211.8257	358.1678	0.617	208.5838	338.039	0.6126	175.1856	285.9932
WB135	-23.4666666666667	-5	13.4	-6.9	11.25	-24.8	-22.6	-15.8	-5.6	6.4	13.6	15	11.6	4.8	-6.9	-18.6	-23	331	52	44	150	85	47.5	17	15	16	13	15	37	51	62	40	25	20	20	42.4	40.0666666666667	53.8666666666667	40.6	35.0666666666667	39.775	37.3	49.9	56.4	54.4	50.8	44.6	41.7	35.5	37.3	32.3	35.6	33	1485.1	794.3	0.7893	286.8036	363.3747	0.7995	271.6067	339.7068	0.7774	227.536	292.7056
WB136	-23.7666666666667	-4.73333333333333	13.8333333333333	-6.63333333333333	11.675	-25.2	-22.9	-15.9	-5.2	6.9	14	15.4	12.1	5.2	-6.5	-18.6	-23.2	334	53	42	148	91	47.25	18	15	15	13	14	35	50	63	41	29	21	20	42.6083333333333	40.0666666666667	54.0666666666667	41.0666666666667	35.2333333333333	40.2	37.2	49.9	56.5	54.6	51.1	45	42.2	36	37.6	32.6	35.5	33.1	1551.8	849.7	0.7349	271.1808	369.0166	0.7394	256.3867	346.7521	0.7216	216.7663	300.4174
WB137	-27.6666666666667	-8.9	13.5333333333333	-7.2	11.45	-29.2	-27.5	-21.3	-8.9	3.5	13	15.4	12.2	5.2	-6	-20.8	-26.3	290	49	42	128	71	38.75	17	14	12	14	16	35	47	46	27	26	18	18	34.7333333333333	20.8666666666667	50	45.7333333333333	22.3333333333333	41.975	18.6	36	49	52.3	48.7	46.2	46.6	44.4	30.7	19.8	16.5	8	1429.3	770.2	0.7009	248.0953	353.9906	0.7168	237.346	331.1052	0.7211	203.6294	282.3892
WB138	-23.1333333333333	-4.03333333333333	13.3	-5.56666666666667	11.45	-24.5	-21.3	-14.5	-4.1	6.5	13.2	14.7	12	5.9	-5.6	-17	-23.6	242	39	29	113	61	34.75	14	10	9	7	13	29	40	44	26	18	17	15	42.2916666666667	38.3	54.1	41.5666666666667	35.2	40.8	35.8	48	56.3	54.5	51.5	45	42.8	36.9	38.5	30.8	36.3	31.1	1519	804.8	0.6297	231.36	367.4067	0.6439	224.2985	348.3264	0.6375	190.7412	299.2172
WB139	-24.0333333333333	-6.43333333333333	11.5666666666667	-6.83333333333333	9.775	-25.4	-23.4	-16.8	-6.7	4.2	11.1	13.1	10.5	4.4	-6.7	-18.2	-23.3	42	8	7	17	10	5.25	3	2	2	2	3	5	6	6	4	3	3	3	39.675	31.8666666666667	52.3	42.6	31.9333333333333	41.35	29.3	43.5	53.9	52.8	50.2	45.1	43.7	39	37.6	28.1	30.1	22.8	1246.1	586.2	0.1218	41.9695	344.5539	0.1305	41.9497	321.5003	0.0749	19.8307	264.7612
WB140	-21.3	-8.63333333333333	10.0333333333333	-5.3	8.775	-21.4	-21.7	-17.6	-9.6	1.3	8	11.8	10.3	5	-5.6	-15.3	-20.8	281	39	37	134	71	42.25	13	14	14	13	10	24	47	63	35	20	16	12	42.425	41.8666666666667	53.4333333333333	39.9666666666667	34.4333333333333	39.125	35.6	53	56.4	54.4	49.5	44.1	41.3	34.5	36.6	33.8	32.9	37	1057.5	439.1	0.895	278.3417	310.9871	0.9	260.7584	289.7184	0.9265	203.8131	219.9874
WB141	-24.2333333333333	-6.7	11.5	-6.93333333333333	9.7	-25.6	-23.7	-17.1	-7	4	11	13.1	10.4	4.3	-6.8	-18.3	-23.4	166	17	16	94	39	28.25	6	4	3	3	10	28	33	33	19	12	8	7	39.5083333333333	31.3666666666667	52.2666666666667	42.7666666666667	31.6333333333333	41.45	28.7	43.2	53.8	52.8	50.2	45.2	43.9	39.2	37.5	27.8	29.6	22.2	1231.7	576.7	0.4849	165.9552	342.2206	0.5194	165.7795	319.1693	0.4912	128.2625	261.1345
WB142	-23.4666666666667	-5.8	12.4	-7.4	10.325	-24.6	-22.6	-16.1	-6.5	5.2	12.5	13.9	10.8	4.1	-7.7	-18.6	-23.2	300	48	39	144	69	44.5	16	14	14	12	13	37	50	57	34	18	17	18	41.8916666666667	39.5333333333333	53.6333333333333	39.9	34.5	39.1	36.9	49.4	56.4	54.2	50.3	43.8	41.1	34.8	36.7	31.3	35.5	32.3	1339	673	0.6916	240.6373	347.9252	0.6964	225.3846	323.6255	0.6918	188.32	272.2039
WB143	-24.7333333333333	-8.36666666666667	10.6	-7.23333333333333	8.925	-25.8	-24.5	-19	-8.9	2.8	9.8	12.2	9.8	3.9	-7	-18.6	-23.9	286	47	41	130	68	39	16	16	16	14	11	27	47	56	26	22	20	15	42.175	40.6666666666667	53.5666666666667	40.1333333333333	34.3333333333333	39.225	36	51.4	56.4	54.4	49.9	44.2	41.4	34.8	36.5	32.9	33.6	34.6	1108.6	480	0.6857	221.7401	323.3728	0.7108	212.5575	299.0477	0.7177	169.2893	235.8874
WB144	-24.3	-7.03333333333333	10.9	-7.26666666666667	9.175	-25.5	-23.5	-17.4	-7.3	3.6	10.4	12.4	9.9	4	-7.3	-18.5	-23.9	168	27	18	81	42	25.25	10	7	5	4	9	23	28	30	20	12	10	10	40.0333333333333	33.6	52.5666666666667	41.6	32.3666666666667	40.475	31	44.8	54.6	53.1	50	44.4	42.8	37.6	37.1	28.4	31.6	25	1158	514.4	0.503	167.9379	333.8567	0.5421	167.6486	309.247	0.5119	126.8519	247.8197
WB145	-23.5	-9.23333333333333	9.7	-6.73333333333333	8.275	-24.1	-23.6	-19	-10	1.3	8.3	11.3	9.5	4	-6.8	-17.4	-22.8	279	45	40	128	66	38.75	15	16	16	14	10	24	47	57	27	20	19	14	41.9833333333333	40.9666666666667	53.3	39.6666666666667	34	38.775	35.5	52	56.2	54.3	49.4	43.8	41	34.2	36.1	33	32.9	35.4	998.1	394.8	0.6995	214.5399	306.7205	0.7177	203.2049	283.1444	0.7242	155.4119	214.6013
WB146	-23.9	-5.23333333333333	13.7333333333333	-7	11.525	-25.3	-23.1	-16.3	-5.9	6.5	14	15.3	11.9	4.9	-7	-18.9	-23.3	337	54	45	145	93	46.75	18	15	16	14	15	36	48	61	42	29	22	21	42.1333333333333	39.3	53.9	40.7	34.6333333333333	39.8	36.3	49.4	56.4	54.6	50.7	44.7	41.9	35.5	37.1	31.8	35	32.2	1519.4	828.2	0.8171	295.3135	361.4325	0.8272	281.217	339.9727	0.8206	241.0564	293.7661
WB147	-24.5666666666667	-7.36666666666667	11.2333333333333	-7.16666666666667	9.425	-26	-24.2	-17.8	-7.8	3.5	10.7	12.8	10.2	4	-7	-18.5	-23.5	167	17	16	94	40	28.25	6	4	3	3	10	28	32	34	19	13	8	7	39.1583333333333	30.5666666666667	52.1	42.8333333333333	31.1333333333333	41.425	27.8	42.7	53.6	52.7	50	45.2	44	39.3	37.2	27.3	28.9	21.2	1186.2	543.9	0.4965	166.9229	336.2	0.534	166.7219	312.1955	0.5052	127.8208	253.0167
WB148	-24.6	-7.36666666666667	11.2333333333333	-7.16666666666667	9.425	-26.1	-24.2	-17.8	-7.8	3.5	10.7	12.8	10.2	4	-7	-18.5	-23.5	167	17	16	94	40	28.25	6	4	3	3	10	28	32	34	19	13	8	7	39.15	30.5666666666667	52.1	42.8333333333333	31.1	41.425	27.8	42.7	53.6	52.7	50	45.2	44	39.3	37.2	27.3	28.8	21.2	1186.2	543.9	0.4965	166.9229	336.1781	0.5341	166.7215	312.1826	0.5052	127.8213	253.0086
WB149	-24.1333333333333	-5.9	11.8666666666667	-6.86666666666667	10.025	-25.3	-22.7	-16.3	-6.2	4.8	11.7	13.3	10.6	4.5	-6.9	-18.2	-24.4	222	36	27	111	48	33.25	13	9	9	7	11	29	40	42	22	12	14	14	41.5833333333333	37.9	53.6333333333333	40.5666666666667	34.2333333333333	39.75	35.3	47.9	56.2	54.1	50.6	44.1	41.9	35.7	37.3	30	35.4	30.5	1292	622.7	0.6459	221.7259	343.283	0.6855	220.0342	320.9622	0.6907	185.742	268.9202
WB150	-26.7	-7.9	11.8	-8.3	9.725	-28.3	-26.4	-20	-8.2	4.5	11.7	13.5	10.2	3.5	-7.6	-20.8	-25.4	304	52	39	132	81	40.25	19	15	15	12	12	30	46	56	29	30	22	18	41.8666666666667	39.5666666666667	53.6	40.1666666666667	34.1333333333333	39.225	35.9	50	56.3	54.4	50.1	44.3	41.4	34.8	36.4	32	34	32.8	1248.3	602	0.8053	270.677	336.1086	0.8302	258.6877	311.588	0.8591	222.5388	259.0334
WB151	-24.0333333333333	-9.43333333333333	9.6	-7.16666666666667	8.1	-24.7	-24.1	-19.4	-10.2	1.3	8.4	11.2	9.2	3.6	-7.1	-18	-23.3	274	45	40	125	64	37.75	15	16	16	14	10	24	46	55	26	19	19	14	41.825	40.5333333333333	53.3333333333333	39.6333333333333	33.8	38.7	35.3	51.5	56.3	54.3	49.4	43.8	41	34.1	35.9	32.6	32.9	34.8	978.6	381.7	0.8983	274.9883	306.1106	0.9256	260.5031	281.4385	0.9799	207.4164	211.6624
WB152	-24.0333333333333	-9.43333333333333	9.6	-7.16666666666667	8.1	-24.7	-24.1	-19.4	-10.2	1.3	8.4	11.2	9.2	3.6	-7.1	-18	-23.3	274	45	40	125	64	37.75	15	16	16	14	10	24	46	55	26	19	19	14	41.825	40.5333333333333	53.3333333333333	39.6333333333333	33.8	38.7	35.3	51.5	56.3	54.3	49.4	43.8	41	34.1	35.9	32.6	32.9	34.8	978.6	381.7	0.8985	275.0312	306.1085	0.9261	260.6336	281.4374	0.9806	207.5538	211.6617
WB153	-24	-6.56666666666667	11.9666666666667	-7.86666666666667	9.9	-25.1	-23.2	-17	-7.3	4.6	12	13.5	10.4	3.7	-8.2	-19.1	-23.7	289	47	38	137	67	42.5	16	13	14	11	13	35	48	54	33	17	17	18	41.5166666666667	39	53.5	39.6333333333333	33.9333333333333	38.775	36.2	49.1	56.3	54.2	50	43.6	40.9	34.4	36.2	30.7	34.9	31.7	1271.6	620.4	0.6594	224.011	339.7306	0.6734	211.4151	313.9638	0.6746	176.6364	261.8326
WB154	-24.4	-9.3	9.96666666666667	-7.06666666666667	8.425	-25.2	-24.5	-19.6	-10	1.7	8.8	11.6	9.5	3.8	-6.9	-18.1	-23.5	274	44	38	124	68	37.5	15	15	15	13	10	24	45	55	26	23	19	14	41.7833333333333	40.2333333333333	53.3333333333333	39.8333333333333	33.7333333333333	38.875	34.9	51.3	56.2	54.4	49.4	44	41.2	34.3	36	32.6	32.6	34.5	1025	417.1	0.6711	207.1948	308.7317	0.6895	197.3372	286.2198	0.6888	151.3956	219.804
WB155	-24.6333333333333	-7.96666666666667	10.7	-7.3	8.975	-25.9	-24.4	-18.3	-8.5	2.9	10.1	12.2	9.8	3.8	-7.2	-18.5	-23.6	162	20	15	87	40	26.5	7	5	3	3	9	25	30	32	19	13	8	8	39.225	30.8666666666667	52.2666666666667	42.6666666666667	31.1	41.25	28	43	53.9	52.9	50	45.1	43.9	39	37	27.2	29.1	21.6	1117.5	488.5	0.4952	161.9265	326.993	0.5331	161.5368	303.0141	0.5019	121.8304	242.7455
WB156	-24.1333333333333	-9.26666666666667	10	-6.8	8.5	-24.9	-24.3	-19.5	-10	1.7	8.7	11.7	9.6	4	-6.6	-17.8	-23.2	273	43	37	123	70	37.5	15	15	14	13	10	23	45	55	27	24	19	13	41.8166666666667	40.2333333333333	53.4	39.9333333333333	33.7	38.95	34.7	51.4	56.3	54.5	49.4	44.1	41.3	34.4	36	32.7	32.4	34.6	1033.7	422.4	0.6715	207.0133	308.2985	0.6839	196.1793	286.8456	0.6788	148.5001	218.7832
WB157	-25.6666666666667	-9.06666666666667	10.3666666666667	-7.86666666666667	8.625	-26.8	-25.6	-20.1	-9.6	2.5	9.7	12	9.4	3.4	-7.5	-19.5	-24.6	279	46	38	125	70	37.75	16	15	15	13	10	26	45	54	26	24	20	15	41.675	39.7666666666667	53.4	39.8666666666667	33.6666666666667	38.875	35.2	50.6	56.2	54.4	49.6	44	41.2	34.4	35.9	32.1	33	33.5	1067.6	452.5	0.6568	207.4028	315.7874	0.6801	198.0619	291.2451	0.6742	154.0731	228.5143
WB158	-25.6666666666667	-9.06666666666667	10.3666666666667	-7.86666666666667	8.625	-26.8	-25.6	-20.1	-9.6	2.5	9.7	12	9.4	3.4	-7.5	-19.5	-24.6	279	46	38	125	70	37.75	16	15	15	13	10	26	45	54	26	24	20	15	41.675	39.7666666666667	53.4	39.8666666666667	33.6666666666667	38.875	35.2	50.6	56.2	54.4	49.6	44	41.2	34.4	35.9	32.1	33	33.5	1067.6	452.5	0.6568	207.4117	315.7853	0.6801	198.0697	291.2439	0.6743	154.0811	228.5135
WB159	-25.0333333333333	-9.93333333333333	9.26666666666667	-7.93333333333333	7.7	-25.9	-25.1	-20.3	-10.6	1.1	8.2	10.9	8.7	3	-7.8	-19	-24.1	272	46	40	124	62	37	16	16	16	14	10	25	46	53	24	19	19	14	41.45	40	53.1666666666667	39.2666666666667	33.3666666666667	38.3	35	51	56.2	54.2	49.1	43.5	40.6	33.7	35.4	32.1	32.6	34	929.4	347.6	0.7579	228.5249	301.5164	0.784	215.6288	275.0469	0.7911	160.7764	203.2429
WB160	-25.0333333333333	-9.93333333333333	9.26666666666667	-7.93333333333333	7.7	-25.9	-25.1	-20.3	-10.6	1.1	8.2	10.9	8.7	3	-7.8	-19	-24.1	272	46	40	124	62	37	16	16	16	14	10	25	46	53	24	19	19	14	41.45	40	53.1666666666667	39.2666666666667	33.3666666666667	38.3	35	51	56.2	54.2	49.1	43.5	40.6	33.7	35.4	32.1	32.6	34	929.4	347.6	0.7579	228.5202	301.5142	0.784	215.6252	275.0458	0.791	160.774	203.2423
WB161	-25.4	-9.93333333333333	9.5	-7.96666666666667	7.875	-26.3	-25.6	-20.5	-10.6	1.3	8.5	11.2	8.8	3	-7.7	-19.2	-24.3	275	46	38	125	66	37.5	16	15	15	13	10	25	46	54	25	22	19	15	41.425	39.8666666666667	53.1666666666667	39.3333333333333	33.3333333333333	38.35	34.8	51	56.2	54.2	49.1	43.6	40.7	33.7	35.4	32.1	32.5	33.8	954.7	368.3	0.6725	203.321	302.3401	0.699	193.632	277.0288	0.6908	143.07	207.1082
WB162	-24.9	-9.96666666666667	9.3	-7.8	7.75	-25.7	-25	-20.3	-10.7	1.1	8.2	10.9	8.8	3.1	-7.7	-18.8	-24	266	44	38	123	61	36.75	15	15	15	13	10	25	45	53	24	19	18	14	41.425	39.8666666666667	53.1666666666667	39.4	33.2666666666667	38.4	34.8	51	56.2	54.2	49.1	43.6	40.8	33.8	35.4	32	32.4	33.8	934.8	351.1	0.7385	221.8065	300.3284	0.7597	209.1006	275.2345	0.7603	155.4537	204.4723
WB163	-26.7333333333333	-9.6	10.2	-8.86666666666667	8.3	-28.1	-26.7	-21.1	-10.1	2.4	9.7	11.9	9	2.6	-8.4	-20.8	-25.4	288	49	40	129	70	38.5	18	15	16	13	11	29	46	54	25	25	20	16	41.325	39.4	53.2333333333333	39.3333333333333	33.3333333333333	38.35	35.2	50.2	56.2	54.2	49.3	43.5	40.7	33.8	35.4	31.5	33.1	32.8	1031	431.7	0.7027	219.779	312.7839	0.7395	211.1559	285.5299	0.7462	165.7426	222.1241
WB164	-25.4666666666667	-8.9	10.5666666666667	-7.9	8.75	-27	-25.4	-19.3	-9.5	2.1	9.9	12.2	9.6	3.3	-7.7	-19.3	-24	175	20	18	93	44	28.25	7	5	4	4	10	27	31	35	20	15	9	8	38.4083333333333	28.9666666666667	51.8	42.9333333333333	29.9333333333333	41.325	25.8	41.9	53.3	52.5	49.6	45.1	44.2	39.5	36.5	26.1	27.2	19.2	1075.3	467	0.5442	174.8969	321.4009	0.5884	174.4086	296.4116	0.5635	130.5345	231.6496
WB165	-28.7333333333333	-11.7333333333333	8.1	-11.4666666666667	6.1	-30	-28.8	-23.3	-12.3	0.4	7.9	9.7	6.7	0.1	-11	-23.5	-27.4	292	59	42	138	53	39.25	23	17	19	13	10	35	50	53	19	15	19	19	40.1833333333333	39.1333333333333	52.2666666666667	37.1333333333333	32.2	36.2	35.9	49.8	55.8	53.2	47.8	41.4	38.4	31.6	33.4	30.2	33	31.7	753.8	240.4	0.7937	229.5614	289.2206	0.8608	217.5452	252.7275	0.8973	156.7736	174.7196
WB166	-28.5666666666667	-11.1333333333333	8.73333333333333	-11.1	6.675	-29.9	-28.6	-22.9	-11.6	1.1	8.6	10.4	7.2	0.5	-10.6	-23.2	-27.2	296	58	43	137	58	39.5	22	17	19	13	11	35	49	53	21	17	20	19	40.3583333333333	39.0333333333333	52.4333333333333	37.5666666666667	32.4	36.625	35.7	49.7	55.8	53.4	48.1	41.8	38.8	32.1	33.8	30.3	33.1	31.7	830.2	294.1	0.8451	250.6333	296.571	0.8916	233.8026	262.2141	0.9119	171.7787	188.3739
WB167	-28.6666666666667	-11.7	8.1	-11.3666666666667	6.125	-29.9	-28.8	-23.3	-12.2	0.4	7.9	9.7	6.7	0.2	-10.9	-23.4	-27.3	292	58	42	138	54	39.25	22	17	19	13	10	35	50	53	19	16	19	19	40.2166666666667	39.1666666666667	52.2666666666667	37.2	32.2333333333333	36.275	35.8	49.9	55.8	53.2	47.8	41.4	38.5	31.7	33.5	30.2	33	31.8	755.3	240.5	0.7939	229.9069	289.5972	0.8613	217.8508	252.9373	0.8979	156.9851	174.8291
WB168	-28.5666666666667	-11.2	8.63333333333333	-11.1	6.6	-29.9	-28.6	-22.9	-11.7	1	8.5	10.3	7.1	0.5	-10.6	-23.2	-27.2	296	58	43	137	58	39.5	22	17	19	13	11	35	49	53	21	17	20	19	40.3333333333333	39.0333333333333	52.4333333333333	37.5	32.3666666666667	36.575	35.7	49.7	55.8	53.4	48.1	41.7	38.8	32	33.8	30.2	33.1	31.7	819.3	285.7	0.8604	253.6168	294.7815	0.9085	237.3309	261.2242	0.9352	173.3947	185.4107
WB169	-24.2	-6.5	11.8666666666667	-6.9	10.025	-25.2	-23.2	-17	-7	4.5	11.7	13.3	10.6	4.5	-7.1	-18.1	-24.2	216	34	25	102	55	32	12	9	8	7	10	25	36	41	26	14	15	13	41.475	37.4	53.8333333333333	40.7666666666667	33.9	39.85	34.5	47.7	56.4	54.5	50.6	44.4	42.2	35.7	37.1	29.8	34.8	30	1281.8	618.6	0.6383	215.41	337.4797	0.6645	209.6843	315.565	0.6638	174.7307	263.2367
WB170	-27.1	-9.4	11.3333333333333	-8.73333333333333	9.25	-29.7	-26.5	-19.9	-10.2	1.9	10.7	13.2	10.1	3	-8.4	-20.8	-25.1	201	23	24	102	52	31.25	7	6	7	6	11	29	32	41	23	18	11	10	37.3833333333333	26.6333333333333	51.0666666666667	43.3666666666667	28.4666666666667	41.475	23.3	40.5	52.4	51.9	48.9	45.2	44.6	40.3	35.8	24.9	24.7	16.1	1134	532	0.6179	200.8908	325.1124	0.6656	199.0499	299.0322	0.6629	158.427	238.9809
WB171	-25.9666666666667	-9.4	10.4	-8.3	8.55	-27.7	-25.8	-19.8	-10.1	1.7	9.7	12.1	9.4	3	-8.1	-19.8	-24.4	180	20	20	96	44	29	7	5	5	5	10	27	32	37	20	15	9	8	38.0166666666667	28.2333333333333	51.5	42.9333333333333	29.4	41.225	25	41.5	53	52.3	49.2	45	44.2	39.6	36.1	25.7	26.4	18.2	1044.6	448	0.5672	179.8652	317.1101	0.6171	179.4088	290.7235	0.5967	135.3122	226.7651
WB172	-25.9666666666667	-9.4	10.4	-8.3	8.55	-27.7	-25.8	-19.8	-10.1	1.7	9.7	12.1	9.4	3	-8.1	-19.8	-24.4	180	20	20	96	44	29	7	5	5	5	10	27	32	37	20	15	9	8	38.0166666666667	28.2333333333333	51.5	42.9333333333333	29.4	41.225	25	41.5	53	52.3	49.2	45	44.2	39.6	36.1	25.7	26.4	18.2	1044.6	448	0.5672	179.8652	317.1101	0.6171	179.4088	290.7235	0.5967	135.3122	226.7651
WB173	-27.5666666666667	-11.2333333333333	11.4666666666667	-8.23333333333333	9.5	-29.2	-27.6	-22.5	-11.6	0.4	10.4	13.5	10.5	3.6	-7.2	-21.1	-25.9	249	43	39	103	64	31.25	15	12	12	13	14	25	38	40	22	25	17	16	34.8666666666667	22.1	49.4	44.7333333333333	23.2333333333333	41.175	18.9	38	49.5	52.2	46.5	45.5	45.7	43	30.5	21.3	17.9	9.4	1134.8	542	0.5799	183.7307	316.8452	0.6193	181.4264	292.9423	0.6072	143.2382	235.9007
WB174	-27.5666666666667	-11.1333333333333	11.6666666666667	-8.06666666666667	9.7	-29.2	-27.6	-22.5	-11.5	0.6	10.6	13.7	10.7	3.8	-7	-21	-25.9	248	42	37	103	66	31.5	14	12	11	12	14	25	38	40	23	26	17	16	34.9583333333333	22.0333333333333	49.5666666666667	44.9666666666667	23.2666666666667	41.375	18.8	37.9	49.6	52.4	46.7	45.7	46	43.2	30.6	21.3	17.9	9.4	1161.6	562.6	0.598	191.2665	319.8591	0.6372	188.1955	295.3429	0.6266	149.4539	238.5036
WB175	-24.9	-9.03333333333333	9.6	-7.9	7.975	-25.8	-24.7	-19.3	-9.6	1.8	8.9	11.1	8.8	3.1	-8	-18.8	-24.2	156	26	16	73	41	23	10	7	5	4	7	19	25	29	19	12	10	9	39.6333333333333	32.8333333333333	52.5666666666667	41.5	31.6333333333333	40.25	29.9	44.5	54.7	53.3	49.7	44.4	42.9	37.2	36.5	27.6	30.8	24.1	975.3	378.6	0.5025	155.9029	310.2414	0.5473	155.728	284.5561	0.5063	109.7931	216.8618
WB176	-25.3666666666667	-9.63333333333333	9.66666666666667	-8.1	7.975	-26.5	-25.5	-19.9	-10.3	1.3	8.9	11.2	8.9	2.9	-8	-19.2	-24.1	159	19	17	85	38	25.75	7	5	4	4	9	24	29	32	18	12	8	7	38.6166666666667	29.9	51.9333333333333	42.4	30.2333333333333	40.875	26.8	42.5	53.7	52.7	49.4	44.8	43.7	38.7	36.3	26.4	28	20.4	967.4	381.2	0.5148	158.9098	308.6691	0.5593	158.6878	283.7476	0.5272	113.4764	215.2584
WB177	-25.2	-8.26666666666667	10.2	-8.13333333333333	8.425	-26	-24.5	-18.7	-8.8	2.7	9.9	11.6	9.1	3.1	-8.3	-19.2	-25.1	196	33	24	98	41	29.5	12	9	9	6	9	25	35	38	20	9	12	12	40.6916666666667	36.6333333333333	53.2333333333333	39.9333333333333	32.9666666666667	38.975	33.7	47.3	56	54	49.7	43.5	41.4	34.9	36.1	28.9	33.9	28.9	1049.1	436.2	0.6264	197.6329	315.53	0.6757	196.554	290.9061	0.6733	152.8634	227.0468
WB178	-26.2	-8.56666666666667	11.3666666666667	-9.03333333333333	9.225	-27.5	-26	-20	-9.3	3.6	11.4	13	9.7	2.8	-8.9	-21	-25.1	315	55	42	133	85	42	20	15	17	13	12	33	45	55	35	28	22	20	40.9583333333333	38.4666666666667	53.2333333333333	39.1333333333333	33	38.15	34.9	49.2	56.2	54.2	49.3	43.3	40.5	33.6	35.2	30.5	33.3	31.3	1168.6	546.9	0.8283	267.5719	323.0382	0.8499	253.0343	297.7117	0.8682	210.184	242.0996
WB179	-26.2	-10.2	8.8	-10.3333333333333	6.85	-27	-25.9	-20.5	-11.1	1	8.6	10.3	7.5	1	-10.7	-21.3	-25.7	249	46	35	128	40	37.25	17	13	15	10	10	35	46	47	21	6	13	16	40.075	38.1	52.4666666666667	37.5333333333333	32.2	36.625	35.2	48.7	55.9	53.3	48.2	41.6	38.9	32.1	33.9	29.1	33.6	30.4	843	298.9	0.8057	238.2926	295.7714	0.8721	228.5311	262.0483	0.9086	172.9384	190.3352
WB180	-26.1333333333333	-10.1	8.86666666666667	-10.2666666666667	6.925	-26.9	-25.8	-20.4	-11	1.1	8.7	10.4	7.5	1.1	-10.6	-21.3	-25.7	249	46	35	127	41	37	17	13	15	10	10	34	46	47	21	6	14	16	40.0666666666667	38.0333333333333	52.4666666666667	37.5333333333333	32.2333333333333	36.65	35.1	48.7	55.9	53.3	48.2	41.6	38.9	32.1	34	29.1	33.6	30.3	852.7	305.2	0.7009	207.9317	296.6588	0.7532	198.8541	264.0197	0.7473	142.5882	190.7995
WB181	-25.8333333333333	-9.4	9.16666666666667	-9.13333333333333	7.4	-26.6	-25.3	-19.8	-10	1.6	8.8	10.6	8.1	2.1	-9.4	-20.1	-25.6	193	34	24	102	33	29.5	13	9	10	6	8	27	37	38	16	6	11	12	40.2583333333333	36.8	52.8333333333333	38.9333333333333	32.4666666666667	38	33.9	47.5	55.9	53.6	49	42.6	40.4	33.8	35.2	28.6	33.6	29	909	334.7	0.6372	192.5009	302.1245	0.7021	191.5384	272.7971	0.7019	141.6086	201.7499
WB182	-25.8666666666667	-9.4	9.16666666666667	-9.13333333333333	7.4	-26.6	-25.3	-19.8	-10	1.6	8.8	10.6	8.1	2.1	-9.4	-20.1	-25.7	193	34	24	102	33	29.5	13	9	10	6	8	27	37	38	16	6	11	12	40.2583333333333	36.8	52.8333333333333	38.9333333333333	32.4666666666667	38	33.9	47.5	55.9	53.6	49	42.6	40.4	33.8	35.2	28.6	33.6	29	909	334.7	0.6372	192.5003	302.1035	0.7022	191.5373	272.7863	0.7019	141.6076	201.7441
WB183	-25.8666666666667	-10.3666666666667	8.36666666666667	-9.1	6.75	-26.5	-25.7	-20.6	-11	0.5	7.7	9.8	7.6	1.9	-9.3	-19.9	-25.4	156	30	18	78	30	23.25	12	8	7	5	6	20	28	30	15	6	9	10	39.525	34.2	52.4333333333333	39.9333333333333	31.5333333333333	38.8	31.3	45.6	55.1	53.2	49	43.2	41.3	35.3	35.4	27.6	31.6	25.7	811.9	264	0.5314	155.8743	293.337	0.59	155.7862	264.0352	0.5701	106.5328	186.8804
WB184	-25.9666666666667	-9.2	10.5333333333333	-9.53333333333333	8.45	-27	-25.8	-20.1	-10.1	2.6	10.5	12.1	9	2.2	-9.7	-21.1	-25.1	304	54	42	134	74	41.75	19	15	17	13	12	34	46	54	33	21	20	20	40.5166666666667	38.2	52.9333333333333	38.4333333333333	32.5	37.45	34.8	49	56.1	53.9	48.8	42.6	39.9	32.8	34.5	29.8	33.2	30.8	1056.5	460.1	0.8262	257.9916	312.2471	0.8537	242.8681	284.4998	0.8616	191.8809	222.6932
WB185	-25.8666666666667	-9.63333333333333	9.06666666666667	-9	7.35	-26.6	-25.4	-20	-10.3	1.4	8.6	10.5	8.1	2.2	-9.2	-20	-25.6	184	33	23	95	33	27.75	13	9	9	6	8	25	34	36	16	6	11	11	40.125	36.1333333333333	52.8333333333333	39.2666666666667	32.2666666666667	38.275	33.2	47	55.8	53.6	49.1	42.9	40.7	34.2	35.3	28.4	33.1	28.2	898.1	325.8	0.613	183.5355	299.4272	0.6707	182.3599	271.9101	0.6601	131.4478	199.1261
WB186	-26.3	-9.66666666666667	10.0333333333333	-10	7.95	-27.3	-26.2	-20.5	-10.6	2.1	10	11.6	8.5	1.7	-10.2	-21.5	-25.4	302	55	43	135	69	41.5	20	15	18	13	12	35	47	53	31	19	19	20	40.3	38.1	52.7333333333333	38.0666666666667	32.3	37.1	34.8	48.9	56	53.7	48.5	42.2	39.5	32.5	34.2	29.6	33.1	30.6	990.1	410.9	0.6928	212.4496	306.6432	0.7146	197.2641	276.0414	0.6924	146.9052	212.1693
WB187	-27.4666666666667	-12.1666666666667	11	-8.53333333333333	9.025	-28.8	-27.8	-23.2	-12.8	-0.5	9.7	13.1	10.2	3.1	-7.7	-21	-25.8	246	44	39	98	65	29.75	15	12	12	13	14	23	35	40	21	26	18	17	34.8166666666667	22.1666666666667	49.2333333333333	44.3666666666667	23.5	40.975	18.5	38.4	49.8	51.9	46	45.1	45.4	42.6	30.8	21.6	18.1	9.6	1066.3	494.2	0.6229	190.3045	305.5332	0.6662	187.292	281.1392	0.6582	146.2497	222.2091
WB188	-27.3	-12.8666666666667	10.6	-9.2	8.65	-28.4	-27.6	-23.3	-13.7	-1.6	9	13.1	9.7	2.8	-8.8	-21.6	-25.9	293	51	45	110	87	34.5	16	15	16	15	14	27	37	46	28	35	24	20	34.2	21.3	48.3666666666667	43.7	23.4333333333333	40.65	16.8	38.4	49.4	50.4	45.3	44.1	44.7	42.3	31.5	21.6	17.2	8.7	1008.6	456.7	0.6435	192.7353	299.4895	0.6803	184.9395	271.8302	0.6805	144.8209	212.8036
WB189	-27.8333333333333	-13.1666666666667	11.3	-9	9.25	-28.8	-28.5	-24.2	-14.2	-1.1	10.1	13.5	10.3	3.1	-8.5	-21.6	-26.2	255	44	42	99	70	30.5	16	11	11	13	18	22	34	43	23	29	18	17	34.9166666666667	22.0666666666667	49.4333333333333	44.3	23.8666666666667	41.1	17.9	38.6	50.4	51.8	46.1	45.1	45.5	42.3	31.5	21.7	18.4	9.7	1085.2	518.1	0.67	202.3781	302.0377	0.711	196.9173	276.9716	0.7167	160.1294	223.4114
WB190	-27.8	-13.1333333333333	11.3333333333333	-8.96666666666667	9.275	-28.8	-28.4	-24.2	-14.2	-1	10.2	13.5	10.3	3.1	-8.4	-21.6	-26.2	255	44	42	98	71	30.5	16	11	11	13	18	22	33	43	24	29	18	17	34.9166666666667	22.0666666666667	49.4333333333333	44.4	23.7666666666667	41.15	17.9	38.6	50.4	51.8	46.1	45.2	45.6	42.4	31.4	21.6	18.3	9.7	1089.6	521	0.4979	150.7373	302.7204	0.5258	146.7313	279.038	0.4888	109.4073	223.8282
ES1016	-22.0333333333333	-9.53333333333333	9.1	-1.4	8.125	-23.7	-23.2	-18.7	-9.6	-0.3	6.5	10.7	10.1	5.2	-1	-8.4	-19.2	518	104	84	174	156	58.25	35	31	28	25	31	50	58	66	59	51	46	38	31.0916666666667	30.6	38.5666666666667	35.1	20.1	32.5	27.8	38.8	43.2	44.9	27.6	33.1	37	35.2	24.7	16.1	19.5	25.2	979.3	363.6	0.9085	289.684	318.8568	0.9249	266.8306	288.5001	0.8952	185.1512	206.8207
ESL001	-21.1666666666667	-8.9	8.53333333333333	-2.56666666666667	7.4	-22.9	-21.8	-16.8	-9.2	-0.7	6	10.5	9.1	4	-2.4	-9.3	-18.8	705	137	131	239	198	78.25	48	40	48	44	39	64	91	84	74	60	64	49	32.5333333333333	32.8	39.2	36.1	22.0333333333333	33.65	32	40.8	41.5	41.2	34.9	36.5	37.4	34.4	26.3	20.6	19.2	25.6	875.4	301.3	0.8005	267.465	334.1055	0.8147	240.2697	294.918	0.756	149.8754	198.2486
ESL002	-20.8666666666667	-9.06666666666667	8.1	-2.66666666666667	7.025	-22.6	-21.6	-16.7	-9.4	-1.1	5.5	10.1	8.7	3.8	-2.6	-9.2	-18.4	728	150	141	239	198	77.75	53	43	54	47	40	64	92	83	72	59	67	54	32.525	32.5	39	36	22.6	33.675	31.7	40.6	41.3	41.2	34.5	36.6	37.4	34	26.7	21.5	19.6	25.2	824.4	265.7	0.7812	256.576	328.4455	0.7919	227.9412	287.856	0.7194	135.595	188.4722
ESL003	-20	-8.3	8.56666666666667	-1.9	7.55	-21.7	-20.8	-15.9	-8.6	-0.4	5.9	10.5	9.3	4.5	-1.8	-8.4	-17.5	707	147	136	232	192	75.5	52	43	52	45	39	64	88	80	70	58	64	52	32.9666666666667	33.0666666666667	39.0666666666667	36.3666666666667	23.3666666666667	34.1	32.1	41.1	41.4	41.2	34.6	36.6	37.9	34.6	27.3	22.3	20.5	26	900.8	310.8	0.8041	270.9483	336.9451	0.8135	243.3756	299.1773	0.7487	150.8527	201.4907
ESL004	-21.1333333333333	-9.23333333333333	8.03333333333333	-2.83333333333333	6.95	-22.9	-21.8	-17	-9.5	-1.2	5.4	10	8.7	3.7	-2.7	-9.5	-18.7	727	148	139	241	199	78.5	52	43	53	46	40	65	92	84	73	60	66	53	32.375	32.5333333333333	38.9333333333333	35.8	22.2333333333333	33.425	31.7	40.6	41.3	41.1	34.4	36.3	37.2	33.9	26.3	21	19.4	25.3	814	260	0.8018	261.6672	326.3635	0.8176	233.8564	286.0197	0.7365	136.4882	185.3307
ESL005	-21.0666666666667	-9.1	8.13333333333333	-2.73333333333333	7.05	-22.8	-21.8	-16.9	-9.4	-1	5.5	10.1	8.8	3.8	-2.6	-9.4	-18.6	712	143	135	237	197	77.5	50	41	51	45	39	64	90	83	73	59	65	52	32.4333333333333	32.5	39.1333333333333	35.9	22.2	33.5	31.6	40.6	41.6	41.4	34.4	36.4	37.2	34.1	26.3	20.9	19.4	25.3	828.6	268.7	0.8051	263.7754	327.6355	0.8191	236.5175	288.7466	0.7321	137.8142	188.2543
ESL006	-16.5	-5.8	8.63333333333333	0.2	7.975	-18.3	-17.8	-12.4	-5.6	0.6	5.8	10.3	9.8	6	0.2	-5.6	-13.4	887	251	210	218	208	71.5	95	62	93	65	52	75	81	62	68	62	78	94	34.2583333333333	32.6333333333333	39.0333333333333	37.9333333333333	27.4333333333333	36.05	31.4	41.3	41.1	41	35	37.9	39.4	36.5	30.4	28.2	23.7	25.2	991.2	342.7	0.8058	288.0333	357.4545	0.8021	260.177	324.368	0.7406	159.9607	215.9975
ESL007	-20.4	-8.33333333333333	8.9	-1.86666666666667	7.825	-22.1	-21.1	-16.2	-8.5	-0.3	6.3	10.8	9.6	4.6	-1.7	-8.5	-18	668	131	123	226	188	74.25	46	38	45	41	37	61	85	80	71	57	60	47	32.85	32.9333333333333	39.4333333333333	36.4333333333333	22.6	34.025	31.9	41	41.9	41.7	34.7	36.6	37.7	35	26.8	21.1	19.9	25.9	936.6	338.6	0.8125	275.808	339.4511	0.824	248.4541	301.5215	0.7689	158.9148	206.6655
ESL008	-15.2666666666667	-5.2	8.86666666666667	1	8.3	-17.1	-16.7	-11.6	-5	1	5.9	10.5	10.2	6.6	0.9	-4.5	-12	871	252	208	212	199	68.75	95	63	94	63	51	72	79	61	63	60	76	94	34.5166666666667	32.4333333333333	38.9	38.2	28.5333333333333	36.475	31.2	41	41	41	34.7	38	39.9	36.7	31.3	29.6	24.7	25.1	1051.6	376.5	0.8138	295.7689	363.4564	0.809	269.6414	333.312	0.7439	166.4469	223.7517
ESL009	-16.3333333333333	-5.8	8.6	0.233333333333333	7.95	-18.2	-17.7	-12.4	-5.6	0.6	5.7	10.3	9.8	6	0.2	-5.5	-13.1	871	248	205	215	203	70.25	94	60	92	63	50	73	80	62	66	60	77	94	34.2166666666667	32.4	39.1	37.9333333333333	27.4333333333333	36.05	31.2	41	41.2	41.2	34.9	37.9	39.5	36.4	30.4	28.1	23.8	25	988.2	340.7	0.7947	282.9306	356.0105	0.7889	255.298	323.5934	0.717	154.5168	215.4977
ESL010	-21.2	-9.46666666666667	7.7	-3	6.625	-22.9	-22	-17.2	-9.7	-1.5	5.1	9.6	8.4	3.4	-2.9	-9.5	-18.7	721	151	138	234	198	76.5	53	43	53	45	40	64	88	82	72	60	66	55	32.2833333333333	32.4	38.9	35.5	22.3333333333333	33.175	31.4	40.6	41.6	41.3	33.8	35.8	36.9	33.8	26.2	21.1	19.7	25.2	771.4	231.6	0.8072	258.552	320.3033	0.8219	229.6823	279.456	0.7661	136.1505	177.7178
ESL011	-21.4	-9.7	7.43333333333333	-3.26666666666667	6.375	-23.1	-22.2	-17.4	-10	-1.7	4.8	9.4	8.1	3.2	-3.2	-9.8	-18.9	732	154	142	237	199	77.25	55	43	55	47	40	64	90	83	72	60	67	56	32.1666666666667	32.1	38.9333333333333	35.4666666666667	22.1666666666667	33.125	31.2	40.4	41.6	41.4	33.8	36	36.9	33.5	26.1	21	19.4	24.7	738.9	210.9	0.745	235.5332	316.1524	0.7528	207.1792	275.2188	0.6519	110.2382	169.0958
ESL012	-21.4	-9.7	7.43333333333333	-3.26666666666667	6.375	-23.1	-22.2	-17.4	-10	-1.7	4.8	9.4	8.1	3.2	-3.2	-9.8	-18.9	732	154	142	237	199	77.25	55	43	55	47	40	64	90	83	72	60	67	56	32.1666666666667	32.1	38.9333333333333	35.4666666666667	22.1666666666667	33.125	31.2	40.4	41.6	41.4	33.8	36	36.9	33.5	26.1	21	19.4	24.7	738.9	210.9	0.745	235.5332	316.1524	0.7528	207.1792	275.2188	0.6519	110.2382	169.0958
ESL013	-16.9	-6.2	8.36666666666667	-0.2	7.7	-18.7	-18.2	-12.9	-6	0.3	5.5	10.1	9.5	5.7	-0.2	-6.1	-13.8	878	249	207	215	207	70.75	95	59	92	64	51	74	79	62	68	60	79	95	34.0416666666667	32.3333333333333	39.2666666666667	37.7333333333333	26.8333333333333	35.8	31.1	41	41.4	41.5	34.9	37.8	39.2	36.2	30	27.3	23.2	24.9	946.2	315.6	0.7763	272.0211	350.405	0.7703	244.6814	317.641	0.7126	147.1204	206.4567
ESL014	-21.2666666666667	-9.5	7.6	-3.03333333333333	6.55	-22.9	-22.1	-17.3	-9.7	-1.5	5	9.5	8.3	3.4	-2.9	-9.6	-18.8	719	151	138	233	197	76.25	53	43	53	45	40	63	88	82	72	60	65	55	32.2416666666667	32.3333333333333	38.9	35.4666666666667	22.2666666666667	33.125	31.4	40.5	41.6	41.4	33.7	35.7	36.9	33.8	26.1	21	19.7	25.1	762.3	224	0.7616	242.9557	319.0133	0.7691	214.1523	278.4406	0.6813	119.0657	174.7696
ESL015	-21.3	-9.6	7.53333333333333	-3.1	6.475	-23	-22.1	-17.4	-9.8	-1.6	4.9	9.4	8.3	3.3	-3	-9.6	-18.8	720	151	138	233	198	76.25	53	43	53	45	40	63	88	82	72	60	66	55	32.2083333333333	32.3	38.9	35.4	22.2333333333333	33.075	31.3	40.5	41.6	41.4	33.7	35.7	36.8	33.7	26.1	21	19.6	25.1	752.2	218.7	0.8075	256.1444	317.2242	0.8226	228.2858	277.5229	0.7402	128.0592	173.0162
ESL016	-21.7666666666667	-9.7	7.73333333333333	-3.23333333333333	6.625	-23.5	-22.5	-17.7	-9.9	-1.5	5.2	9.6	8.4	3.3	-3.1	-9.9	-19.3	701	139	130	234	198	77	49	39	48	43	39	62	88	84	74	60	64	51	32.0416666666667	32.1666666666667	39.1666666666667	35.4	21.4333333333333	32.925	31.2	40.4	41.9	41.7	33.9	35.7	36.7	33.8	25.5	19.9	18.9	24.9	770.8	232.5	0.7767	247.5262	318.6891	0.7886	219.5262	278.3727	0.7231	127.3736	176.1559
ESL017	-20.9	-9.06666666666667	8.2	-2.46666666666667	7.125	-22.6	-21.7	-17	-9.3	-0.9	5.6	10.1	8.9	3.9	-2.3	-9	-18.4	663	132	121	222	188	73.25	47	37	45	40	36	60	83	79	71	57	60	48	32.45	32.3333333333333	39.4333333333333	35.9	22.1333333333333	33.475	31.2	40.6	42.2	42.1	34	36	37.3	34.4	26.2	20.6	19.6	25.2	840.3	274.4	0.8479	275.9985	325.5062	0.8642	249.0063	288.1342	0.8054	152.316	189.1155
ESL018	-14.4	-4.86666666666667	8.43333333333333	1.36666666666667	7.975	-16.2	-16	-11	-4.6	1	5.4	10	9.9	6.6	1.3	-3.8	-11	886	267	216	203	200	66.5	101	67	99	65	52	72	74	57	63	61	76	99	34.6333333333333	32	38.8666666666667	38.3333333333333	29.3333333333333	36.625	30.5	40.8	41.1	41	34.5	37.7	39.8	37.5	31.5	30.9	25.6	24.7	1020.9	342.7	0.8	288.4418	360.5588	0.7918	262.9715	332.1213	0.7179	154.0266	214.5386
ESL019	-19.3666666666667	-8.86666666666667	6.76666666666667	-2.43333333333333	5.95	-21.1	-20.5	-15.9	-9	-1.7	4	8.6	7.7	3.5	-2.4	-8.4	-16.5	800	203	173	223	201	72.75	75	52	74	55	44	66	84	73	68	60	73	76	32.7833333333333	31.6333333333333	38.9333333333333	36	24.5666666666667	33.95	30.5	40.4	41.6	41.7	33.5	36.5	37.6	33.9	27.8	24.5	21.4	24	690.3	167.4	0.6933	217.3933	313.559	0.6794	186.3167	274.2426	0.5324	83.1213	156.1137
ESL020	-20.1	-9.4	6.6	-2.96666666666667	5.725	-21.8	-21.2	-16.6	-9.6	-2	3.8	8.5	7.5	3.1	-2.9	-9.1	-17.3	787	193	166	226	202	74	71	50	70	53	43	65	85	76	70	60	72	72	32.5166666666667	31.6	38.9333333333333	35.6666666666667	23.8666666666667	33.55	30.5	40.3	41.7	41.7	33.4	36.2	37.2	33.6	27.2	23.5	20.9	24	659.8	154.7	0.7204	222.1214	308.3278	0.7159	192.5839	269.0227	0.5673	85.0096	149.8392
ESL021	-20	-9.33333333333333	6.6	-2.93333333333333	5.725	-21.7	-21.1	-16.5	-9.5	-2	3.8	8.5	7.5	3.1	-2.9	-9	-17.2	787	195	166	224	202	73.5	72	50	70	53	43	65	84	75	70	60	72	73	32.5666666666667	31.5333333333333	39.0666666666667	35.8	23.8666666666667	33.65	30.4	40.3	41.8	41.9	33.5	36.3	37.3	33.8	27.2	23.5	20.9	23.9	659.8	154.7	0.7316	226.0236	308.9356	0.7273	195.6492	268.9912	0.6063	90.8768	149.8967
ESL022	-19.6666666666667	-9.16666666666667	6.56666666666667	-2.73333333333333	5.725	-21.4	-20.8	-16.3	-9.3	-1.9	3.8	8.4	7.5	3.2	-2.7	-8.7	-16.8	789	198	168	223	200	73	73	51	71	53	44	65	84	74	69	59	72	74	32.65	31.5333333333333	39	35.8333333333333	24.2333333333333	33.725	30.4	40.3	41.7	41.9	33.4	36.3	37.4	33.8	27.4	24	21.3	23.9	661	152.2	0.6389	197.8989	309.7425	0.6198	167.0286	269.49	0.5012	73.9096	147.4795
ESL023	-19.4	-8.9	6.86666666666667	-2.46666666666667	6.025	-21.1	-20.6	-16	-9	-1.7	4.1	8.7	7.8	3.5	-2.5	-8.4	-16.5	773	194	165	218	196	71.5	72	49	70	52	43	64	82	72	68	58	70	73	32.85	31.6	39.2666666666667	36.1666666666667	24.3666666666667	34.05	30.4	40.4	42	42.1	33.7	36.6	37.7	34.2	27.7	24.1	21.3	24	698.8	174.3	0.7235	226.6863	313.2984	0.7131	195.731	274.4618	0.5672	88.7806	156.5223
ESL024	-20.2333333333333	-9.46666666666667	6.63333333333333	-3.06666666666667	5.725	-21.9	-21.3	-16.8	-9.6	-2	3.9	8.5	7.5	3	-3	-9.2	-17.5	765	185	159	222	199	73	68	47	66	51	42	64	83	75	70	59	70	70	32.5	31.5	39.2666666666667	35.7333333333333	23.5	33.55	30.4	40.2	42	42.2	33.6	36.3	37.2	33.7	27	22.9	20.6	23.9	659.7	155.1	0.7423	228.6517	308.0449	0.7415	198.9975	268.3543	0.6329	93.93	148.4038
ESL025	-21.0333333333333	-9.76666666666667	7.33333333333333	-2.8	6.35	-22.7	-22	-17.7	-9.9	-1.7	4.7	9.2	8.1	3.4	-2.7	-9.1	-18.4	625	127	112	208	178	69	45	35	42	36	34	55	77	76	68	54	56	47	32.2	31.7666666666667	39.5333333333333	35.4666666666667	22.0333333333333	33.05	30.4	40.3	42.8	42.9	32.9	35.3	36.9	34.2	25.8	20.4	19.9	24.6	737.3	204.6	0.7416	230.1064	310.2759	0.7416	201.9852	272.3463	0.6381	106.1562	166.3687
ESL026	-17.6333333333333	-7.63333333333333	7.36666666666667	-1.16666666666667	6.65	-19.3	-18.9	-14.5	-7.6	-0.8	4.5	9.1	8.5	4.5	-1.2	-6.8	-14.7	753	197	164	203	189	67	74	48	71	52	41	62	76	65	65	56	68	75	33.5583333333333	31.5333333333333	39.7666666666667	37.1333333333333	25.8	35.075	30.1	40.5	42.4	42.7	34.2	37.3	38.7	35.4	28.9	25.9	22.6	24	791	220.4	0.7543	245.4448	325.3813	0.7427	215.9975	290.8419	0.6406	112.6426	175.8349
ESL027	-18.1333333333333	-8.33333333333333	6.86666666666667	-1.76666666666667	6.125	-19.8	-19.4	-15.3	-8.3	-1.4	4	8.6	8	3.9	-1.8	-7.4	-15.2	733	187	156	202	188	67	70	46	67	49	40	60	75	67	66	56	66	71	33.2833333333333	31.2333333333333	39.8666666666667	36.8	25.2333333333333	34.675	29.8	40.3	42.6	43	34	37.1	38.3	35	28.3	25.2	22.2	23.6	716.9	178.9	0.6926	217.903	314.6132	0.6723	187.461	278.8363	0.5451	86.8238	159.2845
ESL028	-17.4666666666667	-7.93333333333333	7	-1.16666666666667	6.325	-19.1	-18.8	-14.8	-7.9	-1.1	4.1	8.7	8.2	4.3	-1.2	-6.6	-14.5	684	173	144	191	176	63.25	65	42	62	45	37	56	71	64	62	53	61	66	33.6166666666667	31.2	40.2333333333333	37.2666666666667	25.7666666666667	35.15	29.6	40.4	43	43.6	34.1	37.4	38.8	35.6	28.8	25.8	22.7	23.6	748.5	192.5	0.7939	252.1487	317.5964	0.784	223.0384	284.4797	0.663	108.7085	163.9527
ESL029	-18.1666666666667	-8.53333333333333	6.66666666666667	-1.76666666666667	5.95	-19.8	-19.5	-15.6	-8.5	-1.5	3.8	8.4	7.8	3.8	-1.8	-7.3	-15.2	679	168	140	194	177	64.25	62	42	59	44	37	55	72	67	63	53	61	64	33.3	31.1666666666667	40.1	36.8333333333333	25.1	34.675	29.6	40.4	43	43.5	33.8	37	38.4	35.1	28.2	24.9	22.2	23.5	695.1	164.5	0.7956	246.9379	310.3729	0.7882	217.652	276.1259	0.693	106.2815	153.3548
ESL030	-18.1666666666667	-8.53333333333333	6.66666666666667	-1.76666666666667	5.95	-19.8	-19.5	-15.6	-8.5	-1.5	3.8	8.4	7.8	3.8	-1.8	-7.3	-15.2	679	168	140	194	177	64.25	62	42	59	44	37	55	72	67	63	53	61	64	33.3	31.1666666666667	40.1	36.8333333333333	25.1	34.675	29.6	40.4	43	43.5	33.8	37	38.4	35.1	28.2	24.9	22.2	23.5	695.1	164.5	0.7956	246.9379	310.3729	0.7882	217.652	276.1259	0.693	106.2815	153.3548
ESL031	-17.4666666666667	-8.26666666666667	6.33333333333333	-1.53333333333333	5.7	-19.1	-18.9	-15.1	-8.2	-1.5	3.4	8	7.6	3.8	-1.6	-6.8	-14.4	694	180	147	190	177	63	67	44	64	46	37	55	71	64	62	53	62	69	33.5416666666667	31.0333333333333	40.1333333333333	37	26	34.95	29.4	40.4	43	43.6	33.8	37.2	38.6	35.2	28.8	26.2	23	23.3	666.4	143.8	0.7855	242.1494	308.2682	0.773	212.1792	274.4934	0.6102	89.1782	146.1498
ESL032	-20.5	-9.86666666666667	7.06666666666667	-2.4	6.175	-22.1	-21.7	-17.9	-10	-1.7	4.3	8.8	8.1	3.5	-2.3	-8.4	-17.7	516	101	86	177	152	59.25	35	28	32	27	27	45	64	68	60	47	45	38	32.125	31.0333333333333	39.9333333333333	35.5	22.0333333333333	33.025	29.1	39.9	43.8	44.5	31.5	34.7	37.2	34.6	25.6	19.9	20.6	24.1	718	188	0.8252	247.6739	300.1258	0.8283	221.3633	267.2366	0.7596	121.8976	160.4843
ESL033	-18.4333333333333	-9.16666666666667	5.83333333333333	-2.36666666666667	5.125	-20	-19.8	-16.2	-9.1	-2.2	3	7.5	7	3	-2.4	-7.7	-15.5	684	169	140	194	181	64.5	62	42	59	44	37	54	72	68	64	55	62	65	33.1333333333333	30.7666666666667	40.2	36.5	25.0666666666667	34.35	29.1	40.2	43.2	43.9	33.5	36.6	38.1	34.8	27.9	25	22.3	23	589.3	106.3	0.7607	225.4978	296.4522	0.7468	195.4836	261.7563	0.6447	83.4756	129.4864
ESL034	-20.0666666666667	-9.76666666666667	6.93333333333333	-2.13333333333333	6.1	-21.6	-21.4	-17.8	-9.8	-1.7	4.2	8.6	8	3.6	-2	-8	-17.2	474	91	75	166	142	55.75	31	25	28	23	24	41	60	65	57	44	41	35	32.3	30.8666666666667	40.2666666666667	35.7333333333333	22.3333333333333	33.275	28.8	39.9	44.2	45.1	31.5	34.8	37.5	34.9	25.9	20.2	20.9	23.9	710.4	178.7	0.8463	252.8218	298.7476	0.8485	225.8593	266.1874	0.8302	130.7256	157.4548
ESL035	-18.3333333333333	-10	5.33333333333333	-2.33333333333333	4.675	-19.8	-19.8	-17.3	-10	-2.7	2.4	7	6.6	2.7	-2.4	-7.3	-15.4	457	90	72	158	137	53.25	32	22	28	22	22	36	58	64	55	43	39	36	33.1916666666667	30.2333333333333	41.5333333333333	36.6333333333333	24.3666666666667	34.275	28.1	40.2	45.1	46.2	33.3	36.2	38.4	35.3	27.2	23.5	22.4	22.4	535.1	79.2	0.9089	255.049	280.6125	0.9082	226.0597	248.9094	0.8586	97.3275	113.3583
ESQ001	-22.8333333333333	-10.1333333333333	7.93333333333333	-1.3	7.15	-24.6	-24.7	-19.6	-9.8	-1	5.3	9.5	9	4.8	-0.7	-8	-19.2	605	89	93	218	205	75.5	29	24	27	29	37	57	73	88	84	65	56	36	30.225	27.9333333333333	40.0333333333333	36.1333333333333	16.8	32.7	25.5	39.9	44	43.5	32.6	36.1	37.3	35	22.4	15	13	18.4	855	263.5	0.877	279.9885	319.268	0.8941	254.9319	285.1182	0.8453	161.1179	190.6089
ESQ002	-22.2333333333333	-10.1333333333333	7.73333333333333	-0.1	7.2	-24.1	-24.8	-19.8	-9.7	-0.9	4.7	9.2	9.3	5.6	0.6	-6.5	-17.8	521	69	72	187	193	66	20	17	18	23	31	47	64	76	77	62	54	32	30.475	28.5333333333333	39.7333333333333	36.1	17.5333333333333	32.9	25.8	42.9	44.9	42.2	32.1	36.4	37.8	34.1	23.3	16.2	13.1	16.9	881.8	267.1	0.9245	293.4309	317.4042	0.9416	269.2505	285.9615	0.91	169.0531	185.7641
ESQ003	-22.3333333333333	-10.2	7.7	-0.266666666666667	7.15	-24.2	-24.8	-19.9	-9.8	-0.9	4.7	9.2	9.2	5.5	0.4	-6.7	-18	535	73	75	191	196	67.5	22	18	19	24	32	48	65	78	79	63	54	33	30.4083333333333	28.5	39.7333333333333	36	17.4	32.775	25.8	42.5	44.8	42.3	32.1	36.3	37.6	34.1	23.1	16	13.1	17.2	872.1	262.2	0.9025	285.6205	316.4887	0.9169	261.3658	285.0688	0.8721	161.5676	185.2705
ESQ004	-22.3333333333333	-10.2	7.7	-0.266666666666667	7.15	-24.2	-24.8	-19.9	-9.8	-0.9	4.7	9.2	9.2	5.5	0.4	-6.7	-18	535	73	75	191	196	67.5	22	18	19	24	32	48	65	78	79	63	54	33	30.4083333333333	28.5	39.7333333333333	36	17.4	32.775	25.8	42.5	44.8	42.3	32.1	36.3	37.6	34.1	23.1	16	13.1	17.2	872.1	262.2	0.9025	285.6205	316.4887	0.9169	261.3658	285.0688	0.8721	161.5676	185.2705
ESQ005	-22.3333333333333	-10.1666666666667	7.7	-0.266666666666667	7.15	-24.2	-24.8	-19.8	-9.8	-0.9	4.7	9.2	9.2	5.5	0.4	-6.7	-18	535	73	75	191	196	67.5	22	18	19	24	32	48	65	78	79	63	54	33	30.3833333333333	28.5	39.7	36	17.3333333333333	32.75	25.8	42.5	44.8	42.3	32	36.3	37.6	34.1	23	15.9	13.1	17.2	872.1	262.2	0.8972	283.8417	316.3541	0.911	259.599	284.9559	0.8631	159.8759	185.2327
ESQ006	-22.3666666666667	-10.2333333333333	7.7	-0.366666666666667	7.125	-24.2	-24.8	-19.9	-9.8	-1	4.7	9.2	9.2	5.4	0.3	-6.8	-18.1	538	74	76	192	196	67.75	22	19	20	24	32	48	65	79	79	63	54	33	30.3666666666667	28.5	39.7	35.9666666666667	17.3	32.725	25.8	42.4	44.7	42.4	32	36.2	37.6	34.1	23	15.8	13.1	17.3	866.4	260.5	0.9148	289.3907	316.3447	0.9321	265.2335	284.5498	0.8987	165.5445	184.2099
ESQ007	-22.3666666666667	-10.2333333333333	7.7	-0.4	7.125	-24.2	-24.8	-19.9	-9.8	-1	4.7	9.2	9.2	5.4	0.2	-6.8	-18.1	540	74	76	194	196	68.25	22	19	20	24	32	49	66	79	79	63	54	33	30.35	28.5	39.7	35.9333333333333	17.2666666666667	32.675	25.8	42.3	44.7	42.4	32	36.2	37.5	34.1	22.9	15.8	13.1	17.4	864.7	260.5	0.9003	284.6397	316.17	0.9159	260.3208	284.2162	0.8702	160.2087	184.1042
ESQ008	-22.8	-10.1333333333333	8.36666666666667	-1.96666666666667	7.375	-24.6	-24.1	-19.1	-10.1	-1.2	5.8	10.1	9.2	4.4	-1.5	-8.8	-19.7	604	96	99	220	189	74	32	27	31	30	38	59	77	84	76	62	51	37	30.2916666666667	28.2333333333333	39.6333333333333	36.0333333333333	17.2666666666667	32.7	26.2	38.4	43.3	44.1	31.5	35	37.2	35.9	22.7	14.8	14.3	20.1	872.6	292.1	0.8827	280.381	317.6334	0.9015	255.0336	282.8862	0.8603	167.3498	194.5313
ESQ009	-22.8333333333333	-10.5	7.9	-2.1	6.975	-24.6	-24.3	-19.5	-10.5	-1.5	5.3	9.6	8.8	4.2	-1.7	-8.8	-19.6	586	95	95	213	183	71.5	32	27	30	29	36	57	74	82	73	60	50	36	30.0583333333333	27.8	39.4666666666667	35.7333333333333	17.2333333333333	32.425	25.6	38	43.6	44.3	30.5	34.5	37	35.7	22.5	14.7	14.5	19.8	819.5	253.5	0.8545	264.3585	309.3722	0.8686	239.0657	275.2375	0.804	148.048	184.1395
ESQ010	-22.5333333333333	-10.6333333333333	7.6	-0.866666666666667	6.95	-24.3	-24.9	-20.2	-10.3	-1.4	4.7	9.2	8.9	5	-0.3	-7.3	-18.4	519	71	75	187	186	65.75	22	18	20	24	31	47	63	77	76	59	51	31	30.0083333333333	27.6666666666667	39.6	35.9	16.8666666666667	32.6	25	41.2	44.8	43	31	35.6	37.8	34.3	22.7	15.1	12.8	16.8	832	244.8	0.8736	269.2197	308.182	0.8852	245.9487	277.8377	0.8222	147.507	179.396
ESQ011	-22.5666666666667	-10.6333333333333	7.6	-0.933333333333333	6.925	-24.3	-24.9	-20.2	-10.3	-1.4	4.7	9.2	8.9	4.9	-0.3	-7.4	-18.5	521	71	75	189	186	66.25	22	18	20	24	31	47	64	78	76	59	51	31	29.9666666666667	27.6333333333333	39.5666666666667	35.8333333333333	16.8333333333333	32.525	25	41.1	44.7	43	31	35.5	37.7	34.3	22.6	15.1	12.8	16.8	828.9	243.4	0.8999	276.9672	307.7812	0.9142	253.7124	277.514	0.8672	155.3858	179.1874
ESQ012	-22.5666666666667	-10.7	7.53333333333333	-0.833333333333333	6.9	-24.3	-25	-20.2	-10.4	-1.5	4.6	9.1	8.9	5	-0.2	-7.3	-18.4	511	69	72	185	185	65	21	17	19	23	30	46	63	76	75	59	51	31	30.0583333333333	27.8	39.6	35.8666666666667	16.9666666666667	32.6	25.1	41.7	44.9	42.9	31	35.6	37.9	34.1	22.8	15.3	12.8	16.6	826.4	240.4	0.8919	274.0992	307.3037	0.9051	249.8418	276.0273	0.8537	152.7978	178.9833
ESQ013	-22.7	-10.7666666666667	7.46666666666667	-1.3	6.775	-24.4	-24.9	-20.2	-10.5	-1.6	4.6	9.1	8.7	4.7	-0.8	-7.8	-18.8	534	76	79	193	186	67.25	24	20	22	25	32	49	65	79	76	59	51	32	29.7333333333333	27.0333333333333	39.5666666666667	35.7666666666667	16.5666666666667	32.425	24.3	40.1	44.5	43.4	30.8	35.2	37.6	34.5	22.4	14.7	12.6	16.7	802.7	230.2	0.8801	268.3936	304.9488	0.8923	243.9069	273.3557	0.8327	146.5834	176.0262
ESQ014	-22.7666666666667	-10.8	7.43333333333333	-1.4	6.725	-24.5	-24.9	-20.2	-10.5	-1.7	4.6	9.1	8.6	4.6	-0.9	-7.9	-18.9	537	76	81	194	186	67.5	24	20	22	26	33	49	66	79	76	59	51	32	29.6916666666667	26.9666666666667	39.5666666666667	35.7333333333333	16.5	32.375	24.2	39.9	44.5	43.5	30.7	35.1	37.5	34.6	22.3	14.6	12.6	16.8	794.7	225.9	0.9151	278.759	304.6158	0.933	254.3873	272.6529	0.8962	157.4572	175.7023
ESQ015	-22.7333333333333	-10.6666666666667	7.76666666666667	-2	6.875	-24.5	-24.3	-19.7	-10.6	-1.7	5.1	9.5	8.7	4.2	-1.6	-8.6	-19.4	557	88	89	204	176	68.5	29	25	27	28	34	54	71	79	70	58	48	34	29.8333333333333	27.0333333333333	39.5	35.7666666666667	17.0333333333333	32.425	24.7	37.7	43.9	44.4	30.2	34.3	37.2	35.8	22.4	14.6	14.1	18.7	806.5	244.1	0.8863	269.8556	304.4579	0.9014	245.9794	272.8833	0.8511	153.7815	180.6846
ESQ017	-22.4	-10.4333333333333	7.9	-1.8	7.025	-24.1	-24	-19.4	-10.4	-1.5	5.2	9.6	8.9	4.4	-1.4	-8.4	-19.1	532	82	84	197	169	66	27	23	25	26	33	52	69	76	67	56	46	32	29.8833333333333	26.8333333333333	39.5666666666667	35.9333333333333	17.2	32.6	24.4	37.6	44	44.6	30.1	34.4	37.4	36	22.6	14.8	14.2	18.5	828	256.9	0.8782	269.0831	306.4081	0.8911	244.412	274.2714	0.8364	152.6921	182.5516
ESQ018	-22.5	-10.5666666666667	7.7	-2	6.825	-24.2	-24	-19.4	-10.7	-1.6	5	9.4	8.7	4.2	-1.6	-8.6	-19.3	544	90	87	198	169	66	30	26	27	27	33	53	69	76	66	56	47	34	29.95	27.3666666666667	39.3333333333333	35.6	17.5	32.35	25.1	37.4	43.9	44.6	29.5	33.9	37.1	35.8	22.6	14.9	15	19.6	801.3	239.4	0.8953	270.9151	302.5906	0.9107	247.2026	271.4472	0.8635	153.3694	177.614
ESQ019	-22.1333333333333	-9.8	8.8	-1.66666666666667	7.825	-23.8	-23.4	-18.9	-9.9	-0.6	6.2	10.4	9.8	4.9	-1.3	-8.6	-19.2	526	106	86	176	158	58.75	36	31	29	26	31	50	59	67	59	52	47	39	30.9666666666667	30.4	38.5666666666667	34.9666666666667	19.9333333333333	32.35	27.7	38.6	43.3	44.9	27.5	32.9	36.9	35.1	24.5	16	19.3	24.9	935.8	334.1	0.8913	279.8117	313.9295	0.9056	256.7304	283.5005	0.867	174.5808	201.3508
ESQ020	-22.4333333333333	-10.5333333333333	7.86666666666667	-1.76666666666667	7	-24.1	-24.1	-19.5	-10.5	-1.6	5.2	9.6	8.8	4.4	-1.3	-8.4	-19.1	532	82	84	196	170	66	27	23	25	26	33	52	68	76	68	56	46	32	29.85	26.7333333333333	39.6333333333333	35.9333333333333	17.1	32.575	24.3	37.6	44.1	44.6	30.2	34.4	37.4	36	22.5	14.7	14.1	18.3	824.9	253.9	0.9222	282.1178	305.9152	0.9403	257.56	273.9207	0.9103	165.9739	182.3346
ESQ021	-22.7	-10.7	7.73333333333333	-2.03333333333333	6.85	-24.4	-24.3	-19.6	-10.7	-1.8	5	9.5	8.7	4.2	-1.6	-8.7	-19.4	546	85	87	201	173	67.5	28	24	26	27	34	53	70	78	69	57	47	33	29.7166666666667	26.6333333333333	39.4666666666667	35.8333333333333	16.9333333333333	32.475	24.2	37.6	43.9	44.4	30.1	34.3	37.3	35.9	22.4	14.6	13.8	18.1	802.7	242.5	0.8937	271.186	303.4476	0.9101	246.334	270.6592	0.869	154.7985	178.1395
ESQ022	-22.7	-10.8	7.53333333333333	-2.13333333333333	6.65	-24.4	-24.3	-19.7	-10.8	-1.9	4.9	9.2	8.5	4	-1.7	-8.7	-19.4	551	88	89	201	173	67.25	29	25	27	28	34	53	70	78	68	57	48	34	29.725	26.8333333333333	39.3666666666667	35.6666666666667	17.0333333333333	32.325	24.5	37.4	43.8	44.4	29.9	34.1	37.1	35.8	22.3	14.6	14.2	18.6	776.9	223.8	0.9036	272.1793	301.2243	0.9214	247.266	268.3678	0.8821	154.8582	175.5551
ESQ023	-22.4	-10.4333333333333	7.9	-1.76666666666667	7.025	-24.1	-24	-19.4	-10.4	-1.5	5.2	9.6	8.9	4.4	-1.3	-8.4	-19.1	525	81	82	195	167	65.5	27	23	24	26	32	51	68	76	67	55	45	31	29.8666666666667	26.7333333333333	39.6	36	17.1333333333333	32.65	24.3	37.6	44.1	44.6	30.1	34.4	37.5	36.1	22.6	14.7	14.1	18.3	828.9	256.9	0.879	269.2068	306.275	0.8917	244.5688	274.258	0.8374	152.9037	182.593
ESQ024	-22.7	-10.7333333333333	7.66666666666667	-2.03333333333333	6.8	-24.4	-24.3	-19.7	-10.7	-1.8	5	9.4	8.6	4.2	-1.6	-8.7	-19.4	540	84	86	198	172	66.75	28	24	26	27	33	52	69	77	69	56	47	32	29.6916666666667	26.5333333333333	39.5	35.8333333333333	16.9	32.475	24.1	37.6	43.9	44.5	30.1	34.3	37.3	35.9	22.4	14.6	13.7	17.9	796.5	236.4	0.8631	261.3147	302.7633	0.8756	236.4868	270.088	0.8109	144.0535	177.6541
ESQ025	-22.5333333333333	-10.7333333333333	7.56666666666667	-2	6.725	-24.2	-24.2	-19.7	-10.7	-1.8	4.8	9.3	8.6	4.2	-1.6	-8.6	-19.2	525	81	83	194	167	65	27	23	25	26	32	51	68	75	66	55	46	31	29.6583333333333	26.4	39.4666666666667	35.7666666666667	17	32.425	23.9	37.4	44.1	44.6	29.7	34.1	37.3	35.9	22.4	14.6	14	17.9	787.5	230.4	0.8792	263.9429	300.1971	0.891	239.2137	268.466	0.8324	145.3256	174.5759
ESQ026	-22.3666666666667	-10.7333333333333	7.36666666666667	-2.13333333333333	6.525	-24.1	-23.9	-19.5	-10.8	-1.9	4.7	9	8.4	4	-1.8	-8.6	-19.1	531	89	85	194	163	64.5	30	26	26	27	32	52	68	74	64	54	45	33	29.8166666666667	26.9666666666667	39.2666666666667	35.5333333333333	17.5	32.275	24.7	37	44	44.6	29.2	33.6	37.1	35.9	22.5	14.9	15.1	19.2	761.1	211.8	0.8721	259.6007	297.663	0.8832	234.8512	265.9239	0.8172	138.7243	169.7603
ESQ027	-22.6666666666667	-11.1333333333333	7.2	-1.56666666666667	6.475	-24.4	-24.9	-20.5	-10.9	-2	4.3	8.9	8.4	4.3	-1	-8	-18.7	498	71	74	180	173	62.5	22	19	20	24	30	45	61	74	70	55	48	30	29.425	25.9333333333333	39.5	35.8	16.4666666666667	32.45	23	39.3	44.6	43.9	30	34.8	37.8	34.8	22.4	14.6	12.4	15.5	761.4	206.7	0.9339	276.6896	296.2839	0.9509	252.1125	265.1427	0.9218	152.9881	165.9731
ESQ028	-22.7	-11.1333333333333	7.2	-1.66666666666667	6.45	-24.4	-24.9	-20.5	-10.9	-2	4.3	8.9	8.4	4.2	-1.1	-8.1	-18.8	502	71	75	182	174	63	22	19	20	24	31	45	62	75	70	56	48	30	29.375	25.9	39.4333333333333	35.7666666666667	16.4	32.4	23	39.2	44.5	43.9	29.9	34.7	37.8	34.8	22.3	14.5	12.4	15.5	757.4	205.7	0.8981	265.7429	295.897	0.9107	241.1929	264.8333	0.8578	142.2963	165.8786
ESQ029	-22.7	-11.1333333333333	7.2	-1.66666666666667	6.45	-24.4	-24.9	-20.5	-10.9	-2	4.3	8.9	8.4	4.2	-1.1	-8.1	-18.8	502	71	75	182	174	63	22	19	20	24	31	45	62	75	70	56	48	30	29.375	25.9	39.4333333333333	35.7666666666667	16.4	32.4	23	39.2	44.5	43.9	29.9	34.7	37.8	34.8	22.3	14.5	12.4	15.5	757.4	205.7	0.9102	269.3159	295.8853	0.9243	244.7673	264.8262	0.8794	145.8744	165.875
ESQ030	-22.6333333333333	-11.0333333333333	7.23333333333333	-2.2	6.425	-24.3	-24.4	-20	-11.1	-2	4.5	8.9	8.3	4	-1.8	-8.8	-19.2	520	82	83	191	164	64	27	23	25	26	32	50	67	74	65	54	45	32	29.4666666666667	26.0333333333333	39.3666666666667	35.5666666666667	16.9	32.225	23.5	37.1	44.2	44.6	29.3	33.8	37.2	35.7	22.2	14.5	14	17.5	748.3	203.2	0.8795	259.2344	294.7628	0.892	234.4935	262.875	0.8296	138.1782	166.5587
ESQ031	-21.8333333333333	-10.4333333333333	7.53333333333333	-1.76666666666667	6.725	-23.5	-23.5	-19.2	-10.6	-1.5	4.8	9.2	8.6	4.3	-1.4	-8.2	-18.5	491	84	78	180	149	59.25	28	25	24	24	30	49	63	68	57	50	42	31	30.1166666666667	27.5	39.2333333333333	35.5	18.2333333333333	32.375	25.2	36.9	44.3	45	28.4	33.2	37.2	36.1	23	15.3	16.4	20.4	791.6	228.3	0.9138	272.3246	298.0074	0.9274	249.015	268.5123	0.8884	155.2396	174.7352
ESQ032	-22.7333333333333	-11.2666666666667	6.96666666666667	-2.43333333333333	6.15	-24.4	-24.5	-20.2	-11.3	-2.3	4.3	8.6	8	3.7	-2.1	-8.9	-19.3	518	83	83	191	161	63.5	27	24	25	26	32	50	67	74	63	53	45	32	29.3416666666667	25.8333333333333	39.3	35.4	16.8333333333333	32.05	23.4	36.8	44.2	44.7	29	33.4	37.1	35.7	22	14.5	14	17.3	711.4	180.4	0.8795	254.727	289.6338	0.8912	229.7921	257.8351	0.8225	129.0278	156.8699
ESQ033	-22.7333333333333	-11.2666666666667	6.96666666666667	-2.43333333333333	6.15	-24.4	-24.5	-20.2	-11.3	-2.3	4.3	8.6	8	3.7	-2.1	-8.9	-19.3	518	83	83	191	161	63.5	27	24	25	26	32	50	67	74	63	53	45	32	29.3416666666667	25.8333333333333	39.3	35.4	16.8333333333333	32.05	23.4	36.8	44.2	44.7	29	33.4	37.1	35.7	22	14.5	14	17.3	711.4	180.4	0.8795	254.727	289.6338	0.8912	229.7921	257.8351	0.8225	129.0278	156.8699
ESQ034	-22.7333333333333	-11.2666666666667	6.96666666666667	-2.43333333333333	6.15	-24.4	-24.5	-20.2	-11.3	-2.3	4.3	8.6	8	3.7	-2.1	-8.9	-19.3	518	83	83	191	161	63.5	27	24	25	26	32	50	67	74	63	53	45	32	29.3416666666667	25.8333333333333	39.3	35.4	16.8333333333333	32.05	23.4	36.8	44.2	44.7	29	33.4	37.1	35.7	22	14.5	14	17.3	711.4	180.4	0.8795	254.727	289.6338	0.8912	229.7921	257.8351	0.8225	129.0278	156.8699
ESQ035	-21.5	-10.3	7.53333333333333	-1.5	6.775	-23.1	-23.2	-19.1	-10.5	-1.3	4.8	9.1	8.7	4.5	-1.2	-7.8	-18.2	458	78	70	170	140	56	26	23	21	22	27	46	60	64	54	47	39	29	30.2	27.4666666666667	39.2666666666667	35.5666666666667	18.5	32.475	25.1	36.8	44.6	45.2	28	33	37.4	36.3	23.2	15.5	16.8	20.5	801.1	230.4	0.8966	267.1523	297.9669	0.9059	244.375	269.7563	0.8555	150.2337	175.615
ESQ036	-22.6333333333333	-11.4666666666667	6.96666666666667	-1.76666666666667	6.25	-24.3	-24.9	-20.7	-11.3	-2.4	4	8.7	8.2	4.1	-1.2	-8.2	-18.7	465	65	69	169	162	58.5	20	17	18	23	28	41	58	70	65	52	45	28	29.2	24.9	39.4666666666667	36	16.4333333333333	32.65	21.7	38.8	44.6	44.3	29.5	34.7	38.2	35.1	22.6	14.6	12.1	14.2	730	189.6	0.9106	263.7442	289.6235	0.9221	239.4195	259.6551	0.8823	140.1139	158.8017
ESQ037	-22.6666666666667	-11.4333333333333	6.9	-1.9	6.175	-24.3	-24.9	-20.6	-11.3	-2.4	4	8.6	8.1	4	-1.4	-8.3	-18.8	476	68	71	173	164	59.75	21	18	19	23	29	43	59	71	66	53	45	29	29.0916666666667	24.8333333333333	39.3666666666667	35.8	16.3666666666667	32.45	21.7	38.5	44.5	44.3	29.3	34.4	38	35	22.4	14.5	12.2	14.3	719.1	182.7	0.8998	259.5032	288.4139	0.9098	235.2184	258.526	0.8592	134.9049	157.0044
ESQ038	-22.6	-11.4666666666667	6.93333333333333	-1.76666666666667	6.225	-24.3	-24.9	-20.7	-11.3	-2.4	4	8.7	8.1	4.1	-1.2	-8.2	-18.6	464	65	69	168	162	58.25	20	17	18	23	28	41	57	70	65	52	45	28	29.1833333333333	24.8333333333333	39.4666666666667	36	16.4333333333333	32.65	21.6	38.8	44.6	44.3	29.5	34.7	38.2	35.1	22.6	14.6	12.1	14.1	726.9	186.6	0.9243	267.4636	289.3556	0.9373	243.1513	259.4213	0.8976	142.363	158.6026
ESQ039	-21.5333333333333	-10.7333333333333	7	-1.86666666666667	6.25	-23.2	-23.2	-19.3	-11	-1.9	4.3	8.5	8.2	4	-1.6	-8	-18.2	464	80	73	172	139	56.25	27	23	22	23	28	47	61	64	53	47	39	30	30.025	27	39.2666666666667	35.4	18.4333333333333	32.3	24.8	36.4	44.6	45.2	28	32.8	37.2	36.2	23	15.6	16.7	19.8	729.3	185.6	0.9102	263.203	289.1581	0.9201	240.1631	261.012	0.8768	139.5025	159.0978
ESQ040	-20.9	-10.8	6.43333333333333	-1.73333333333333	5.8	-22.5	-22.8	-19.2	-11.1	-2.1	3.7	7.9	7.7	3.9	-1.5	-7.6	-17.4	412	67	62	160	123	51.75	22	20	18	20	24	43	58	59	47	42	34	25	29.9333333333333	26	39.6	35.6333333333333	18.5	32.425	23.9	35.6	45.3	45.6	27.9	32.6	37.6	36.7	22.8	16	16.7	18.5	674.7	146.6	0.9265	261.1435	281.8499	0.934	237.4956	254.287	0.9007	131.5874	146.0997
ESQ041	-30.7333333333333	-16.7333333333333	7.8	-8.63333333333333	6.3	-32.7	-31.7	-27.6	-17.1	-5.5	4.6	10.3	8.5	1.8	-7.4	-20.3	-27.8	220	21	33	96	70	32.25	7	5	9	11	13	22	38	36	33	25	12	9	37.3583333333333	28.6	51.5	47.0333333333333	22.3	41.7	25.8	46	52.6	54.2	47.7	46.9	50.3	43.9	25.7	18.7	22.5	14	713.8	240.2	0.592	169.3252	286.0434	0.656	162.7688	248.1338	0.6415	109.2908	170.3679
WSAN001	-17.1666666666667	-8.56666666666667	9.26666666666667	-3.5	8.275	-16.5	-18.5	-15.8	-10.2	0.3	6.6	11	10.2	5.3	-4.1	-11.7	-16.5	305	40	35	138	92	45.75	13	11	11	11	13	25	44	69	45	26	21	16	42.6666666666667	44.4	52.8666666666667	38.9333333333333	34.4666666666667	38.275	35.8	56.1	56.1	53.9	48.6	43.1	40.4	33.3	36.3	35	32.1	41.3	983.9	380.2	0.9871	296.2903	300.1607	0.9875	276.8607	280.3589	0.9865	199.4189	202.154
WSAN002	-17.1666666666667	-9.76666666666667	7.6	-2.93333333333333	6.85	-16.3	-19.2	-16.9	-11.5	-0.9	5.2	9.1	8.5	4.6	-3.2	-10.2	-16	320	50	37	123	110	42.5	16	14	10	12	15	22	37	64	47	34	29	20	37.2416666666667	35.7666666666667	48.9	36.2	28.1	34.9	27.2	49.5	53	51.1	42.6	40	38.6	30	31	28.4	24.9	30.6	799.5	231.7	0.9434	256.0311	271.3936	0.9394	238.1912	253.5536	0.9286	155.3429	167.2849
WSAN003	-17.3333333333333	-9.76666666666667	7.76666666666667	-3.03333333333333	6.975	-16.5	-19.3	-16.9	-11.5	-0.9	5.3	9.3	8.7	4.6	-3.3	-10.4	-16.2	311	47	35	122	107	42	15	13	9	12	14	22	36	64	46	33	28	19	37.4833333333333	36.0333333333333	49.1666666666667	36.4	28.3333333333333	35.1	27.4	49.8	53.2	51.4	42.9	40.3	38.7	30.2	31.2	28.6	25.2	30.9	814.3	245.6	0.9399	255.887	272.2462	0.9357	237.9984	254.3576	0.9045	154.8602	171.2194
WSAN004	-17.3666666666667	-8.9	9.2	-3.3	8.225	-16.6	-18.9	-16.2	-10.6	0.1	6.5	11	10.1	5.3	-3.8	-11.4	-16.6	290	37	31	128	94	43.25	12	10	9	10	12	22	40	66	45	28	21	15	41.1416666666667	41.5	52.0666666666667	38.5	32.5	37.6	32.6	54	55.4	53.5	47.3	42.6	40.3	32.6	34.9	32.9	29.7	37.9	976.2	374.7	0.9694	284.4913	293.4664	0.9673	265.451	274.4261	0.9646	193.1324	200.2166
WSAN005	-19.2666666666667	-8.8	10	-4.3	8.9	-18.9	-20.2	-16.9	-10	0.5	7.1	12	10.9	5.6	-4.9	-13.6	-18.7	283	32	33	140	78	45.5	11	10	11	11	11	24	47	69	42	21	15	11	42.4166666666667	42.6333333333333	53.2333333333333	39.5666666666667	34.2333333333333	38.75	35.3	54.1	56.3	54.3	49.1	43.7	41	34	36.3	34.1	32.3	38.5	1059.2	449.1	0.916	279.5138	305.1536	0.9163	261.4011	285.2912	0.9129	193.1817	211.6134
WSAN006	-17.6333333333333	-9.73333333333333	8.23333333333333	-3.4	7.35	-16.8	-19.5	-17	-11.5	-0.7	5.6	9.9	9.2	4.7	-3.8	-11.1	-16.6	293	40	33	121	99	41.5	13	11	9	11	13	21	37	63	45	30	24	16	38.75	37.8333333333333	50.3666666666667	37.1333333333333	29.6666666666667	35.95	29	51.2	54.2	52.3	44.6	41.2	39.3	30.9	32.4	30	26.6	33.3	859.8	286	0.9003	249.0916	276.671	0.8933	230.9165	258.4959	0.8446	149.928	177.5074
WSAN007	-17.7	-9.83333333333333	8.13333333333333	-3.4	7.275	-16.9	-19.6	-17.1	-11.6	-0.8	5.5	9.8	9.1	4.7	-3.8	-11.1	-16.6	294	41	33	121	99	41.5	13	11	9	11	13	21	37	63	45	30	24	17	38.4416666666667	37.3666666666667	50.1333333333333	36.9666666666667	29.3	35.75	28.5	50.9	54	52.2	44.2	41	39.2	30.7	32.1	29.6	26.2	32.7	849.4	278	0.8503	233.9677	275.1446	0.8398	215.9288	257.1057	0.8068	141.8934	175.8683
WSAN008	-19.1	-9.16666666666667	9.96666666666667	-4.3	8.875	-18.6	-20.2	-17.1	-10.5	0.1	6.9	12	11	5.6	-5	-13.5	-18.5	275	31	31	135	78	44.25	10	10	10	10	11	23	45	67	42	21	15	11	41.95	42.0333333333333	52.9333333333333	39.2333333333333	33.6	38.375	34.3	53.8	56.1	54.1	48.6	43.4	40.8	33.5	35.8	33.6	31.4	38	1049.4	447	0.9063	272.3412	300.5122	0.9046	253.0125	279.7041	0.9051	188.0856	207.7989
WSAN009	-18.1	-9.53333333333333	9.26666666666667	-3.76666666666667	8.275	-17.3	-19.7	-17	-11.2	-0.4	6.3	11.2	10.3	5.3	-4.4	-12.2	-17.3	276	33	30	126	87	42.25	11	9	8	10	12	22	40	64	43	25	19	13	40.6083333333333	40.4333333333333	51.9	38.2333333333333	31.8666666666667	37.25	31.7	53.1	55.4	53.4	46.9	42.4	40.1	32.2	34.3	32.2	29.1	36.5	972.3	382.4	0.8095	233.1839	288.0683	0.797	214.933	269.667	0.7363	142.6426	193.7281
WSAN010	-18.0666666666667	-9.6	9	-3.73333333333333	8.025	-17.3	-19.7	-17	-11.3	-0.5	6.1	10.9	10	5.1	-4.3	-12	-17.2	278	35	30	124	89	41.75	11	10	8	10	12	21	39	64	43	26	20	14	40.225	39.8666666666667	51.6333333333333	38	31.4	36.975	31.1	52.7	55.1	53.3	46.5	42.1	40	31.9	33.9	31.7	28.6	35.8	941.5	356.7	0.842	239.9882	285.0345	0.8313	222.0042	267.0412	0.7814	147.9566	189.3584
WSAN011	-21.6	-9.43333333333333	9.56666666666667	-5.66666666666667	8.325	-21.6	-22.2	-18.4	-10.4	0.5	7.4	11.3	10	4.6	-6	-15.6	-21	267	36	35	128	68	40.5	12	13	13	12	10	22	45	61	34	19	15	11	41.8416666666667	41	53.1666666666667	39.5666666666667	33.6333333333333	38.65	34.5	52.4	56.2	54.3	49	43.7	41.1	33.9	35.9	33	32	36.1	988.9	392	0.8837	264.8613	299.7068	0.8875	246.5392	277.7806	0.919	189.716	206.4342
WSAN012	-22.4333333333333	-9.3	9.66666666666667	-6.03333333333333	8.35	-22.7	-22.8	-18.7	-10.2	1	7.9	11.4	9.7	4.4	-6.2	-16.3	-21.8	267	39	36	125	67	39	13	14	14	13	9	22	45	58	31	19	17	12	41.8833333333333	40.7	53.3333333333333	39.7666666666667	33.7333333333333	38.825	34.6	52	56.3	54.4	49.3	43.9	41.2	34.2	36	32.9	32.3	35.5	1000.9	397.1	0.8931	270.7955	303.2098	0.9017	253.3301	280.9337	0.9496	200.5578	211.2125
WSAN013	-19.7666666666667	-9.7	9.63333333333333	-4.7	8.525	-19.3	-20.9	-17.8	-11.1	-0.2	6.6	11.7	10.6	5.2	-5.3	-14	-19.1	260	29	30	128	73	41.75	10	9	10	10	10	21	43	64	39	20	14	10	41.2416666666667	40.6	52.6666666666667	39	32.7	38.025	32.9	52.7	55.9	54	48.1	43.2	40.7	33.1	35.1	32.5	30.5	36.2	1002.4	412.1	0.8824	257.9074	292.2713	0.8786	239.4644	272.5418	0.8819	177.2433	200.9751
WSAN014	-19.4666666666667	-10.2333333333333	9.6	-4.63333333333333	8.525	-18.8	-20.9	-18.1	-11.8	-0.8	6.2	11.8	10.8	5.3	-5.4	-13.8	-18.7	254	27	27	125	75	41	9	8	8	9	10	21	41	63	39	21	15	10	40.45	39.6333333333333	52.1666666666667	38.3666666666667	31.6333333333333	37.3	31.5	52.2	55.6	53.7	47.2	42.6	40.2	32.3	34.1	31.6	29.2	35.2	993.9	414.1	0.8783	250.8584	285.6219	0.8738	233.2956	266.9907	0.8758	170.3091	194.4532
WSAN015	-21.2	-10.5	8.83333333333333	-5.83333333333333	7.675	-20.9	-22.2	-19	-11.7	-0.8	6.2	10.7	9.6	4.2	-6.3	-15.4	-20.5	256	32	31	127	66	40.5	11	11	11	11	9	22	44	61	35	17	14	10	40.9833333333333	40.1666666666667	52.6333333333333	38.6666666666667	32.4666666666667	37.675	33	52.2	55.9	54	48	42.9	40.3	32.8	34.7	32.1	30.6	35.3	892.1	328.5	0.8875	251.9681	283.907	0.8897	233.3324	262.2605	0.9231	171.9546	186.273
WSAN016	-20.6666666666667	-10.4333333333333	9	-5.43333333333333	7.875	-20.2	-21.8	-18.7	-11.8	-0.8	6.1	11	9.9	4.5	-6	-14.8	-20	253	30	29	126	68	40.5	10	10	10	10	9	21	43	62	36	18	14	10	40.8083333333333	39.9666666666667	52.5	38.6	32.1666666666667	37.575	32.5	52.1	55.8	53.9	47.8	42.8	40.3	32.7	34.5	31.9	30.1	35.3	915.8	348.4	0.8232	233.3021	283.419	0.8189	215.6336	263.3066	0.8122	151.525	186.5508
WSAN017	-19.1666666666667	-10.6666666666667	8.76666666666667	-4.5	7.775	-18.4	-20.9	-18.3	-12.4	-1.3	5.6	10.8	9.9	4.8	-5.1	-13.2	-18.2	257	30	27	120	80	40	10	9	8	9	10	20	39	61	40	23	17	11	39.1666666666667	37.9	51.2333333333333	37.5	30.0333333333333	36.3	29.2	51.2	54.9	53.1	45.7	41.7	39.6	31.2	32.7	30.2	27.2	33.3	899.8	336.5	0.9227	252.9681	274.1648	0.9182	234.4278	255.3069	0.929	166.6751	179.4214
WSAN018	-22.6333333333333	-10.1333333333333	9.1	-6.36666666666667	7.825	-22.8	-23.2	-19.4	-11.1	0.1	7.2	10.8	9.3	4	-6.6	-16.5	-21.9	252	36	33	120	63	37.5	12	13	12	12	9	21	43	56	30	18	15	11	41.3083333333333	39.8	53.1	39.4	32.9333333333333	38.375	33.5	51.4	56.2	54.3	48.8	43.6	41	33.6	35.3	32.1	31.4	34.5	923	343.1	0.8568	249.5478	291.2634	0.8629	232.688	269.649	0.905	178.4943	197.235
WSAN019	-28.2333333333333	-10.9666666666667	8.96666666666667	-11.1	6.875	-29.5	-28.3	-22.6	-11.6	1.3	8.9	10.6	7.4	0.6	-10.8	-23.1	-26.9	308	60	44	140	64	41.25	23	17	20	13	11	36	49	55	25	19	20	20	40.2083333333333	38.8333333333333	52.4	37.4	32.2	36.45	35.5	49.5	55.9	53.3	48	41.6	38.7	31.9	33.6	30	33	31.5	856.8	314	0.79	235.9794	298.7139	0.8389	220.914	263.3334	0.8592	165.5641	192.6875
WSAN020	-19.6666666666667	-10.7666666666667	9.13333333333333	-4.8	8.075	-18.9	-21.3	-18.6	-12.4	-1.3	5.8	11.3	10.3	4.9	-5.5	-13.8	-18.8	248	27	27	120	74	39.5	9	8	8	9	10	20	39	61	38	21	15	10	39.6	38.3	51.6666666666667	37.8666666666667	30.5666666666667	36.7	29.9	51.3	55.2	53.5	46.3	42.1	39.9	31.6	33.2	30.6	27.9	33.7	934.8	369.3	0.875	242.5115	277.1542	0.8685	223.897	257.7962	0.8849	163.5202	184.7945
WSAN021	-19.7	-11.3666666666667	8.1	-4.83333333333333	7.125	-18.8	-21.6	-19.1	-13.1	-1.9	5	10.1	9.2	4.2	-5.4	-13.3	-18.7	245	28	25	115	77	38.25	9	8	7	8	10	19	37	59	38	22	17	11	37.8583333333333	35.7333333333333	50.4666666666667	36.8	28.4333333333333	35.45	27	49.5	54.3	52.7	44.4	41	39.1	30.3	31.4	28.5	25.4	30.7	817.1	276.1	0.935	245.3857	262.4493	0.931	226.6589	243.4488	0.9483	155.9179	164.4197
WSAN022	-20.2	-11.2666666666667	8.76666666666667	-5.23333333333333	7.7	-19.5	-21.8	-19.2	-12.9	-1.7	5.5	10.9	9.9	4.5	-5.9	-14.3	-19.3	237	26	25	117	69	38.25	9	8	8	8	9	19	39	59	36	19	14	9	39.2	37.6	51.5	37.6333333333333	30.0666666666667	36.4	29.3	50.7	55.1	53.4	46	41.9	39.7	31.3	32.7	30	27.5	32.8	885.9	333.8	0.8995	243.3342	270.5281	0.8967	225.4758	251.4507	0.9325	165.8332	177.8423
WSAN023	-26.9666666666667	-13.4666666666667	6.5	-10.3	4.975	-27.5	-27.8	-23.8	-14.3	-2.3	5.2	8.2	6.1	0.4	-10.1	-21.2	-25.6	269	50	41	126	52	36.25	18	17	18	14	9	27	47	52	19	15	18	15	39.7666666666667	39	51.9666666666667	36.8666666666667	31.2333333333333	35.825	33.6	50.7	55.7	53.3	46.9	41.3	38.4	30.9	32.7	30.3	30.7	32.7	581.2	122.6	0.8335	217.9546	261.4885	0.8786	200.3189	228.0069	0.9491	130.7611	137.7763
WSAN024	-26.6	-12.4333333333333	7.66666666666667	-9.46666666666667	6.1	-27.3	-27.3	-23	-13.3	-1	6.4	9.4	7.2	1.4	-9.2	-20.6	-25.2	274	49	38	123	64	36.5	18	16	16	13	9	25	45	53	23	22	19	15	40.1916666666667	38.9666666666667	52.4	37.7333333333333	31.6666666666667	36.675	33.5	50.6	55.9	53.7	47.6	42.1	39.3	31.8	33.5	30.7	30.8	32.8	717.1	208.7	0.7811	213.2477	272.9934	0.8237	201.4019	244.5093	0.8586	140.1241	163.2091
WSAN025	-26.1333333333333	-12.8333333333333	6.8	-9.6	5.35	-26.6	-26.8	-22.8	-13.8	-1.9	5.5	8.4	6.5	1	-9.6	-20.2	-25	256	47	38	120	51	35	17	16	16	13	9	25	45	50	20	14	17	14	39.9583333333333	38.7333333333333	52.2333333333333	37.4333333333333	31.4333333333333	36.375	33.3	50.4	55.8	53.6	47.3	41.8	39	31.5	33.2	30.3	30.8	32.5	621.7	143.1	0.7279	192.6224	264.616	0.8053	188.2209	233.7243	0.8611	127.4392	147.9884
WSAN026	-27.2333333333333	-10.5	9.66666666666667	-10.1666666666667	7.625	-28.4	-27.3	-21.8	-11.3	1.6	9.5	11.3	8.2	1.5	-10.1	-21.9	-26	299	55	42	130	72	39.75	20	16	18	13	11	32	45	53	29	23	20	19	40.2166666666667	38.0333333333333	52.7333333333333	38.0666666666667	32.0333333333333	37.025	34.2	49.1	56	53.8	48.4	42.3	39.5	32.4	33.9	29.7	32.5	30.8	942.8	376.1	0.7825	234.6952	299.9489	0.8177	221.1709	270.49	0.8343	171.9246	206.0657
WSAN027	-24.4	-12.5666666666667	7	-8.36666666666667	5.725	-24.5	-25.3	-21.9	-13.7	-2.1	5.1	8.7	7.2	1.9	-8.6	-18.4	-23.4	241	38	34	117	52	35.25	13	14	14	12	8	22	43	52	24	14	14	11	39.9833333333333	38.6	52.2666666666667	37.7333333333333	31.3333333333333	36.65	32.4	50.6	55.8	53.7	47.3	42.1	39.4	31.7	33.4	30.5	30.1	32.8	656.4	164.1	0.8839	232.211	262.7123	0.9054	213.5872	235.8918	0.973	145.2837	149.3157
WSAN028	-22.5	-12.7333333333333	7.06666666666667	-7.23333333333333	5.975	-22	-23.9	-21.1	-14.2	-2.9	4.3	9	7.9	2.7	-7.8	-16.6	-21.6	240	32	30	121	57	37.75	11	11	12	10	8	21	43	57	30	14	13	10	39.325	38.2	51.6666666666667	37.0666666666667	30.3666666666667	35.925	30.8	50.9	55.4	53.4	46.2	41.4	39	30.8	32.5	30.1	28.5	32.9	676.4	184	0.7832	200.1314	255.5412	0.7832	181.1514	231.2905	0.7557	107.2775	141.967
WSAN029	-19.7	-11.6	7.73333333333333	-4.6	6.825	-18.8	-21.8	-19.3	-13.4	-2.1	4.8	9.6	8.8	4.1	-5	-12.9	-18.5	242	28	24	108	82	36.75	9	8	6	8	10	17	34	57	39	25	18	11	36.3416666666667	33.1	49.5	36.2	26.5666666666667	34.625	24.2	47.6	53.6	52.1	42.8	40.3	38.8	29.5	29.9	26.6	23.2	27.5	780.6	244.6	0.8748	223.5992	255.6001	0.8657	206.3132	238.3076	0.859	135.6565	157.9294
WSAN030	-20.2333333333333	-12	7.63333333333333	-5.3	6.675	-19.4	-22.2	-19.7	-13.8	-2.5	4.5	9.6	8.8	3.8	-5.9	-13.8	-19.1	239	27	24	114	74	37.75	9	8	7	8	9	19	37	58	37	21	16	10	37.3	34.9333333333333	50.2	36.3333333333333	27.7333333333333	34.925	26.2	48.9	54.2	52.6	43.8	40.6	38.7	29.7	30.7	27.8	24.7	29.7	759.3	237.8	0.9168	233.108	254.2512	0.913	215.2032	235.7099	0.9453	143.2826	151.5764
WSAN031	-20.7666666666667	-11.9333333333333	8.16666666666667	-5.73333333333333	7.125	-20	-22.5	-19.9	-13.6	-2.3	4.9	10.3	9.3	4	-6.4	-14.8	-19.8	234	26	25	116	67	37.75	9	8	8	8	9	19	39	58	35	18	14	9	38.7083333333333	36.9666666666667	51.2666666666667	37.1666666666667	29.4333333333333	35.9	28.7	50.3	55	53.3	45.5	41.5	39.2	30.8	32.1	29.4	26.8	31.9	812.8	281.8	0.8717	228.8095	262.4895	0.8682	209.6303	241.4446	0.9101	149.334	164.0905
WSAN032	-26.2333333333333	-13.2	6.43333333333333	-9.83333333333333	5	-26.7	-26.9	-23.2	-14.1	-2.3	5.1	8.1	6.1	0.7	-9.9	-20.3	-25.1	247	44	37	118	48	34.25	16	15	16	13	8	24	45	49	19	13	16	13	39.775	38.4333333333333	52.1333333333333	37.3	31.2333333333333	36.225	33	50.2	55.7	53.5	47.2	41.7	38.8	31.4	33	30.1	30.6	32.1	580.2	118.1	0.7508	195.3211	260.1552	0.8346	190.5072	228.2552	0.9152	127.1632	138.953
WSAN033	-28.1333333333333	-14.3	5.73333333333333	-11.6	4.125	-28.7	-28.9	-24.8	-15.2	-2.9	4.7	7.4	5.1	-0.7	-11.5	-22.6	-26.8	265	53	41	126	45	35.5	20	17	19	13	9	29	47	50	16	12	17	16	39.2416666666667	38.4333333333333	51.6666666666667	36.1666666666667	30.7	35.125	33.6	50.1	55.5	53	46.5	40.6	37.7	30.2	32	29.4	30.7	31.6	492.2	71.9	0.8042	205.2509	255.2243	0.8577	185.4607	216.2408	0.8924	105.1858	117.8666
WSAN035	-20.4666666666667	-12.3666666666667	7.4	-5.53333333333333	6.45	-19.6	-22.5	-20.1	-14.2	-2.8	4.3	9.4	8.5	3.6	-6.1	-14.1	-19.3	237	27	24	114	72	37.5	9	8	7	8	9	19	37	58	36	20	16	10	37.025	34.6	50	36.1	27.4	34.65	25.9	48.7	54.1	52.4	43.5	40.4	38.5	29.4	30.3	27.5	24.4	29.2	731.1	218.8	0.9235	231.3241	250.4798	0.9212	213.3323	231.5872	0.9537	140.0422	146.8377
WSAN036	-26.2666666666667	-12.5666666666667	7.56666666666667	-9.33333333333333	6.025	-27.1	-27	-22.6	-13.6	-1.5	6.4	9.2	7.1	1.4	-9.3	-20.1	-24.7	148	19	16	80	33	24	8	5	5	4	7	21	28	31	16	10	7	6	37.7	28.6	51.5	41.9	28.8	40.15	25.2	42	53.5	52.5	48.5	44.3	43.3	38.1	34.9	25.1	26.4	18.6	702.6	199.8	0.5334	147.8259	277.1222	0.5947	147.7212	248.3838	0.579	97.5826	168.5421
WSAN037	-26.7	-11.4	7.7	-9.96666666666667	6.05	-27.2	-26.7	-21.7	-12.2	-0.3	7.1	9.1	6.9	1.1	-10.2	-20.8	-26.2	162	30	20	88	24	25.25	12	8	9	5	6	23	32	33	13	2	9	10	39.3833333333333	35.1	52.4333333333333	38.8	31.2	37.675	32	46.4	55.5	53.4	48.4	42.4	40.3	33.7	34.3	27.4	31.9	26.9	723	207.4	0.5777	161.8726	280.2038	0.6492	161.6956	249.0639	0.6475	109.4467	169.0285
WSAN038	-21.5666666666667	-12.5	7.56666666666667	-6.43333333333333	6.5	-20.9	-23.2	-20.6	-14.1	-2.8	4.5	9.6	8.6	3.3	-7	-15.6	-20.6	229	27	25	116	61	37	9	9	9	8	8	19	40	57	32	16	13	9	38.6416666666667	36.8	51.3333333333333	37.0666666666667	29.3666666666667	35.775	28.8	50	55.1	53.3	45.6	41.4	39.1	30.7	31.9	29.2	27	31.6	737.2	228.1	0.8983	229.2794	255.2426	0.9003	210.6951	234.0238	0.9782	146.8316	150.0998
WSAN039	-26.4666666666667	-13.8	6.03333333333333	-10.0666666666667	4.625	-26.8	-27.4	-23.7	-14.8	-2.9	4.6	7.7	5.8	0.4	-10.1	-20.5	-25.2	243	44	36	116	47	33.5	16	15	16	12	8	24	44	48	18	13	16	13	39.4166666666667	38.0333333333333	51.9333333333333	36.9666666666667	30.7333333333333	35.85	32.4	50	55.6	53.4	46.8	41.4	38.6	30.9	32.5	29.7	30	31.7	535.5	92.5	0.7654	194.1017	253.6073	0.8332	183.6182	220.3763	0.8972	110.126	122.7398
WSAN040	-22.7	-12.3666666666667	7.26666666666667	-6.93333333333333	6.175	-22.4	-23.9	-21	-13.7	-2.4	4.9	9	7.9	2.9	-7.3	-16.4	-21.8	224	30	29	109	56	34	10	11	11	10	8	18	40	51	27	16	13	9	39.5916666666667	37.5333333333333	52.1666666666667	38.0666666666667	30.6	36.85	30.3	50.2	55.6	53.9	47	42.4	40	31.8	33.2	30	28.6	32.1	701.6	192.7	0.8638	223.7542	259.0278	0.8775	207.4423	236.4073	0.986	151.5723	153.7251
WSAN041	-26.9666666666667	-10.9666666666667	9.16666666666667	-10.2333333333333	7.2	-27.9	-27.2	-22	-11.9	1	8.9	10.8	7.8	1.3	-10.3	-21.7	-25.8	289	52	41	126	70	39	19	15	17	13	11	31	44	51	30	21	19	18	39.925	37.6333333333333	52.6	37.8333333333333	31.6333333333333	36.775	33.6	48.9	56	53.8	48	42.1	39.4	32	33.6	29.3	32	30.4	882.2	330.7	0.8176	237.8362	290.9063	0.8483	222.9737	262.8467	0.8643	166.7968	192.9882
WSAN042	-23.1333333333333	-13.0333333333333	6.83333333333333	-7.63333333333333	5.7	-22.7	-24.5	-21.7	-14.4	-3	4.3	8.7	7.5	2.3	-8.1	-17.1	-22.2	224	29	29	113	53	35	10	10	11	10	8	19	41	53	27	14	12	9	39.15	37.3666666666667	51.8333333333333	37.3	30.1	36.075	30.2	50.1	55.5	53.6	46.4	41.7	39.2	31	32.4	29.6	28.3	31.8	645.5	162.4	0.8682	219.3369	252.6349	0.8786	199.696	227.2907	0.9687	134.0779	138.4162
WSAN043	-26.9666666666667	-13.5333333333333	5.9	-10.5333333333333	4.45	-27.3	-27.7	-23.6	-14.5	-2.5	4.9	7.3	5.5	0.1	-10.8	-20.9	-25.9	132	25	16	73	18	20.75	11	7	7	4	5	19	27	27	10	2	6	7	38.2833333333333	32.1666666666667	51.7666666666667	39.4666666666667	29.7333333333333	38.075	29	44.5	54.6	52.8	47.9	42.6	41	34.8	33.9	26	29.3	23	520.2	78.3	0.5063	131.8315	260.3665	0.5849	131.7881	225.3056	0.5814	75.0735	129.1246
WSAN044	-27	-13.5666666666667	5.9	-10.5333333333333	4.45	-27.3	-27.7	-23.6	-14.5	-2.6	4.9	7.3	5.5	0.1	-10.8	-20.9	-26	133	25	16	73	19	21	11	7	7	4	5	19	27	27	11	2	6	7	38.2833333333333	32.2	51.7666666666667	39.4333333333333	29.7333333333333	38.05	29	44.5	54.6	52.8	47.9	42.6	40.9	34.8	33.9	26	29.3	23.1	519.6	78.3	0.511	132.8481	260.0006	0.5901	132.7998	225.0595	0.5894	76.051	129.0403
WSAN045	-23.9666666666667	-13.8666666666667	5.93333333333333	-8.5	4.8	-23.7	-25.3	-22.6	-15.2	-3.8	3.6	7.7	6.5	1.4	-8.9	-18	-22.9	226	34	30	113	49	34.25	12	12	13	10	7	20	42	51	24	12	13	10	38.8666666666667	37.2666666666667	51.6	36.8	29.8	35.575	30.3	50	55.4	53.4	46	41.2	38.7	30.5	31.9	29.3	28.2	31.5	543	99.3	0.8112	197.5918	243.5915	0.8237	177.8344	215.8898	0.7972	90.6511	113.7159
WSAN046	-27.3666666666667	-13.3333333333333	6	-10.9666666666667	4.45	-27.7	-27.8	-23.5	-14.3	-2.2	5.2	7.4	5.4	-0.2	-11.2	-21.5	-26.6	145	28	19	81	17	22.5	12	8	9	5	5	21	30	30	9	1	7	8	38.575	33.9333333333333	51.9	38.3	30.1666666666667	37.075	30.8	45.7	55.1	52.9	47.7	41.8	39.9	33.2	33.4	26.5	30.6	25.3	526.6	84.2	0.5566	144.822	260.1942	0.6434	144.8191	225.0781	0.6701	88.8788	132.6304
WSAN047	-25.6666666666667	-12.7333333333333	7.56666666666667	-8.6	6.15	-26.1	-26.7	-23	-13.7	-1.5	6	9.3	7.4	1.9	-8.4	-19.3	-24.2	251	40	34	110	67	33.75	14	13	14	12	8	20	40	50	25	24	18	13	39.9	37.8	52.5	38.2333333333333	31.0666666666667	37.025	31.4	50.1	55.9	54.1	47.5	42.7	40	32	33.4	30.3	29.5	31.9	713	203.7	0.8624	228.9707	265.4962	0.8888	214.3988	241.2339	0.9486	151.8202	160.0479
WSAN048	-27.7666666666667	-12.2666666666667	7.96666666666667	-11.3333333333333	6	-28.6	-28.1	-23.2	-13.3	-0.3	7.7	9.5	6.7	0.1	-11.4	-22.7	-26.6	262	50	37	122	53	36.25	19	14	17	11	9	32	43	47	23	14	16	17	39.2916666666667	36.9333333333333	52.2	37.1	30.9333333333333	36.025	33.2	48.3	55.8	53.4	47.4	41.3	38.7	31.3	32.8	28.4	31.6	29.3	730.9	228	0.7381	204.7666	277.4073	0.8083	197.1679	243.9327	0.8273	140.4439	169.765
WSAN049	-26.9333333333333	-14.3333333333333	5.5	-10.4666666666667	4.1	-27.2	-28.1	-24.2	-15.5	-3.3	4.3	7	5.2	-0.1	-10.6	-20.7	-25.5	135	22	16	76	21	21.75	10	6	6	4	6	20	28	28	11	4	6	6	37.6666666666667	30.1333333333333	51.4333333333333	40.2333333333333	28.8666666666667	38.65	26.8	43.1	54	52.5	47.8	43	41.8	35.9	33.9	25.2	27.5	20.5	477.3	57.2	0.5323	134.8112	253.2723	0.6136	134.7702	219.6449	0.6088	67.5524	110.9629
WSAN050	-27.3666666666667	-13.9	5.56666666666667	-11.0333333333333	4.075	-27.6	-28.1	-24	-14.9	-2.8	4.6	7	5.1	-0.4	-11.3	-21.4	-26.4	136	26	17	77	16	21.5	12	7	8	4	5	20	29	28	9	1	6	7	38.3083333333333	33	51.7666666666667	38.6333333333333	29.8333333333333	37.35	29.8	45.1	54.9	52.8	47.6	42	40.2	33.7	33.5	26.1	29.9	24.1	481.2	58.4	0.5322	135.7669	255.1173	0.6161	135.7342	220.3273	0.6221	71.4176	114.7948
WSAN051	-27.2333333333333	-12.0333333333333	7.73333333333333	-11	5.875	-27.8	-27.4	-22.5	-13.1	-0.5	7.4	9.2	6.6	0.3	-11.3	-22	-26.5	223	41	31	113	38	33	16	11	14	9	8	30	41	42	19	7	12	14	39.275	36.4	52.3	37.4	31	36.325	32.9	47.7	55.9	53.4	47.6	41.5	39	31.7	33.1	27.9	32	28.6	709.8	209.3	0.6079	167.8836	276.1621	0.6904	167.6072	242.7538	0.6679	111.2795	166.6039
WSAN052	-26.3	-11.6333333333333	8.8	-8.8	7.15	-27.1	-27	-22.5	-12.5	0.1	7.8	10.5	8.1	2.2	-8.5	-20.1	-24.8	252	40	33	107	72	33.25	15	12	13	11	9	21	39	47	26	28	18	13	40.1416666666667	37.2	52.9333333333333	38.9	31.5333333333333	37.7	31.7	49.1	56.1	54.4	48.3	43.2	40.6	32.9	34.1	30	30.5	30.8	852.1	301.7	0.8385	236.1283	281.611	0.8594	222.1286	258.4778	0.8902	165.4839	185.9009
WSAN053	-25.1	-12.7666666666667	7.26666666666667	-8.3	5.95	-25.4	-26.1	-22.6	-13.8	-1.9	5.7	8.9	7.2	2	-8.3	-18.6	-23.8	216	33	28	99	56	30.25	12	11	11	10	7	18	37	44	22	19	15	10	39.675	36.8	52.6	38.5	30.8	37.25	30.5	49.2	55.9	54.3	47.6	42.9	40.3	32.3	33.5	29.6	29.3	30.7	684	180.8	0.8048	210.564	261.6291	0.8438	200.2287	237.282	0.911	141.2916	155.0898
WSAN054	-26.8666666666667	-11.8333333333333	7.76666666666667	-10.2333333333333	6.05	-27.3	-27.1	-22.3	-12.8	-0.4	7.3	9.2	6.8	0.9	-10.5	-21.1	-26.2	184	33	23	96	32	28.25	13	9	10	6	7	24	35	37	17	5	10	11	39.3333333333333	35.4333333333333	52.6	38.3333333333333	30.9666666666667	37.175	31.9	46.9	55.9	53.7	48.2	42.2	40	32.8	33.7	27.5	31.7	27.5	724.2	212.3	0.6681	183.7443	275.0311	0.7472	183.2113	245.1809	0.7555	126.8461	167.8996
WSAN055	-24.9	-13.1666666666667	6.76666666666667	-8.43333333333333	5.5	-25	-26	-22.7	-14.3	-2.5	5.1	8.4	6.8	1.7	-8.6	-18.4	-23.7	211	32	28	98	53	30	11	11	11	10	7	17	37	44	22	17	14	10	39.4166666666667	36.6	52.4	38.2333333333333	30.4333333333333	36.95	30.1	49.2	55.8	54.1	47.3	42.6	40.1	32	33.1	29.3	28.9	30.5	628.1	144.5	0.8144	206.915	254.0715	0.8547	195.9951	229.3075	0.9357	136.053	145.4025
WSAN056	-26.7	-11.1666666666667	9	-9.9	7.125	-27.4	-27	-21.9	-12.3	0.7	8.7	10.5	7.8	1.5	-10.1	-21.1	-25.7	229	38	30	106	55	32.75	14	10	12	9	9	26	37	43	25	16	14	14	39.6	35.8666666666667	52.8666666666667	38.5333333333333	31.1333333333333	37.35	31.9	47.4	56.1	54.1	48.4	42.7	40.2	32.7	33.8	28.1	31.5	28.3	865.4	315.6	0.6579	187.9474	285.6867	0.6834	177.2528	259.3863	0.6529	124.5839	190.8206
WSAN057	-26.8	-11.7666666666667	8.06666666666667	-10.1333333333333	6.325	-27.2	-27.1	-22.3	-12.8	-0.2	7.6	9.5	7.1	1.1	-10.4	-21.1	-26.1	192	33	24	97	38	29	13	9	10	7	7	24	35	38	19	8	11	11	39.3916666666667	35.4	52.7333333333333	38.4666666666667	30.9666666666667	37.3	31.7	46.9	56	53.9	48.3	42.4	40.2	32.8	33.8	27.5	31.6	27.6	758.1	236.4	0.6909	191.7105	277.4609	0.7676	190.8113	248.5696	0.779	134.6886	172.9045
WSAN058	-27.8	-14.5	5.23333333333333	-11.4666666666667	3.725	-28	-28.6	-24.6	-15.6	-3.3	4.3	6.7	4.7	-0.8	-11.8	-21.8	-26.8	138	27	17	79	15	21.5	12	7	8	4	5	20	30	29	7	2	6	8	38.1166666666667	33.1333333333333	51.7666666666667	38.0666666666667	29.5	36.775	29.7	45.3	55.1	52.9	47.3	41.6	39.7	32.9	32.9	25.9	29.7	24.4	444	41.1	0.5526	137.7012	249.1795	0.6489	137.6999	212.1924	0.6599	63.7161	96.5518
WSAN059	-26.7666666666667	-11.1666666666667	9.16666666666667	-9.83333333333333	7.275	-27.5	-27.1	-22.1	-12.2	0.8	8.8	10.7	8	1.6	-10	-21.1	-25.7	230	38	30	105	57	32.5	14	10	12	9	9	25	37	43	25	17	15	14	39.625	35.7333333333333	52.9	38.7666666666667	31.1	37.55	31.6	47.4	56.1	54.2	48.4	42.9	40.5	32.9	33.9	28.1	31.3	28.2	884.3	330.3	0.7093	203.4544	286.8501	0.7455	194.3931	260.764	0.7473	145.944	195.3003
WSAN060	-26.6666666666667	-10.9666666666667	9.36666666666667	-9.6	7.475	-27.4	-27	-21.9	-12	1	9	10.9	8.2	1.8	-9.7	-20.9	-25.6	232	38	30	104	60	32.5	14	10	12	9	9	25	36	43	26	19	15	14	39.7	35.7666666666667	52.9666666666667	38.8666666666667	31.2	37.65	31.6	47.4	56.1	54.3	48.5	43	40.6	33	34	28.3	31.3	28.3	910.1	348.5	0.748	215.8405	288.566	0.7773	204.4338	262.9903	0.7814	156.2231	199.9346
WSAN061	-26.8666666666667	-11.5	9.06666666666667	-9.5	7.25	-27.6	-27.4	-22.6	-12.5	0.6	8.6	10.6	8	1.8	-9.5	-20.8	-25.6	219	34	27	97	61	30.5	13	9	10	9	8	22	34	41	25	21	15	12	39.5916666666667	35.3	53.0666666666667	39.1	30.9	37.8	30.7	47.2	56.2	54.5	48.5	43.3	40.9	33.1	33.9	28.2	30.6	28	875.8	322	0.7985	225.3723	282.2389	0.832	215.0462	258.4803	0.8533	164.2398	192.4711
WSAN062	-26.4	-10.9666666666667	9.4	-9.23333333333333	7.575	-27	-26.8	-21.9	-12	1	9	10.9	8.3	2.1	-9.4	-20.4	-25.4	213	32	26	96	59	30.5	12	8	10	8	8	22	34	40	26	19	14	12	39.675	35.0666666666667	53.1666666666667	39.4	31.0666666666667	38.1	30.7	46.9	56.2	54.5	48.8	43.5	41.2	33.5	34.2	28.1	30.9	27.6	919.3	352.4	0.7302	209.653	287.1288	0.7637	201.3959	263.7265	0.7725	154.9336	200.5715
WSAN063	-26.7	-12.0333333333333	7.96666666666667	-9.8	6.3	-27	-27.2	-22.6	-13.1	-0.4	7.4	9.4	7.1	1.3	-10.1	-20.6	-25.9	171	27	20	86	38	26	11	7	8	6	6	20	31	35	18	10	10	9	39.2333333333333	34.3333333333333	52.8666666666667	39.1	30.6333333333333	37.8	30.4	46.2	56	54.1	48.5	43	40.9	33.4	33.9	27.1	30.9	26.4	749.8	228.7	0.625	170.6702	273.0746	0.685	168.9074	246.578	0.6686	115.487	172.7327
WSAN064	-26.6	-12.0333333333333	8.53333333333333	-9.13333333333333	6.875	-27.3	-27.4	-22.9	-13	-0.2	7.8	10.1	7.7	1.9	-9	-20.3	-25.1	216	32	26	94	64	29.75	12	9	10	9	7	19	34	41	25	24	15	11	39.5833333333333	35.4333333333333	53.0333333333333	39.1	30.7666666666667	37.775	30.1	47.7	56.2	54.6	48.3	43.4	41	32.9	33.8	28.6	29.9	28.5	816.6	276.9	0.8062	221.0436	274.1647	0.8332	210.2161	252.3037	0.8632	156.4905	181.2998
WSAN065	-26.4333333333333	-11.4	8.9	-9.33333333333333	7.15	-26.9	-26.9	-22.1	-12.5	0.4	8.4	10.4	7.9	1.9	-9.6	-20.3	-25.5	189	28	22	90	49	28.25	11	7	8	7	7	21	32	37	23	15	11	10	39.475	34.5	53.1333333333333	39.4333333333333	30.8333333333333	38.125	30.3	46.4	56.2	54.5	48.7	43.4	41.3	33.6	34.2	27.5	30.8	26.8	859.1	307.8	0.6747	188.8219	279.8791	0.7202	185.3304	257.3421	0.7201	136.4727	189.5218
WSAN066	-28	-18.0333333333333	2.43333333333333	-12.1	1.275	-27.6	-30.1	-27.6	-19.5	-7	0.9	3.8	2.6	-2.2	-12.4	-21.7	-26.3	129	24	17	74	14	20.25	12	7	8	4	5	19	29	26	7	2	5	5	36.7	29.3666666666667	51	39	27.4333333333333	37.275	25.7	42.9	54	52.4	46.6	42	40.7	34.3	32.1	23.9	26.3	19.5	194.8	0	0.5934	128.7164	216.9058	0.7532	128.712	170.8849	0	0	0
WSAN067	-27.8666666666667	-18.0333333333333	2.43333333333333	-12.0333333333333	1.275	-27.4	-30	-27.6	-19.5	-7	0.9	3.8	2.6	-2.2	-12.3	-21.6	-26.2	128	24	17	72	15	20	12	7	8	4	5	18	28	26	8	2	5	5	36.8083333333333	29.5333333333333	51.1	39.0333333333333	27.5666666666667	37.325	25.9	43	54.1	52.5	46.7	42.1	40.7	34.3	32.2	24	26.5	19.7	194.8	0	0.5888	127.7164	216.9202	0.7473	127.7126	170.8922	0	0	0
WSAN068	-27.6	-17.8666666666667	2.83333333333333	-11.5666666666667	1.7	-27.2	-29.8	-27.4	-19.4	-6.8	1.2	4.2	3.1	-1.7	-11.8	-21.2	-25.8	131	22	16	73	20	20.75	11	6	7	4	5	18	28	27	10	4	6	5	36.675	28.4333333333333	51.1333333333333	39.8666666666667	27.2666666666667	38.025	24.6	42.3	53.9	52.5	47	42.7	41.6	35.3	32.5	23.7	25.6	18.4	229.6	0	0.5996	130.7289	218.0179	0.739	130.7222	176.8804	0	0	0
WSAN069	-25.7666666666667	-13.8666666666667	6.23333333333333	-9.16666666666667	4.925	-26	-26.9	-23.7	-15	-2.9	4.9	7.7	6.1	1	-9.2	-19.3	-24.4	184	28	23	85	48	26.25	10	9	9	8	6	15	33	37	20	16	12	9	38.9416666666667	35.1	52.4666666666667	38.3333333333333	29.8666666666667	36.95	29	47.8	55.8	54.3	47.3	42.7	40.3	32	32.8	28.3	28.5	28.5	563.4	102.8	0.759	186.9084	246.2644	0.8154	180.5581	221.431	0.8829	117.3248	132.884
WSAN070	-26.3666666666667	-11.3333333333333	9.13333333333333	-9.13333333333333	7.375	-26.9	-26.9	-22.1	-12.5	0.6	8.7	10.6	8.1	2.1	-9.3	-20.2	-25.3	193	27	22	89	55	28.5	10	7	8	7	7	20	31	38	25	18	12	10	39.525	34.4333333333333	53.2333333333333	39.6333333333333	30.8	38.275	29.9	46.5	56.2	54.7	48.8	43.7	41.5	33.7	34.2	27.6	30.6	26.9	888	328.4	0.6835	192.83	282.1177	0.717	185.9973	259.3948	0.7115	138.2105	194.2545
WSAN071	-26.4	-11.4666666666667	8.96666666666667	-9.26666666666667	7.2	-26.9	-26.9	-22.2	-12.6	0.4	8.5	10.4	8	1.9	-9.5	-20.2	-25.4	186	27	21	88	50	27.75	10	7	7	7	7	20	31	37	23	16	11	10	39.4416666666667	34.2666666666667	53.2	39.5666666666667	30.7333333333333	38.225	29.9	46.3	56.2	54.6	48.8	43.6	41.4	33.7	34.2	27.4	30.6	26.6	865.3	313	0.6526	182.3864	279.4583	0.6927	178.4606	257.6451	0.6813	129.3061	189.7997
WSAN072	-27.0666666666667	-12.6666666666667	7.96666666666667	-9.76666666666667	6.275	-27.7	-27.9	-23.6	-13.7	-0.7	7.3	9.5	7.1	1.2	-9.7	-20.8	-25.6	200	32	24	90	54	28	12	9	9	8	7	19	33	38	22	19	13	11	39.2166666666667	34.8	52.9	38.8333333333333	30.3333333333333	37.475	29.7	47.1	56.1	54.5	48.1	43.1	40.7	32.7	33.4	27.9	29.7	27.6	744.2	228.9	0.7702	206.1904	267.7185	0.8132	197.6637	243.0749	0.8352	141.6396	169.5868
WSAN073	-27.0666666666667	-12.6666666666667	7.96666666666667	-9.76666666666667	6.275	-27.7	-27.9	-23.6	-13.7	-0.7	7.3	9.5	7.1	1.2	-9.7	-20.8	-25.6	200	32	24	90	54	28	12	9	9	8	7	19	33	38	22	19	13	11	39.2166666666667	34.8	52.9	38.8333333333333	30.3333333333333	37.475	29.7	47.1	56.1	54.5	48.1	43.1	40.7	32.7	33.4	27.9	29.7	27.6	744.2	228.9	0.7702	206.1904	267.7185	0.8132	197.6637	243.0749	0.8352	141.6396	169.5868
WSAN074	-26.5	-11.4666666666667	9.03333333333333	-9.26666666666667	7.275	-27	-27.1	-22.3	-12.6	0.5	8.6	10.5	8	2	-9.4	-20.4	-25.4	191	27	22	88	54	28	10	7	8	7	7	19	31	38	24	18	12	10	39.4583333333333	34.4	53.2	39.5333333333333	30.7	38.175	29.9	46.5	56.2	54.7	48.7	43.6	41.4	33.6	34.1	27.6	30.4	26.8	875.1	319.3	0.6813	190.6668	279.8637	0.7201	185.8697	258.1169	0.721	139.4266	193.3693
WSAN075	-26.1333333333333	-13.5	6.9	-9.1	5.5	-26.5	-27.2	-23.6	-14.7	-2.2	5.8	8.4	6.5	1.3	-9.1	-19.5	-24.7	182	26	22	82	52	25.75	9	8	8	8	6	15	31	36	21	19	12	9	39.0416666666667	34.6666666666667	52.7666666666667	38.7666666666667	29.9666666666667	37.35	28.8	47.3	56	54.6	47.7	43.1	40.8	32.4	33.1	28.1	28.7	27.9	633.7	148.8	0.7271	183.6675	252.6194	0.7835	180.0163	229.7689	0.8363	125.5631	150.1373
WSAN076	-25.4666666666667	-14.1333333333333	6.03333333333333	-8.96666666666667	4.775	-25.6	-26.8	-23.8	-15.3	-3.3	4.6	7.5	6	1	-9	-18.9	-24	174	24	22	81	47	25.25	8	8	8	8	6	14	31	36	20	16	11	8	38.7333333333333	34.5333333333333	52.4666666666667	38.4	29.5333333333333	36.95	28.2	47.5	55.8	54.4	47.2	42.8	40.4	32	32.6	28	28	27.9	543.6	90.7	0.7157	172.5294	241.0529	0.7666	166.8383	217.6213	0.8044	100.5182	124.9532
WSAW001	-10.0666666666667	-0.466666666666667	11.6	0.966666666666666	10.8	-10.3	-10.2	-6.1	-1	5.7	10.2	12.6	12	8.4	0.2	-5.7	-9.7	531	93	93	179	166	62.75	30	25	29	30	34	42	58	79	72	53	41	38	49.0666666666667	52.7333333333333	54.7333333333333	44.2	44.6	44.475	51.2	58.5	57.2	53.8	53.2	46.8	43.7	42.1	45.3	44.1	44.4	48.5	1487.8	692.2	0.7872	345.6421	439.0847	0.7764	323.2395	416.339	0.721	237.1995	328.9897
WSAW002	-8.83333333333333	-0.433333333333334	11	1.06666666666667	10.275	-8.9	-9.1	-5.4	-1	5.1	9.4	12	11.6	8.1	0.2	-5.1	-8.5	647	121	114	209	203	74	42	32	37	36	41	49	66	94	87	66	50	47	48.0583333333333	50.8	54.2333333333333	43.7	43.5	43.85	50.1	56.7	56.4	53.4	52.9	46.4	43.2	41.5	44.3	42.9	43.3	45.6	1405.4	619.4	0.8861	384.9759	434.4615	0.8796	361.6523	411.1379	0.8494	267.4186	314.8428
WSAW003	-10.2666666666667	-0.766666666666667	11.6666666666667	1	10.85	-10.5	-10.4	-6.6	-1.4	5.7	10.3	12.7	12	8.4	0.3	-5.7	-9.9	541	97	93	179	172	63.25	31	26	29	30	34	42	57	80	74	54	44	40	49.5833333333333	54.2	54.8333333333333	44.1	45.2	44.5	52.1	59.9	57.6	53.9	53	46.6	43.6	42.1	45.7	44.8	45.1	50.6	1491.4	698.5	0.858	375.3077	437.4104	0.8502	351.0641	412.9235	0.8142	268.679	329.9734
WSAW004	-9.7	-0.2	11.5666666666667	0.966666666666667	10.775	-9.9	-9.9	-5.6	-0.7	5.7	10	12.6	12.1	8.4	0.1	-5.6	-9.3	518	85	91	178	164	62.5	28	22	28	29	34	41	59	78	72	53	39	35	48.6083333333333	51.4333333333333	54.6333333333333	44.2666666666667	44.1	44.45	50.4	57.3	56.8	53.8	53.3	46.9	43.8	42.1	45	43.5	43.8	46.6	1486.7	689	0.8768	387.3562	441.7722	0.8701	364.3694	418.7854	0.8451	277.6142	328.4832
WSAW005	-11.1666666666667	-1.63333333333333	11.3333333333333	0.466666666666667	10.475	-11.4	-11.4	-7.6	-2.4	5.1	10.1	12.4	11.5	7.9	-0.2	-6.3	-10.7	526	95	88	178	165	62.25	30	26	28	29	31	42	56	80	71	51	43	39	49.5083333333333	54.7333333333333	54.7333333333333	43.5	45.0666666666667	43.95	52.1	60.7	57.8	53.8	52.6	46	43.1	41.4	45.3	44.8	45.1	51.4	1411.4	644.4	0.7978	337.9364	423.5892	0.7853	312.0988	397.4283	0.746	234.8295	314.7899
WSAW006	-9.26666666666667	0.0666666666666667	11.9	1.36666666666667	11.1	-9.4	-9.4	-5.3	-0.5	6	10.4	13	12.3	8.7	0.6	-5.2	-9	600	100	99	208	193	73.5	33	27	31	32	36	46	65	97	86	63	44	40	48.1333333333333	50.3666666666667	54.5333333333333	44.2	43.4333333333333	44.275	49.4	56.5	56.5	53.8	53.3	47	43.7	41.9	44.5	42.8	43	45.2	1546.8	734.5	0.8914	394.5303	442.6022	0.8859	373.1458	421.2177	0.8576	286.3969	333.9327
WSAW007	-11.0333333333333	-0.7	11.7	0.433333333333333	10.825	-11.3	-11	-6.6	-1.2	5.7	10.3	12.8	12	8.2	-0.3	-6.6	-10.8	514	78	85	192	159	66.25	25	21	26	29	30	42	63	87	73	50	36	32	48.2666666666667	51.1	54.5666666666667	43.9	43.5	44.025	49.7	57.3	56.8	53.8	53.1	46.7	43.5	41.5	44.4	42.9	43.2	46.3	1481.1	695.3	0.8752	376.5544	430.2615	0.8691	354.9361	408.3788	0.8374	272.3287	325.1899
WSAW008	-12.1666666666667	-3.06666666666667	10.4	-0.566666666666667	9.525	-12.3	-12.6	-9.2	-3.9	3.9	9.1	11.5	10.6	6.9	-1.2	-7.4	-11.6	508	92	84	178	154	61	29	25	28	27	29	42	56	80	66	47	41	38	49.0666666666667	55	54.3666666666667	42.4333333333333	44.4666666666667	42.925	52	61.2	57.8	53.5	51.8	45.1	42.1	40.1	44.4	44.3	44.7	51.8	1240.7	519.8	0.8236	328.7289	399.1582	0.8108	298.9397	368.6918	0.7714	217.5571	282.0146
WSAW009	-12.1333333333333	-1.3	11.7	0.0666666666666667	10.8	-12.4	-12.1	-7.7	-1.8	5.6	10.5	12.8	11.8	8.1	-0.6	-7.3	-11.9	497	80	83	184	150	63.5	25	23	26	28	29	41	59	84	70	45	35	32	48.6916666666667	52.5	54.7	43.6333333333333	43.9333333333333	43.875	50.4	58.7	57.3	53.9	52.9	46.4	43.3	41.2	44.6	43.5	43.7	48.4	1465.1	690.4	0.8791	373.2298	424.5516	0.8738	350.6454	401.3033	0.8483	272.8083	321.5986
WSAW010	-12.9333333333333	-2.86666666666667	10.5333333333333	-0.9	9.625	-13.1	-13.1	-9.3	-3.5	4.2	9.3	11.7	10.6	6.9	-1.6	-8	-12.6	504	88	86	183	147	62.5	28	25	29	28	29	42	58	83	67	43	37	35	48.6083333333333	53.8666666666667	54.3	42.4666666666667	43.8	42.825	51.2	60.2	57.5	53.4	52	45.2	42.2	40	43.9	43.6	43.9	50.2	1258.5	534.6	0.9274	370.9129	399.9653	0.9257	344.0809	371.7096	0.9182	263.1364	286.5832
WSAW011	-11.6666666666667	-2.43333333333333	11.3666666666667	0.233333333333333	10.45	-11.9	-12.2	-8.6	-3.4	4.7	10	12.5	11.6	7.7	-0.4	-6.6	-10.9	470	78	73	168	151	58	24	19	22	24	27	39	52	77	64	48	39	35	49.4583333333333	55.0666666666667	54.7333333333333	43.2333333333333	44.8	43.675	51.4	61.5	58.1	53.9	52.2	45.8	43	40.9	45	44.7	44.7	52.3	1388.1	636.6	0.8851	364.548	411.8562	0.877	336.5818	383.7737	0.8718	266.4801	305.6783
WSAW012	-13.0333333333333	-1.96666666666667	11.3333333333333	-0.6	10.4	-13.3	-12.9	-8.6	-2.5	5.2	10.2	12.5	11.3	7.6	-1.3	-8.1	-12.9	498	81	83	188	146	64.25	26	24	27	28	28	42	60	86	69	42	35	31	48.3416666666667	52.3333333333333	54.5	43.1	43.4333333333333	43.3	50.1	58.7	57.2	53.7	52.6	45.9	42.8	40.6	43.9	43.1	43.3	48.2	1390.3	637.1	0.8023	331.3747	413.0321	0.7928	307.4724	387.8214	0.7484	231.4358	309.2267
WSAW013	-12.1333333333333	-2.73333333333333	11.4333333333333	0	10.475	-12.3	-12.8	-9	-3.8	4.6	10.1	12.6	11.6	7.6	-0.6	-7	-11.3	446	71	67	166	142	56.75	21	17	20	22	25	38	52	76	61	45	36	33	49.2666666666667	54.7666666666667	54.7666666666667	43.0666666666667	44.4666666666667	43.5	50.8	61.4	58.1	54	52.2	45.7	42.9	40.6	44.8	44.4	44.2	52.1	1383.7	638.7	0.8386	341.2715	406.9519	0.8269	313.1991	378.7458	0.8002	241.1111	301.3237
WSAW014	-11.8	-0.833333333333333	12.0333333333333	0.0999999999999999	11.075	-12.1	-11.6	-7	-1.4	5.9	10.8	13.2	12.1	8.2	-0.6	-7.3	-11.7	560	80	85	225	170	76.75	25	23	27	30	28	48	73	104	82	52	36	32	47.5916666666667	49.7666666666667	54.5	43.6	42.5	43.575	48.3	56.4	56.6	53.9	53	46.6	43.3	40.9	43.5	41.9	42.1	44.6	1511.5	729	0.9088	386.2545	425.0037	0.9046	364.8045	403.2871	0.8814	285.9029	324.3856
WSAW015	-11.2333333333333	-2.9	10.8333333333333	0.3	9.975	-11.3	-12.1	-8.8	-4	4.1	9.3	11.9	11.3	7.4	-0.2	-6.3	-10.3	448	73	65	164	146	56	22	17	19	21	25	38	51	75	60	48	38	34	49.1833333333333	55.0666666666667	54.5333333333333	42.7333333333333	44.4	43.2	50.7	61.9	58.2	53.8	51.6	45.3	42.6	40.3	44.6	44.5	44.1	52.6	1313.6	573.8	0.9478	379.555	400.4578	0.9434	348.6023	369.5052	0.9463	272.6201	288.0956
WSAW016	-10.7	-3.16666666666667	10.3333333333333	0.433333333333334	9.55	-10.6	-11.7	-8.8	-4.3	3.6	8.7	11.4	10.9	7.2	-0.1	-5.8	-9.8	455	77	65	161	152	55.5	24	18	19	21	25	36	50	75	61	50	41	35	48.75	54.7	54.1333333333333	42.2333333333333	43.9333333333333	42.7	50	61.9	58	53.5	50.9	44.8	42.2	39.7	44.1	44.1	43.6	52.2	1248.7	519.3	0.869	340.8182	392.2122	0.8575	309.1791	360.5731	0.8266	227.2834	274.9697
WSAW017	-13.1	-3.13333333333333	11.6	-0.4	10.6	-13.3	-13.7	-9.8	-4.2	4.6	10.3	12.8	11.7	7.6	-1	-7.8	-12.3	418	62	61	165	130	55.75	18	15	18	20	23	38	51	76	58	41	31	29	48.9333333333333	54.1333333333333	54.7333333333333	42.9333333333333	43.9333333333333	43.3	49.9	61.1	58	54	52.2	45.7	42.9	40.2	44.4	43.9	43.5	51.4	1392.2	653.4	0.7633	305.6976	400.4866	0.7474	279.3873	373.8142	0.7017	210.9194	300.583
WSAW018	-12.5	-3.26666666666667	11.2333333333333	-0.233333333333333	10.275	-12.6	-13.2	-9.6	-4.4	4.2	9.8	12.4	11.5	7.4	-0.8	-7.3	-11.7	408	60	57	161	130	54.25	18	13	16	19	22	37	50	74	56	42	32	29	48.8416666666667	54.3	54.6333333333333	42.6666666666667	43.7666666666667	43.05	49.7	61.4	58	54	51.9	45.5	42.6	39.9	44.2	43.8	43.3	51.8	1343.4	610.7	0.7979	315.5939	395.5107	0.7826	287.5713	367.4685	0.7572	220.7952	291.6114
WSAW019	-11.3333333333333	-3.63333333333333	10.3	0.133333333333333	9.5	-11.2	-12.4	-9.5	-4.8	3.4	8.6	11.4	10.9	7.1	-0.4	-6.3	-10.4	429	69	59	158	143	54.25	21	16	17	19	23	34	49	75	59	46	38	32	48.1333333333333	53.6666666666667	54.0333333333333	41.9	42.9333333333333	42.25	48.4	61.4	57.8	53.6	50.7	44.7	42	39	43.3	43.2	42.3	51.2	1231.7	512.2	0.9174	350.4614	382.0087	0.9104	320.5535	352.1008	0.9165	245.9789	268.3905
WSAW020	-12.7333333333333	-3.66666666666667	11	-0.433333333333333	10.075	-12.8	-13.5	-10.1	-4.8	3.9	9.5	12.2	11.3	7.3	-1	-7.6	-11.9	397	57	54	161	125	54	17	13	15	18	21	36	50	75	55	40	30	27	48.5	53.8333333333333	54.5666666666667	42.4	43.2	42.725	48.8	61.4	58	54	51.7	45.3	42.5	39.4	43.7	43.3	42.6	51.3	1307.3	583.8	0.8566	331.1999	386.6507	0.8461	304.7652	360.216	0.8398	238.8254	284.3742
WSAW021	-14.1666666666667	-3.63333333333333	11.6666666666667	-0.9	10.6	-14.3	-14.6	-10.7	-4.7	4.5	10.4	12.9	11.7	7.4	-1.5	-8.6	-13.6	391	54	56	164	117	55	16	14	17	19	20	36	50	78	56	35	26	24	48.4416666666667	53.2666666666667	54.7666666666667	42.6666666666667	43.0666666666667	42.9	48.6	60.7	57.9	54.2	52.2	45.7	42.7	39.6	43.6	43.1	42.5	50.5	1382	653.2	0.8302	325.5003	392.0799	0.8207	300.4235	366.0737	0.8058	239.2849	296.9665
WSAW022	-12.1	-4.06666666666667	10.2666666666667	-0.3	9.425	-11.9	-13.1	-10.1	-5.3	3.2	8.6	11.4	10.8	6.9	-0.8	-7	-11.3	409	63	55	157	134	53.5	19	15	16	18	21	33	49	75	57	43	34	29	47.775	53.0666666666667	54.1	41.6666666666667	42.2666666666667	41.95	47.3	61.2	57.7	53.7	50.9	44.6	41.9	38.5	42.8	42.6	41.4	50.7	1211.2	502.9	0.9457	353.0708	373.3446	0.9414	325.5845	345.8583	0.9337	245.1359	262.5323
WSAW023	-11.5666666666667	-4.2	9.86666666666667	-0.0999999999999999	9.075	-11.3	-12.8	-10	-5.5	2.9	8.1	11	10.5	6.7	-0.6	-6.4	-10.6	417	67	56	154	140	53	21	16	16	18	22	32	48	74	58	45	37	30	47.0833333333333	52.0666666666667	53.5666666666667	41.2	41.5	41.425	46.1	60.6	57.3	53.4	50	44.1	41.5	38	42.1	41.9	40.5	49.5	1163.2	461.2	0.8223	301.7878	367.0263	0.8075	273.6284	338.8668	0.7603	192.5607	253.2549
WSAW024	-13.2333333333333	-4.4	10.6333333333333	-0.833333333333333	9.7	-13.1	-14.1	-10.9	-5.6	3.3	8.9	11.9	11.1	6.9	-1.4	-8	-12.5	379	53	49	158	119	53	16	13	14	16	19	33	49	76	54	37	28	24	47.5833333333333	52.4333333333333	54.4333333333333	41.7666666666667	41.7	41.925	46.2	60.9	57.7	54.1	51.5	45	42.1	38.2	42.4	42.1	40.6	50.2	1239.8	536.4	0.8965	331.019	369.2436	0.8888	305.5052	343.7299	0.8882	236.0153	265.7328
WSAW025	-12	-4.73333333333333	9.56666666666667	-0.333333333333333	8.8	-11.6	-13.3	-10.6	-6.1	2.5	7.8	10.7	10.2	6.5	-0.8	-6.7	-11.1	406	65	53	151	137	52	20	16	15	17	21	31	46	74	57	44	36	29	46.1666666666667	50.6	53.1666666666667	40.6333333333333	40.2666666666667	40.75	44.1	59.8	56.9	53.2	49.4	43.8	41.1	37	41.1	40.8	38.9	47.9	1116.7	428.2	0.817	290.2859	355.3145	0.8018	263.0156	328.0442	0.746	180.8251	242.3871
WSAW026	-12.6666666666667	-4.7	9.96666666666667	-0.7	9.125	-12.4	-13.8	-10.9	-6	2.8	8.2	11.1	10.6	6.6	-1.2	-7.5	-11.8	393	60	52	154	127	52.25	19	14	15	17	20	32	48	74	55	40	32	27	46.9833333333333	51.8666666666667	53.8666666666667	41.1333333333333	41.0666666666667	41.3	45.4	60.7	57.4	53.7	50.5	44.3	41.6	37.5	41.8	41.6	39.8	49.5	1158.9	467.1	0.9436	339.7022	360.0246	0.9389	312.5466	332.869	0.9259	232.4662	251.0787
WSAW027	-15.0333333333333	-4.43333333333333	11.3	-1.43333333333333	10.275	-15	-15.4	-11.8	-5.4	3.9	9.7	12.7	11.5	7.2	-2	-9.5	-14.7	375	49	52	166	108	55.5	15	14	17	17	18	34	51	81	56	30	22	20	47.4833333333333	51.7333333333333	54.6666666666667	42.0666666666667	41.4666666666667	42.125	46.2	60	57.7	54.3	52	45.4	42.4	38.4	42.3	41.6	40.5	49	1319.5	608.1	0.8808	330.1771	374.8754	0.8761	307.1504	350.6024	0.8495	238.2837	280.5144
WSAW028	-13.6	-4.73333333333333	10.5333333333333	-1.06666666666667	9.6	-13.4	-14.5	-11.3	-6	3.1	8.7	11.8	11.1	6.8	-1.6	-8.4	-12.9	373	51	48	157	117	52.75	16	12	14	16	18	32	49	76	54	36	27	23	47.2666666666667	51.9666666666667	54.4	41.5333333333333	41.1666666666667	41.65	45.5	60.7	57.6	54.2	51.4	44.9	42	37.7	42	41.6	39.9	49.7	1219.9	523.9	0.9022	327.6654	363.2026	0.8949	302.7411	338.2783	0.8845	229.9368	259.9606
WSAW029	-14.7	-4.6	11.1333333333333	-1.33333333333333	10.125	-14.6	-15.3	-11.7	-5.7	3.6	9.4	12.5	11.5	7.1	-1.9	-9.2	-14.2	368	47	49	163	109	54.5	14	13	15	16	18	33	50	80	55	31	23	20	47.3583333333333	51.6	54.6666666666667	41.9	41.2666666666667	41.95	45.7	60.1	57.7	54.4	51.9	45.3	42.3	38.1	42.1	41.5	40.2	49	1293.9	588.2	0.8507	314.8139	370.0488	0.8419	291.1836	345.8538	0.8076	220.6622	273.2386
WSAW030	-13.1	-4.86666666666667	10.1333333333333	-0.866666666666667	9.275	-12.8	-14.2	-11.2	-6.2	2.8	8.3	11.4	10.7	6.7	-1.4	-7.9	-12.3	377	54	49	152	122	51.5	17	13	14	16	19	31	47	74	54	38	30	24	46.8666666666667	51.4666666666667	54.1	41.2333333333333	40.6666666666667	41.325	44.5	60.6	57.4	54	50.9	44.6	41.8	37.3	41.6	41.2	39.2	49.3	1174.9	484.2	0.8668	309.8078	357.3979	0.8566	284.1941	331.7841	0.8338	211.3573	253.4977
WSAW031	-15.6333333333333	-5.46666666666667	10.8666666666667	-2	9.85	-15.4	-16.2	-12.8	-6.5	2.9	8.7	12.4	11.5	6.8	-2.6	-10.2	-15.3	353	43	44	164	102	54.5	14	12	14	14	16	31	52	81	54	28	20	17	46.3416666666667	49.8	54.5333333333333	41.3666666666667	39.6666666666667	41.225	43.1	59.2	57.4	54.6	51.6	45.1	42	37	40.8	39.9	38.3	47.1	1236.2	552.8	0.8387	296.2357	353.2066	0.8293	273.5016	329.8058	0.7842	201.5412	257.013
WSM001	-27.8333333333333	-13.4	10.6333333333333	-9	8.675	-28.9	-28.5	-24.4	-14.3	-1.5	9.2	12.8	9.9	2.8	-8.3	-21.5	-26.1	243	43	40	96	64	29.25	15	12	12	13	15	22	34	40	21	26	17	16	34.75	22.2	49.3	44.1333333333333	23.3666666666667	40.75	18.4	38.6	50.2	52	45.7	45	45.3	42.1	30.6	21.4	18.1	9.6	1013	458.4	0.6447	191.0823	296.3668	0.6904	187.5383	271.6567	0.6919	147.2541	212.8155
WSM002	-27.6666666666667	-13.4666666666667	10.2666666666667	-8.9	8.375	-28.8	-28.3	-24.3	-14.3	-1.8	8.6	12.5	9.7	2.7	-8.1	-21.3	-25.9	228	40	36	92	60	28	14	11	11	12	13	21	33	38	20	24	16	15	34.7666666666667	22.2	49.5	44.1666666666667	23.2	40.7	18.5	38.6	50.4	52.3	45.8	45.1	45.4	42	30.3	21.2	18.1	9.5	974.3	427.2	0.6097	178.102	292.1133	0.6563	175.5673	267.5164	0.6517	135.7044	208.2448
WSM003	-27.7666666666667	-13.6666666666667	9.66666666666667	-8.83333333333333	7.9	-29	-28.4	-24.5	-14.3	-2.2	8	11.8	9.2	2.6	-7.9	-21.2	-25.9	202	33	30	88	51	26.5	11	9	9	10	11	20	32	36	18	20	13	13	34.85	22.4333333333333	50	44.1333333333333	22.8333333333333	40.475	19	38.8	50.9	53.2	45.9	45.3	45.4	41.7	29.5	20.8	18.2	9.5	913.6	375.8	0.5321	152.1389	285.9184	0.5818	151.9411	261.139	0.5593	111.1705	198.7811
WSM004	-27.8	-13.1333333333333	11.4	-8.93333333333333	9.35	-28.8	-28.4	-24.2	-14.2	-1	10.2	13.6	10.4	3.2	-8.4	-21.6	-26.2	256	44	42	98	72	30.5	16	11	11	13	18	22	33	43	24	30	18	17	34.925	22.0666666666667	49.4666666666667	44.4	23.7666666666667	41.15	17.9	38.6	50.4	51.9	46.1	45.2	45.6	42.4	31.4	21.6	18.3	9.7	1098	527.9	0.4977	150.8826	303.1851	0.525	146.7241	279.4947	0.4877	109.3551	224.2387
WSM005	-27.8	-14.5333333333333	8.43333333333333	-10.3666666666667	6.575	-29.2	-28.3	-24.2	-15.9	-3.5	6.6	10.8	7.9	1	-10.3	-21.8	-25.9	229	28	30	113	58	34.5	9	9	10	9	11	28	37	48	25	20	13	10	34.9916666666667	23.2333333333333	49.4333333333333	42.4333333333333	24.8666666666667	39.95	18.9	39.4	51.2	50.9	46.2	43.7	43.7	39.9	32.5	22.1	20	11.4	759.2	271.7	0.8341	227.6854	272.9848	0.8945	216.5744	242.1238	0.9632	166.1504	172.5063
WSM006	-27.6333333333333	-13.6666666666667	10.3666666666667	-8.8	8.5	-28.7	-28.3	-24.6	-14.5	-1.9	8.7	12.6	9.8	2.9	-8.1	-21.2	-25.9	225	40	36	89	60	27.25	14	11	10	12	14	20	31	38	20	25	15	15	34.8333333333333	22.2	49.6	44.2666666666667	23.2666666666667	40.8	18.4	38.7	50.5	52.4	45.9	45.2	45.5	42.1	30.4	21.2	18.2	9.5	986.9	436.9	0.6074	176.7552	290.9795	0.6517	174.4869	267.7572	0.648	135.2181	208.6663
WSM007	-27.7666666666667	-13.5333333333333	10.8666666666667	-9.06666666666667	8.875	-28.7	-28.5	-24.4	-14.6	-1.6	9.5	13.1	10	2.9	-8.6	-21.5	-26.1	245	42	40	96	67	29.75	15	11	11	12	17	21	33	42	23	27	17	16	34.8833333333333	22.1333333333333	49.4666666666667	44.2	23.7333333333333	40.975	18	38.7	50.5	51.9	46	45.1	45.4	42.1	31.3	21.5	18.4	9.7	1035.2	478.6	0.638	188.9812	296.1972	0.6795	184.3373	271.274	0.6816	147.9515	217.0497
WSM008	-27.8666666666667	-14.8333333333333	8.23333333333333	-10.5666666666667	6.375	-29.3	-28.4	-24.6	-16.2	-3.7	6.4	10.6	7.7	0.8	-10.5	-22	-25.9	225	27	29	113	56	34.25	9	8	10	9	10	28	37	48	24	19	13	10	34.9083333333333	23.2	49.4	42.3	24.7333333333333	39.8	18.9	39.3	51.2	50.9	46.1	43.6	43.6	39.7	32.3	22	19.9	11.4	736.4	256	0.6239	168.9938	270.8885	0.6909	164.8599	238.6224	0.6951	118.1516	169.976
WSM009	-27.5666666666667	-13.7333333333333	10.2666666666667	-8.73333333333333	8.425	-28.6	-28.3	-24.6	-14.6	-2	8.5	12.5	9.8	2.9	-8	-21.1	-25.8	217	37	34	87	59	26.75	13	10	10	11	13	19	31	37	20	24	15	14	34.8666666666667	22.2	49.7333333333333	44.3333333333333	23.2	40.825	18.4	38.7	50.7	52.6	45.9	45.3	45.6	42.1	30.3	21.1	18.2	9.5	976.9	428.7	0.5625	162.9718	289.7095	0.6041	160.3453	265.4213	0.5814	119.5907	205.688
WSM010	-27.7666666666667	-14.1666666666667	9.36666666666667	-8.96666666666667	7.625	-28.9	-28.5	-24.9	-14.9	-2.7	7.5	11.5	9.1	2.4	-8.1	-21.2	-25.9	195	32	29	84	50	25.5	11	9	9	10	10	19	30	35	18	20	12	12	34.8	22.3666666666667	49.9666666666667	44.0666666666667	22.8	40.4	18.8	38.8	51	53.2	45.7	45.2	45.4	41.6	29.4	20.7	18.3	9.5	877.5	350.7	0.5154	144.3425	280.0744	0.5635	144.1239	255.7447	0.5389	104.071	193.1224
WSM011	-27.7	-13.7	10.9	-9.03333333333333	8.95	-28.6	-28.4	-24.6	-14.8	-1.7	9.5	13.2	10	3.1	-8.5	-21.7	-26.1	238	41	38	93	66	29	15	11	10	12	16	20	32	41	23	27	16	15	34.9	22	49.6	44.4	23.6	41.075	17.9	38.6	50.6	52.2	46	45.3	45.7	42.2	31.1	21.4	18.3	9.5	1041.7	483	0.6281	185.3992	295.1613	0.6658	180.7026	271.4262	0.6665	144.8953	217.4027
WSM012	-27.7	-14.2	9.26666666666667	-8.86666666666667	7.575	-28.8	-28.5	-24.9	-14.9	-2.8	7.4	11.4	9	2.5	-8	-21.1	-25.8	187	29	27	82	49	25	10	8	8	9	10	18	30	34	18	19	12	11	34.9	22.4333333333333	50.2333333333333	44.2	22.7333333333333	40.45	18.9	38.9	51.3	53.6	45.8	45.5	45.5	41.6	29.2	20.6	18.4	9.5	869.9	343	0.4882	136.2418	279.063	0.5332	136.0448	255.1713	0.5013	96.5498	192.5894
WSM013	-27.7	-14.3666666666667	9.16666666666667	-8.93333333333333	7.475	-28.8	-28.5	-25	-15.1	-3	7.3	11.3	8.9	2.4	-8.1	-21.1	-25.8	184	29	27	81	47	24.5	10	8	8	9	10	18	29	34	17	19	11	11	34.8583333333333	22.4333333333333	50.1666666666667	44.1	22.7333333333333	40.375	18.9	38.9	51.3	53.5	45.7	45.3	45.5	41.5	29.2	20.6	18.4	9.5	857.1	334.2	0.484	133.8369	276.5414	0.53	133.7111	252.2961	0.4947	93.7028	189.429
WSM014	-27.9666666666667	-14.6666666666667	8.36666666666667	-9	6.775	-29.1	-28.8	-25.3	-15.3	-3.4	6.6	10.3	8.2	2	-7.9	-21.1	-26	169	26	22	79	42	24	9	7	7	7	8	17	29	33	17	16	9	10	35.125	23.0333333333333	51.1	44.1666666666667	22.2	40.075	19.9	39.5	52.5	55.1	45.7	45.8	45.8	40.9	27.8	19.9	18.9	9.7	773.4	267.4	0.6206	167.2137	269.4268	0.6774	165.5814	244.4385	0.6816	120.626	176.9664
WSM015	-27.2666666666667	-14.3666666666667	10.1666666666667	-9.36666666666667	8.4	-28.2	-27.8	-24.8	-15.4	-2.9	8.5	12.5	9.5	3.1	-8.9	-22.3	-25.8	211	35	30	82	64	26.25	12	10	9	9	12	16	28	38	23	26	15	13	34.8916666666667	22	49.7	44.2	23.6666666666667	40.95	17.7	38.7	50.9	52.2	46	45.2	45.5	41.9	31.2	21.3	18.5	9.6	963	420.1	0.6177	175.9719	284.902	0.6568	170.4413	259.5217	0.6626	135.841	205.0193
WSM016	-27.2333333333333	-14.6	9.93333333333333	-9.43333333333333	8.2	-28.1	-27.8	-24.9	-15.7	-3.2	8.2	12.3	9.3	3	-9	-22.3	-25.8	206	33	30	81	62	26	12	9	9	9	12	16	28	37	23	25	14	12	34.875	22.0333333333333	49.7333333333333	44.0666666666667	23.6666666666667	40.85	17.7	38.8	51	52.2	46	45.1	45.4	41.7	31.2	21.3	18.5	9.6	937.2	400.1	0.63	177.0795	281.0616	0.657	167.9816	255.6738	0.6479	129.6221	200.0604
WSM017	-27.2666666666667	-14.6	10	-8.93333333333333	8.275	-28.1	-28	-25.1	-15.7	-3	8.1	12.3	9.6	3.1	-8.4	-21.5	-25.7	205	33	30	80	62	25.75	11	9	8	10	12	16	27	37	23	25	14	13	34.9583333333333	22	49.9333333333333	44.3666666666667	23.5333333333333	41	17.8	38.7	51.1	52.7	46	45.4	45.8	41.9	30.9	21.2	18.5	9.5	947.8	407.5	0.6323	178.3535	282.0695	0.6588	170.0925	258.1783	0.6557	132.2481	201.6856
WSM018	-27.1333333333333	-14.9	9.66666666666667	-8.93333333333333	7.975	-28	-27.9	-25.3	-16	-3.4	7.6	12	9.4	2.9	-8.4	-21.3	-25.5	193	32	27	76	58	24.5	11	9	7	9	11	15	26	35	22	23	13	12	34.9333333333333	22.0333333333333	49.9666666666667	44.2666666666667	23.4666666666667	40.9	17.8	38.8	51.2	52.7	46	45.4	45.7	41.7	30.8	21.1	18.5	9.5	910.3	379.4	0.6498	180.1966	277.296	0.6838	173.1761	253.2566	0.6922	135.7712	196.1313
WSM019	-27.1333333333333	-15	9.6	-8.93333333333333	7.925	-28	-27.9	-25.4	-16.1	-3.5	7.4	12	9.4	2.9	-8.4	-21.3	-25.5	193	32	27	76	58	24.5	11	9	7	9	11	15	26	35	22	23	13	12	34.9416666666667	22.0666666666667	49.9666666666667	44.2666666666667	23.4666666666667	40.9	17.9	38.8	51.2	52.7	46	45.4	45.7	41.7	30.8	21.1	18.5	9.5	903.8	375.1	0.5527	152.3853	275.6909	0.5745	145.1094	252.5827	0.547	105.808	193.4273
WSM020	-27.1666666666667	-15.0333333333333	9.53333333333333	-8.93333333333333	7.85	-28	-28	-25.4	-16.1	-3.6	7.3	11.9	9.4	2.8	-8.4	-21.2	-25.5	193	32	27	76	58	24.5	11	9	7	9	11	15	26	35	22	23	13	12	34.925	22.1	49.9666666666667	44.2	23.4333333333333	40.825	17.9	38.8	51.2	52.7	46	45.3	45.6	41.7	30.7	21.1	18.5	9.6	895	369.1	0.6395	175.7529	274.8103	0.6721	168.2865	250.4062	0.6723	129.6611	192.8555
WSM021	-27.0333333333333	-15.1333333333333	9.36666666666667	-8.7	7.75	-27.9	-27.9	-25.5	-16.2	-3.7	7	11.7	9.4	2.9	-8.1	-20.9	-25.3	184	30	26	72	56	23.25	10	9	7	9	10	14	25	33	21	22	13	11	34.9583333333333	22.0666666666667	50.1333333333333	44.3	23.3333333333333	40.85	17.9	38.8	51.4	53	46	45.5	45.7	41.7	30.5	21	18.5	9.5	882	357.2	0.6106	166.3558	272.4254	0.6437	160.47	249.3113	0.6398	121.3191	189.6107
WSM022	-27.0333333333333	-15.1333333333333	9.36666666666667	-8.7	7.75	-27.9	-27.9	-25.5	-16.2	-3.7	7	11.7	9.4	2.9	-8.1	-20.9	-25.3	184	30	26	72	56	23.25	10	9	7	9	10	14	25	33	21	22	13	11	34.9583333333333	22.0666666666667	50.1333333333333	44.3	23.3333333333333	40.85	17.9	38.8	51.4	53	46	45.5	45.7	41.7	30.5	21	18.5	9.5	882	357.2	0.6106	166.3558	272.4254	0.6437	160.47	249.3113	0.6398	121.3191	189.6107
WSM023	-28	-15.7	6.7	-8.96666666666667	5.35	-29	-29.2	-26.1	-16.4	-4.6	4.8	8.5	6.8	1.3	-7.7	-20.5	-25.8	178	26	26	79	47	24.75	9	8	8	9	9	19	28	32	20	17	10	9	36.3583333333333	25.7666666666667	53.0666666666667	44.4	22.2	39.675	22.9	42.4	55.5	58.7	45	46.9	46.6	39.7	25.5	19.7	21.4	12	604.5	142.3	0.6973	174.8515	250.7463	0.7546	171.2296	226.921	0.7877	116.1589	147.4618
WSM024	-27.9	-15.9333333333333	6.26666666666667	-8.93333333333333	4.975	-28.9	-29.2	-26.3	-16.6	-4.9	4.3	8	6.5	1.1	-7.7	-20.2	-25.6	182	26	27	81	48	25.5	9	8	8	9	10	20	28	33	21	17	10	9	36.6583333333333	26.3	53.4666666666667	44.6666666666667	22.2	39.775	23.5	43	56.1	59.3	45	47.4	47	39.6	25.1	19.7	21.8	12.4	561.7	113.7	0.556	137.2499	246.8441	0.6117	136.1301	222.5473	0.5635	76.0954	135.0473
WSM025	-27.6666666666667	-16.3	5.56666666666667	-8.56666666666667	4.45	-28.7	-29.1	-26.4	-17	-5.5	3.5	7.2	6	1.1	-7.2	-19.6	-25.2	192	28	30	82	52	26	10	8	9	10	11	21	28	33	22	19	11	10	37.35	27.7333333333333	54.1333333333333	45	22.5333333333333	39.875	24.9	44.5	57.1	60.6	44.7	48.1	47.6	39.3	24.5	20	23.1	13.8	499.7	73	0.5554	133.3749	240.1597	0.6113	131.7479	215.5354	0.5233	59.3011	113.3247
WSM026	-27.2	-15	9.03333333333333	-8.63333333333333	7.425	-28.1	-28.2	-25.4	-15.9	-3.7	6.7	11.3	9.1	2.6	-7.9	-20.6	-25.3	167	25	22	71	49	22.25	8	7	6	8	8	14	25	32	18	20	11	10	34.9583333333333	22.1666666666667	50.3333333333333	44.3	23.0333333333333	40.7	18.3	38.8	51.6	53.5	45.9	45.6	45.8	41.5	29.9	20.7	18.5	9.4	845.5	328.2	0.5966	161.6552	270.96	0.6425	158.6023	246.8701	0.6399	117.435	183.5096
WSM027	-27	-14.9666666666667	9.66666666666667	-9.26666666666667	8	-27.8	-27.6	-25.2	-16.1	-3.6	7.7	12.1	9.2	3	-8.8	-22	-25.6	191	29	26	76	60	24.75	10	8	7	8	11	14	26	36	23	24	13	11	34.95	22.0333333333333	49.9666666666667	44.1666666666667	23.6333333333333	40.9	17.7	38.8	51.3	52.5	46.1	45.3	45.6	41.6	31.1	21.2	18.6	9.6	910.6	379.5	0.6568	181.5636	276.4423	0.6917	173.8977	251.4201	0.6985	136.8177	195.884
WSM028	-28.0333333333333	-15.8333333333333	6.56666666666667	-9.03333333333333	5.225	-29.1	-29.3	-26.2	-16.5	-4.8	4.7	8.3	6.7	1.2	-7.8	-20.5	-25.7	177	26	26	79	46	24.75	9	8	8	9	9	19	28	32	20	16	10	9	36.3833333333333	25.8333333333333	53.1333333333333	44.4666666666667	22.1	39.675	23	42.5	55.6	58.8	45	47.1	46.7	39.6	25.3	19.6	21.4	12	589.9	132.3	0.5407	134.4085	248.5853	0.5867	131.5854	224.2992	0.53	76.547	144.4279
WSM029	-27.5333333333333	-16.4333333333333	5.33333333333333	-8.5	4.25	-28.5	-29.1	-26.4	-17.2	-5.7	3.1	7	5.9	1	-7.1	-19.4	-25	193	28	30	81	54	26	10	8	9	10	11	20	28	33	23	19	12	10	37.6083333333333	28.1	54.4	45.2666666666667	22.6666666666667	40.075	25.2	44.9	57.5	61	44.7	48.5	48	39.3	24.5	20	23.5	14.2	478.3	63.4	0.5794	137.1943	236.7989	0.6353	135.1269	212.6832	0.5771	60.2725	104.4356
WSM030	-27.4333333333333	-16.3333333333333	5.5	-8.36666666666667	4.4	-28.4	-29	-26.3	-17.1	-5.6	3.3	7.1	6.1	1.1	-6.9	-19.3	-24.9	191	27	29	80	55	25.75	10	8	8	10	11	20	28	32	23	20	12	9	37.6166666666667	28.0666666666667	54.3666666666667	45.3	22.7333333333333	40.125	25.2	44.8	57.4	61	44.7	48.5	48	39.4	24.6	20.1	23.5	14.2	494.5	71.2	0.6008	143.1231	238.2214	0.6481	138.6503	213.9437	0.6406	71.1243	111.0198
WSM031	-27.3	-16.4333333333333	5.33333333333333	-8.53333333333333	4.225	-28.3	-28.8	-26.3	-17.2	-5.8	3.1	7	5.9	0.9	-7.2	-19.3	-24.8	193	27	30	82	54	26.25	10	8	9	10	11	20	29	33	23	19	12	9	37.675	28.0666666666667	54.4	45.6	22.6333333333333	40.375	25.1	44.9	57.3	60.9	45	48.8	48.5	39.5	24.7	19.9	23.3	14.2	476.3	63.3	0.5631	134.0474	238.0444	0.6241	132.0435	211.5823	0.5206	54.5616	104.7999
WSM032	-27.3666666666667	-16.4	5.36666666666667	-8.36666666666667	4.3	-28.4	-28.9	-26.3	-17.2	-5.7	3.1	7	6	1.1	-7	-19.2	-24.8	192	27	29	81	55	26	10	8	8	10	11	20	28	33	23	20	12	9	37.7333333333333	28.2	54.5333333333333	45.4666666666667	22.7333333333333	40.225	25.3	45	57.6	61.2	44.8	48.7	48.3	39.4	24.5	20.1	23.6	14.3	483.3	65.5	0.5754	136.5827	237.3616	0.6298	134.2977	213.2298	0.5668	60.0743	105.9881
WSM033	-27.3666666666667	-16.7666666666667	4.93333333333333	-8.53333333333333	3.875	-28.4	-28.9	-26.5	-17.6	-6.2	2.6	6.6	5.6	0.7	-7.1	-19.2	-24.8	195	27	30	82	56	26.5	10	8	9	10	11	20	29	33	24	20	12	9	37.925	28.5333333333333	54.7666666666667	45.7333333333333	22.6666666666667	40.4	25.6	45.4	57.8	61.5	45	49.1	48.7	39.4	24.4	19.9	23.7	14.6	438.7	45.2	0.6968	162.3301	232.9566	0.7388	153.0868	207.208	0.75	70.3892	93.8549
WSM034	-27.2333333333333	-16.5666666666667	5.2	-8.53333333333333	4.1	-28.3	-28.7	-26.3	-17.4	-6	2.9	6.9	5.8	0.8	-7.2	-19.2	-24.7	193	26	30	82	55	26.5	9	8	9	10	11	20	29	33	24	19	12	9	37.8416666666667	28.1666666666667	54.6333333333333	45.9	22.6666666666667	40.625	25.2	45	57.5	61.1	45.3	49.2	48.8	39.7	24.8	19.8	23.4	14.3	463.2	57.8	0.6123	144.1879	235.4937	0.6725	141.8705	210.9559	0.6835	69.0155	100.9689
WSM035	-27.3	-16.9333333333333	4.73333333333333	-8.66666666666667	3.675	-28.3	-28.9	-26.5	-17.8	-6.5	2.4	6.4	5.4	0.5	-7.3	-19.2	-24.7	195	27	30	83	55	26.75	10	8	9	10	11	20	29	34	24	19	12	9	38.0083333333333	28.6	54.8333333333333	45.9333333333333	22.6666666666667	40.575	25.6	45.5	57.8	61.5	45.2	49.4	49	39.4	24.5	19.8	23.7	14.7	418	36	0.6348	146.7935	231.2274	0.6768	138.2802	204.3094	0.6008	52.4491	87.2986
WSM036	-27.2333333333333	-16.6333333333333	5.03333333333333	-8.53333333333333	3.95	-28.3	-28.7	-26.3	-17.5	-6.1	2.7	6.7	5.7	0.7	-7.2	-19.1	-24.7	193	26	30	82	55	26.5	9	8	9	10	11	20	29	33	24	19	12	9	37.8833333333333	28.2666666666667	54.6666666666667	45.9666666666667	22.6333333333333	40.65	25.3	45.1	57.5	61.2	45.3	49.3	48.9	39.7	24.7	19.8	23.4	14.4	447.3	49.9	0.6505	152.3225	234.1563	0.6818	142.0279	208.3064	0.6214	60.9286	98.0529
WSM037	-27.0666666666667	-15.2333333333333	9.33333333333333	-9.2	7.7	-27.9	-27.8	-25.4	-16.4	-3.9	7.2	11.7	9.1	2.8	-8.7	-21.7	-25.5	185	28	25	75	57	24.25	10	8	7	8	10	14	26	35	22	23	12	10	34.9083333333333	22.0333333333333	50	44.1	23.5	40.775	17.7	38.8	51.3	52.7	46	45.3	45.5	41.5	30.8	21.1	18.6	9.6	874.6	352	0.5198	141.7665	272.7382	0.5472	135.7875	248.1559	0.5148	96.8026	188.0509
WSM038	-27.5333333333333	-16.6666666666667	5.2	-8.53333333333333	4.125	-28.5	-29.1	-26.6	-17.4	-6	3	6.8	5.8	0.9	-7.2	-19.3	-25	192	27	30	81	54	26	10	8	9	10	11	20	28	33	23	19	12	9	37.725	28.3	54.6	45.3666666666667	22.6333333333333	40.1	25.4	45.1	57.7	61.4	44.7	48.7	48.2	39.2	24.3	20	23.6	14.4	464.3	55.5	0.6252	146.9601	235.0525	0.678	142.3147	209.9037	0.663	66.4612	100.2458
WSM039	-28.0333333333333	-15.9666666666667	6.53333333333333	-9.03333333333333	5.2	-29	-29.3	-26.3	-16.7	-4.9	4.6	8.3	6.7	1.2	-7.8	-20.5	-25.8	176	26	26	77	47	24.25	9	8	8	9	9	18	27	32	20	17	10	9	36.3166666666667	25.8	53	44.2666666666667	22.2	39.525	22.9	42.5	55.6	58.7	44.7	46.8	46.5	39.5	25.3	19.8	21.5	12	586.9	131	0.536	132.4472	247.1104	0.59	131.7179	223.2441	0.5414	76.6271	141.5372
WSM040	-28	-16.0666666666667	6.33333333333333	-9	5.05	-29	-29.3	-26.4	-16.8	-5	4.4	8.1	6.5	1.2	-7.8	-20.4	-25.7	178	26	27	78	47	24.5	9	8	8	9	10	19	27	32	20	17	10	9	36.475	26.1	53.2	44.3666666666667	22.2333333333333	39.55	23.2	42.8	55.9	59	44.7	47.1	46.7	39.3	25.1	19.9	21.7	12.3	568.9	117.9	0.5119	125.8462	245.8652	0.5668	125.0873	220.7009	0.5023	67.7291	134.8347
WSM041	-26.8	-15.2333333333333	9.26666666666667	-9.5	7.65	-27.6	-27.4	-25.1	-16.5	-4.1	7.3	11.7	8.8	2.8	-9.1	-22.2	-25.4	182	25	24	75	58	24.5	9	7	7	7	10	13	26	36	23	23	12	9	34.9333333333333	22.0333333333333	49.9666666666667	44	23.7333333333333	40.825	17.6	38.8	51.4	52.4	46.1	45.2	45.4	41.4	31.3	21.2	18.7	9.7	866.7	345.3	0.6681	180.9142	270.8023	0.7103	174.7128	245.9546	0.7308	138.7514	189.8622
WSM042	-26.9333333333333	-15.3333333333333	9.03333333333333	-8.43333333333333	7.525	-27.8	-27.9	-25.6	-16.3	-4.1	6.4	11.4	9.3	3	-7.8	-20.5	-25.1	167	26	22	67	52	21.75	8	8	6	8	8	13	23	31	20	21	11	10	35	22.0666666666667	50.3333333333333	44.4333333333333	23.1666666666667	40.875	18	38.8	51.6	53.4	46	45.7	45.9	41.7	30.2	20.8	18.5	9.4	852.8	333.6	0.6176	165.0905	267.302	0.6559	160.823	245.2024	0.6607	120.9494	183.0732
WSM043	-27.1	-15.1666666666667	8.93333333333333	-8.53333333333333	7.375	-28	-28.1	-25.5	-16.1	-3.9	6.5	11.2	9.1	2.7	-7.8	-20.5	-25.2	160	22	21	69	48	21.75	7	6	5	8	8	14	24	31	18	20	10	9	35.0166666666667	22.2	50.4666666666667	44.3666666666667	23.0333333333333	40.725	18.3	38.9	51.8	53.7	45.9	45.7	45.9	41.5	29.8	20.7	18.6	9.4	837.7	321.7	0.5944	159.0476	267.5706	0.6297	154.7065	245.6781	0.6249	114.8037	183.7211
WSM044	-27	-15.4	9.23333333333333	-8.93333333333333	7.65	-27.8	-27.8	-25.6	-16.5	-4.1	6.9	11.6	9.2	2.9	-8.4	-21.3	-25.4	177	27	23	72	55	23.25	9	8	6	8	9	13	25	34	21	22	12	10	34.95	22.0333333333333	50.1333333333333	44.2333333333333	23.4	40.825	17.8	38.8	51.5	52.9	46	45.4	45.7	41.6	30.6	21	18.6	9.5	867.1	346.1	0.6475	174.6823	269.7641	0.6898	169.5978	245.8672	0.706	132.4247	187.5783
WSM045	-27.0333333333333	-15.4	9.3	-9	7.7	-27.8	-27.8	-25.6	-16.5	-4.1	7	11.7	9.2	2.9	-8.5	-21.4	-25.5	179	27	24	72	56	23.5	9	8	6	8	10	13	25	34	22	22	12	10	34.9333333333333	22.0333333333333	50.1	44.1666666666667	23.4333333333333	40.8	17.8	38.8	51.4	52.9	46	45.4	45.6	41.5	30.7	21	18.6	9.5	873	351.2	0.6158	166.3099	270.0854	0.6455	158.9564	246.2389	0.6392	120.0842	187.8719
WSM046	-27.0333333333333	-15.4	8.83333333333333	-8.53333333333333	7.3	-27.9	-28.1	-25.6	-16.4	-4.2	6.2	11.2	9.1	2.7	-7.8	-20.5	-25.1	159	23	21	67	48	21.25	7	7	5	8	8	13	23	31	18	20	10	9	34.975	22.1	50.3333333333333	44.3	23.1666666666667	40.75	18.1	38.8	51.7	53.4	45.9	45.6	45.8	41.5	30.1	20.8	18.6	9.4	827.6	315.9	0.6081	161.1604	265.0388	0.6463	157.0584	243.009	0.6483	117.1545	180.7204
WSM047	-26.9333333333333	-15.5333333333333	9.06666666666667	-8.93333333333333	7.5	-27.7	-27.8	-25.7	-16.6	-4.3	6.6	11.5	9.1	2.8	-8.4	-21.2	-25.3	175	27	23	70	55	22.75	9	8	6	8	9	13	24	33	21	22	12	10	34.925	22.0333333333333	50.1666666666667	44.1666666666667	23.3333333333333	40.75	17.8	38.8	51.5	53	46	45.4	45.6	41.5	30.5	20.9	18.6	9.5	849.2	333.5	0.6067	162.5048	267.868	0.6378	155.7625	244.2103	0.6321	116.4071	184.1626
WSM048	-26.8	-15.3666666666667	9.26666666666667	-9.4	7.675	-27.5	-27.5	-25.3	-16.6	-4.2	7.2	11.7	8.9	2.9	-9	-22.1	-25.4	178	25	22	74	57	24.25	9	7	6	7	9	13	25	36	23	23	11	9	34.9416666666667	22	50.0666666666667	44.0666666666667	23.6333333333333	40.825	17.6	38.8	51.5	52.6	46.1	45.3	45.5	41.4	31.1	21.1	18.7	9.6	868.5	346.7	0.655	177.0197	270.2527	0.6946	170.6319	245.6675	0.7094	133.0105	187.4984
WSM049	-26.9	-15.6333333333333	8.86666666666667	-8.7	7.35	-27.7	-27.8	-25.8	-16.7	-4.4	6.2	11.3	9.1	2.8	-8.1	-20.8	-25.2	169	27	22	66	54	21.75	9	8	6	8	8	12	23	31	21	21	12	10	34.9416666666667	22.0333333333333	50.2333333333333	44.2333333333333	23.2666666666667	40.75	17.9	38.8	51.6	53.2	45.9	45.5	45.7	41.5	30.3	20.9	18.6	9.4	831.5	319.6	0.6032	160.0938	265.3887	0.6364	153.6924	241.5003	0.629	113.7347	180.8066
WSM050	-26.9666666666667	-15.4666666666667	9.16666666666667	-9.36666666666667	7.55	-27.7	-27.7	-25.5	-16.7	-4.2	7	11.6	8.9	2.7	-8.9	-21.9	-25.5	175	25	22	73	55	23.75	9	7	6	7	9	13	25	35	22	22	11	9	34.9333333333333	22.0333333333333	50.0666666666667	44.0666666666667	23.5666666666667	40.775	17.7	38.8	51.5	52.7	46	45.3	45.5	41.4	30.9	21.1	18.7	9.6	855.5	338.3	0.6623	178.3454	269.2669	0.7061	172.7968	244.7036	0.726	134.9867	185.9345
WSM051	-27.2666666666667	-15.2	8.7	-8.56666666666667	7.175	-28.2	-28.3	-25.5	-16.1	-4	6.3	10.9	8.9	2.6	-7.8	-20.5	-25.3	153	22	19	67	45	21	7	6	5	7	7	13	23	31	17	19	9	9	35.0583333333333	22.2666666666667	50.6666666666667	44.4333333333333	22.8666666666667	40.675	18.4	39	52	54.1	45.9	45.9	46	41.4	29.4	20.5	18.7	9.4	813.9	302.2	0.5747	152.4952	265.3321	0.6198	150.2387	242.3842	0.614	109.9351	179.0363
WSM052	-26.9	-15.6	8.7	-8.56666666666667	7.2	-27.7	-28	-25.7	-16.6	-4.5	5.9	11.1	9.1	2.7	-7.9	-20.5	-25	154	23	19	65	47	20.75	7	7	5	7	7	13	22	30	18	19	10	9	34.9583333333333	22.1	50.3333333333333	44.2666666666667	23.1333333333333	40.725	18	38.9	51.7	53.4	45.9	45.6	45.8	41.4	30.1	20.7	18.6	9.4	814.5	307.2	0.5817	153.5217	263.9374	0.6258	150.259	240.091	0.6242	110.8072	177.5209
WSM053	-26.8333333333333	-15.5666666666667	9.06666666666667	-9.43333333333333	7.475	-27.5	-27.6	-25.5	-16.8	-4.4	6.9	11.5	8.8	2.7	-9	-22	-25.4	174	24	22	73	55	23.75	8	7	6	7	9	13	25	35	22	22	11	9	34.9166666666667	22	50.1	44.0333333333333	23.5333333333333	40.75	17.6	38.8	51.6	52.7	46	45.3	45.5	41.3	30.9	21	18.7	9.6	845.3	330.2	0.6483	173.0517	266.9484	0.6914	167.465	242.2284	0.7055	130.66	185.2069
WSM054	-27.4666666666667	-15.4333333333333	7.5	-8.76666666666667	6.075	-28.5	-28.5	-25.6	-16.2	-4.5	5.4	9.4	7.7	1.8	-7.7	-20.4	-25.4	138	18	16	65	39	20.5	6	5	5	5	6	12	23	30	17	15	7	7	35.5333333333333	23.6	51.9333333333333	44.4	22.2	40.1	20.3	40.3	53.8	56.5	45.5	46.4	46.3	40.5	27.2	19.8	19.6	10.2	686.5	203.3	0.5407	137.7576	254.7879	0.5927	137.2781	231.608	0.584	94.9334	162.5466
WSM055	-26.8666666666667	-15.6666666666667	9	-9.4	7.425	-27.5	-27.7	-25.6	-16.9	-4.5	6.8	11.4	8.8	2.7	-9	-21.9	-25.4	174	24	22	73	55	23.75	8	7	6	7	9	13	25	35	22	22	11	9	34.9166666666667	22	50.1333333333333	44.0333333333333	23.5	40.725	17.6	38.8	51.6	52.8	46	45.3	45.5	41.3	30.8	21	18.7	9.6	838.8	325.1	0.6503	173.0222	266.066	0.6931	167.4052	241.5212	0.7066	128.8874	182.4173
WSM056	-26.9666666666667	-15.7333333333333	8.96666666666667	-9.13333333333333	7.425	-27.7	-27.8	-25.8	-16.9	-4.5	6.6	11.4	8.9	2.8	-8.7	-21.5	-25.4	169	24	22	70	53	22.75	8	7	6	7	9	13	24	33	21	21	11	9	34.925	22	50.2	44.1333333333333	23.3666666666667	40.75	17.7	38.8	51.6	53	46	45.4	45.6	41.4	30.6	20.9	18.6	9.5	838.7	324.6	0.6365	168.7371	265.1115	0.6874	166.0763	241.6089	0.7086	129.8941	183.3218
WSM057	-26.8	-15.7	8.96666666666667	-9.43333333333333	7.4	-27.4	-27.6	-25.6	-16.9	-4.6	6.8	11.4	8.7	2.7	-9	-22	-25.4	169	22	21	72	54	23.5	8	6	6	6	9	12	25	35	22	22	10	8	34.9333333333333	22	50.1666666666667	44	23.5666666666667	40.75	17.6	38.8	51.6	52.8	46.1	45.3	45.5	41.2	31	21	18.7	9.6	835.2	322.2	0.6327	168.0202	265.5584	0.6739	162.5135	241.1683	0.6829	124.4048	182.172
WSM058	-26.9333333333333	-15.9333333333333	8.76666666666667	-9.36666666666667	7.2	-27.6	-27.8	-25.9	-17.1	-4.8	6.4	11.2	8.7	2.5	-8.9	-21.7	-25.4	166	23	21	70	52	22.75	8	7	6	7	8	12	24	34	21	21	10	8	34.9	22.0333333333333	50.1666666666667	43.9666666666667	23.4333333333333	40.65	17.7	38.8	51.7	52.9	45.9	45.3	45.5	41.1	30.7	20.9	18.7	9.6	812.7	307	0.6275	165.1585	263.1954	0.6743	160.2767	237.7087	0.6811	120.9764	177.6104
WSM059	-26.8333333333333	-15.8666666666667	8.8	-9.43333333333333	7.25	-27.4	-27.7	-25.8	-17.1	-4.7	6.6	11.2	8.6	2.6	-9	-21.9	-25.4	164	21	19	71	53	23.25	7	6	5	6	8	12	24	35	22	21	10	8	34.9166666666667	22	50.2	44	23.4666666666667	40.7	17.6	38.8	51.7	52.9	46	45.3	45.5	41.2	30.8	20.9	18.7	9.6	817.7	308.6	0.6191	163.199	263.6148	0.6584	157.7241	239.571	0.6667	120.6963	181.0373
WSM060	-27.9333333333333	-17.1	4.6	-9.3	3.45	-28.9	-29.4	-27	-17.8	-6.5	2.5	6.2	5.1	0	-8	-19.9	-25.5	153	20	22	74	37	23	7	6	7	7	8	17	27	30	18	12	7	7	36.9666666666667	27.1333333333333	54.3666666666667	44.8666666666667	21.5	39.525	24.5	44	57.2	61	44.9	48.2	47.6	38.8	23.5	18.8	22.2	12.9	396.9	26.2	0.6906	156.6193	226.7903	0.7751	154.9587	199.9111	0.8446	69.855	82.7051
WSM061	-27.3	-15.4333333333333	7.9	-8.66666666666667	6.45	-28.3	-28.3	-25.6	-16.3	-4.4	5.7	9.9	8.1	2.1	-7.7	-20.4	-25.3	132	16	15	62	39	19.5	5	4	4	5	6	11	22	29	16	16	7	7	35.3416666666667	22.9	51.5333333333333	44.5	22.4333333333333	40.4	19.3	39.7	53.2	55.7	45.7	46.3	46.3	40.9	28.1	20	19.2	9.7	729.1	235.6	0.5127	131.7353	256.9256	0.5608	131.3939	234.3128	0.5443	91.9398	168.9282
WSM062	-27.2333333333333	-15.5	7.56666666666667	-8.6	6.175	-28.2	-28.3	-25.6	-16.3	-4.6	5.4	9.5	7.8	2	-7.6	-20.2	-25.2	127	15	13	61	38	19.5	5	4	4	4	5	10	22	29	17	15	6	6	35.4916666666667	23.2666666666667	51.8666666666667	44.5333333333333	22.3	40.3	19.9	40	53.6	56.3	45.7	46.5	46.4	40.7	27.6	19.9	19.4	9.9	696.4	209.7	0.4982	126.7342	254.3969	0.5442	126.2028	231.9119	0.5193	85.0781	163.828
WSM063	-27.3666666666667	-15.6666666666667	8.06666666666667	-8.83333333333333	6.575	-28.3	-28.5	-25.8	-16.6	-4.6	5.7	10.2	8.3	2.1	-8	-20.6	-25.3	135	17	16	63	39	19.75	5	5	4	6	6	12	22	29	16	16	7	7	35.1333333333333	22.5666666666667	51.1	44.3333333333333	22.5333333333333	40.4	18.8	39.4	52.7	54.9	45.7	46	46	41	28.6	20.1	18.9	9.5	743.4	250.3	0.5247	134.8222	256.9668	0.5731	134.4511	234.5838	0.5647	95.7812	169.6075
WSM064	-27.2666666666667	-15.7666666666667	8.2	-8.8	6.7	-28.1	-28.4	-25.9	-16.7	-4.7	5.7	10.4	8.5	2.2	-8	-20.6	-25.3	137	17	16	63	41	19.75	5	5	4	6	6	12	22	29	16	17	8	7	35.0666666666667	22.4	50.9	44.3	22.6666666666667	40.475	18.6	39.2	52.4	54.6	45.7	45.9	45.9	41.1	29	20.2	18.8	9.4	757.3	262.4	0.5313	136.8227	257.5141	0.5832	136.4034	233.8936	0.5764	98.7225	171.2775
WSM065	-27.3666666666667	-16.1666666666667	7.43333333333333	-8.93333333333333	6.025	-28.2	-28.6	-26.2	-17.1	-5.2	5	9.5	7.8	1.8	-8.1	-20.5	-25.3	118	12	12	58	36	18.25	4	3	3	4	5	10	20	28	15	15	6	5	35.2666666666667	22.8333333333333	51.5666666666667	44.3333333333333	22.3333333333333	40.225	19.2	39.7	53.4	55.8	45.5	46.2	46.2	40.6	27.9	19.9	19.2	9.6	678.8	202.5	0.4733	117.7279	248.7491	0.5203	117.5297	225.8666	0.4858	76.6168	157.6968
