OBSNAME	PABI	BALN	CAMB	APIA	CART	TULI	BBET	BRAS	CARY	CHEN	BCOR	CUPR	CYPE	RDRY	ELAE	ERIC	FABA	FFAG	OFRA	PLAR	MMYR	ONAG	POXR	PAPA	PPIC	PPIN	PPLA	POAC	POLE	POLY	SPOP	FQUE	RANU	ROSA	SSAL	SAXI	SCRO	RTHA	ULMA
BA001	0	15.023	0.939	0	4.225	0	15.962	0	0	0.939	0	0	17.84	0	0	2.817	0	0	0	0	0	0	0.939	0	16.901	17.371	0	5.164	0	0	0	0	0	0	1.408	0.469	0	0	0
BA002	1.085	6.725	1.302	0	1.518	1.735	11.497	0.217	0.434	1.085	0	0	41.432	0.434	0	6.941	0.217	0	0.217	0.217	0	0	0	0	3.471	6.941	0	3.471	0	0	0	0	0	0.217	9.978	0.868	0	0	0
BA003	0.236	11.085	15.094	0	11.085	2.594	5.66	0.472	0.236	1.179	0	0.236	16.509	0.708	0	3.538	0.236	0	0.236	0	0	0	0.472	0	11.085	6.604	0	8.962	0	0	0.236	0	0	1.651	0.708	1.179	0	0	0
BA004	1.927	13.102	4.817	0	3.854	0.193	17.341	0	0.385	0.385	0	0	23.507	0	0	8.478	0.193	0	0.193	0.771	0	0	0.193	0	9.056	10.405	0	1.541	0	0	0.385	0	0	0.193	2.89	0.193	0	0	0
BA005	0.254	13.452	1.269	0	6.599	0.254	13.452	0	0.254	0.508	0	0.761	22.843	0.254	0	12.183	1.015	0	0	1.269	0.254	0	0	0	4.061	11.929	0	4.822	0	0	0	0	0	0.254	3.299	1.015	0	0	0
BA006	0	10.929	2.732	0	3.825	0	18.033	0.546	0	0	0.546	0	20.765	0	0	5.464	1.093	0	0.546	1.093	0	0	1.093	0	2.732	19.126	0	7.65	0	0	0	0	0	0	3.279	0.546	0	0	0
BA007	0.352	13.732	2.113	0	2.113	0	9.507	0	0	0	0.352	0	23.239	0.352	0	15.141	0.704	0	0	0	0	0.352	0.352	0	10.915	7.746	0	4.93	0	0.352	0.352	0	0	0.352	7.042	0	0	0	0
BA008	0	13.072	4.575	0	7.843	0	11.765	0	1.961	0.654	0	0	19.608	1.307	0	3.922	0.654	0	0	0	0	0	4.575	0	13.072	5.882	0	4.575	0	0	0	0	0	1.307	5.229	0	0	0	0
BA009	0	8.117	3.109	0	8.117	0.518	13.126	0	0	0	0	0	18.826	0	0	11.226	0.345	0	0	0	0	0	1.036	0	10.017	11.054	0	9.326	0	0	0	0	0	0.345	4.836	0	0	0	0
BA010	0	15.618	1.952	0	2.169	0	13.666	0	0	0	0	0	23.861	0.434	0	15.835	0.217	0	0	0	0	0	4.555	0	4.772	5.857	0	6.074	0	0	0	0	0.217	0	4.772	0	0	0	0
BA011	0	11.5	9.5	0	2	0	15	0	0.5	1	0	0	25	0	0	4	1	0	0	0	0	0	4.5	0	1.5	5	0	14	0	0	0	0	0.5	1	1.5	2.5	0	0	0
BA012	0	4.215	1.916	0	5.747	0.766	4.981	0	0	0	0	0	31.418	0	0	6.513	0.766	0	0	0	0	0	1.149	0	9.579	20.69	0	3.065	0	1.533	0	0	0.383	0.383	6.13	0.766	0	0	0
BA013	0	6.045	2.519	0	5.542	0.252	7.305	0.252	0.756	1.259	0.756	0	28.463	0.504	0	7.305	0	0	0	0	0	0	4.03	0	4.786	21.411	0.252	3.778	0	0.252	0	0	0.756	0.504	3.023	0.252	0	0	0
BA014	0	2.918	0.796	0	2.122	0	33.687	0	0.265	0.265	0	0	12.732	0	0	20.955	0.796	0	0	0	0	0	0.796	0	1.592	1.326	0	6.101	0	0	0	0	0	0	14.854	0.796	0	0	0
BA015	0	8.044	2.925	0	3.291	0	15.356	0	0.366	0	0.183	0	30.53	0	0	14.442	0.183	0	0	0.183	0	0	0.914	0	3.839	8.592	0	7.313	0	0	0.183	0	0	0.183	3.473	0	0	0	0
BA016	0	1.111	3.333	0	5	1.667	2.222	0	0	0	0	0	50.556	0	0	8.333	0	0	0	0	0	0	1.667	0	8.333	11.111	0.556	2.778	0	1.111	0	0	0.556	0	1.111	0.556	0	0	0
BA017	0	5.046	1.147	0	2.064	1.147	6.193	0	0.917	0	0	0	40.367	0.459	0	2.294	0.917	0	0	0	0.229	0.459	3.44	0.459	2.064	13.073	0	1.376	0	0	0	0	0.459	2.523	12.385	2.064	0.917	0	0
BA018	0.802	18.717	2.941	0	4.813	1.337	8.824	0.267	2.941	0	0	0	19.519	0	0	7.754	0	0	0.267	0.802	0	0	1.07	0	7.219	8.289	0.267	2.674	0	0.267	0	0	0	1.07	8.824	1.337	0	0	0
BA019	0	12.392	2.305	0	2.594	0.576	19.885	0.288	0.576	0.288	0	0	29.683	0	0	10.951	0	0	0	0.288	0	0	2.017	0	2.017	6.628	0	5.476	0	0	0.865	0.288	0	0.576	2.305	0	0	0	0
BA020	0	7.973	1.367	0	3.645	0.228	6.834	0.228	2.05	0.456	0	0	26.651	0.228	0	12.528	0.911	0	0.228	0.228	0	0.228	3.872	0.228	3.872	2.961	0	9.339	0	0	0	0	0.683	0.456	14.351	0.228	0.228	0	0
BA021	0	12.132	3.676	0	2.206	0	12.5	0.368	2.206	0.735	0	0	36.765	0	0	12.868	0	0	0	0	0	0	1.471	0	2.941	3.309	0	4.044	0	0	0.368	0	0	0.368	4.044	0	0	0	0
BA022	0	12.679	0.957	0	5.263	0.239	5.502	0	0.718	0.239	0	0	31.34	0.239	0	12.201	0	0	0	0	0	0	2.632	0.239	7.177	7.895	0	5.263	0	0	0	0	0	0	6.938	0.478	0	0	0
BA023	0	9.569	0	0	0	0.478	12.919	0	2.871	0	0	0	31.1	0	0	6.22	0	0	0	0.478	0	0.478	2.871	0	0	1.914	0	13.876	0	0	0	0	0	0.478	13.397	3.349	0	0	0
BA024	0	6.997	1.166	0	1.749	0.292	7.872	0	0.875	0	0	0	23.907	0	0	32.362	0.292	0	0	0	0	0	0.292	0	1.166	2.041	0	5.248	0	0	0	0	0	0.292	15.16	0	0.292	0	0
BA025	0	2.77	1.385	0	0.554	0.277	4.155	0	0	0	0	0	32.41	0	0	24.1	0.277	0	0	0	0	0	0.277	0.277	1.662	0.554	0	13.573	0	0	0	0	0.831	0.554	16.066	0	0.277	0	0
BA026	0	6.736	1.295	0	4.145	0.259	6.995	0	0	0	0	0	36.269	0.259	0	20.207	0.259	0	0	0	0	0	0.518	0	2.591	11.917	0	6.218	0	0.259	0	0	0	0.259	1.554	0	0.259	0	0
BA027	0	4.891	0.543	0	0.815	0.272	2.989	0	0.272	0	0	0	22.011	0.272	0	20.38	0	0	0	0	0	0	1.359	0	0.543	0.543	0	17.935	0	0	0	0	0	0	26.902	0.272	0	0	0
BA028	0	6.627	0.904	0	4.819	0.904	14.157	0	0.301	0.602	0.301	0	29.217	0	0	10.241	0.301	0	0	0	0	0	5.723	0	1.205	1.807	0	14.759	0	0	0	0	0.904	0.301	6.928	0	0	0	0
BA029	0	6.383	1.596	0	5.053	0.266	5.585	0	0.798	0.266	0	0	47.606	0	0	6.915	0	0	0	0	0	0	3.457	0	4.521	8.777	0	4.521	0	0	0	0	0.532	0.266	2.394	0.798	0.266	0	0
BA030	0	1.929	0.965	0	1.608	0.965	4.502	0	0	0	0	0	56.913	0	0	9.968	0.643	0	0	0	0	0.322	1.929	0	3.215	5.788	0	5.145	0	0	0	0	0	0.965	5.145	0	0	0	0
BA031	0	7.336	0	0	0	0	4.247	0	0.772	0.386	0	0	24.71	0	0	9.653	0	0	0	0	0	0	0	0	3.475	1.931	0	30.502	0	0	0	0	0	0.386	16.602	0	0	0	0
BA032	0	3.226	0.717	0	0	0	3.584	0	0.358	0.717	0	0	38.351	0.358	0	16.487	0	0	0	0	0	0	0.717	0	1.792	3.226	0	14.695	0	0	0	0	0	0	15.054	0.717	0	0	0
BA033	0	6.371	2.493	0	2.493	0	5.263	0	1.385	0	0	0	37.673	0	0	13.573	0.277	0	0	0	0	0	0.554	0	0.831	1.385	0	7.756	0	0.277	0	0	0	0.277	18.283	1.108	0	0	0
BA034	0	6.667	1.333	0	6	0	4.667	0	1.333	0	0	0	40	0	0	6	1.333	0	0	0	0	0	0.667	0	4.667	12.667	0	6.667	0	0	0	0	0	0	7.333	0.667	0	0	0
BA035	0	11.331	0.85	0	3.966	0.567	10.198	0	1.416	0.567	0	0	29.462	0	0	13.598	0.567	0	0	0	0	0.283	1.133	0.283	2.266	5.382	0	11.898	0	0.283	0	0	0.283	0.567	4.816	0.283	0	0	0
BA036	0	3.774	0.943	0.236	1.179	0	4.717	0.236	0.472	0	0	0	33.962	0.472	0	16.274	1.179	0	0	0	0	0	0.472	0	0.943	1.179	0	6.84	0	0	0	0	0	0.472	25.708	0.943	0	0	0
BA037	0	2.778	0.926	0	0	0.926	0.926	0	1.852	0.926	0	0	36.111	0	0	0.926	0	0	0.926	0	0	0	0.926	0	0	5.556	0	35.185	0	0	0	0	0	0.926	5.556	5.556	0	0	0
BA038	0	12.295	0	0	0.82	0	26.23	0	0.82	1.639	0	0	24.59	0	0	4.918	0	0	0	0	0	0	0	0	0.82	0	0	13.115	0	0	0	0	0	0	13.934	0.82	0	0	0
BA039	0	2.399	0	0	0.369	0.185	43.727	0	0.185	0.185	0	0	11.993	0	0	16.236	0.185	0	0	0	0.185	0	0.185	0	0.185	1.292	0	9.225	0	0	0	0	0.185	0.369	11.255	1.661	0	0	0
BA040	0	1.808	0	0	0.181	0	41.049	0.362	0.542	0.181	0	0	12.658	0	0	23.146	0.181	0	0	0	0	0	0.181	0	0.181	0	0	8.861	0	0	0	0	0	0.181	9.765	0.723	0	0	0
BA041	0	9.701	4.478	0	2.985	0	2.239	0	0	0	0	0	29.104	0	0	29.851	0	0	0	0	0	0	0	0	1.119	8.582	0	5.224	0	0	0.373	0	0	0.746	5.597	0	0	0	0
BA042	0	4.416	0.315	0	0.315	0.315	6.309	0	0.315	0	0	0	32.177	0.315	0	18.927	0.631	0	0	0	0	0	7.886	0	0	0.631	0	10.41	0	0	0	0	0	0	16.088	0.946	0	0	0
BA043	0	4.813	0.535	0	0	0	1.872	0	0	0	0	0	36.096	0.535	0	21.658	0.267	0	0.267	0	0	0	6.952	0	0.535	0.267	0	9.358	0	0	0.267	0	0.535	0.535	15.241	0.267	0	0	0
BA044	0	5.851	1.596	0	5.851	0	7.447	0	1.064	0	0	0	11.17	0	0	35.106	0	0	0	0	0	0	8.511	0	2.128	1.064	0	5.851	0	0	0	0	0.532	0	12.766	1.064	0	0	0
BA045	0	2.655	0	0	0	0.295	3.54	0.59	0.295	0	0.295	0	29.204	0.295	0	24.484	0.59	0	0.295	0	0	0.295	6.195	0	0.295	1.77	0	4.72	0	0	0.295	0	0	1.475	20.944	1.475	0	0	0
BA046	0	3.806	0	0	0	0	5.882	1.384	1.73	0	0	0	36.332	0.692	0	24.221	0.346	0	0	0	0	0	2.422	0.346	0.346	0	0	5.882	0	0	0	0	0.346	0.346	13.841	1.038	1.038	0	0
BA047	0	4.36	0	0	0.291	0	3.488	0.291	1.453	0	0	0	41.279	0.581	0	16.57	0.291	0	0	0	0	0	3.198	0.291	0.291	0	0	7.558	0	0.291	0	0	0.872	0.872	15.988	2.035	0	0	0
BA048	0	2.388	0.299	0	0.896	0.299	2.09	0	0.299	0	0	0	34.328	0	0	22.985	0.299	0	0	0	0	0	6.269	0.597	0.299	0.597	0	1.791	0	0	0	0	0.299	0.896	22.09	2.09	1.194	0	0
BA049	0.826	2.479	1.653	0	1.653	0	14.05	0	0	0	0	0	33.058	0	0	13.223	0	0	0	0	0	0.826	1.653	0	0.826	19.008	0	6.612	0	0	0	0	0.826	0.826	1.653	0.826	0	0	0
BA050	0	1.734	0	0	1.156	0	2.312	0	0.867	0	0	0.289	34.971	0.867	0	22.832	0	0	0	0	0	0	3.757	0	1.156	12.139	0	8.382	0	0	0	0	0	0	6.936	2.601	0	0	0
BA051	0	5.24	0	0	0.655	0	8.952	0.218	0.437	0.218	0	0	22.926	1.528	0	11.79	1.965	0	0	0	0	1.092	3.057	0.437	0.218	2.402	0	8.297	0	0	0	0	0	3.275	19.214	8.079	0	0	0
BA052	0	1.858	0	0	0.31	0	4.334	1.238	0.929	0.31	0	0	37.152	1.858	0	7.74	0.619	0	0	0	0	0.31	8.978	0	0.31	0.619	0	10.217	0	1.238	0	0	1.238	1.238	17.647	1.858	0	0	0
BA053	0	2.198	0.275	0	0.549	0	2.198	0.275	0.824	0	0	0	21.703	1.648	0	26.099	0.549	0	0.275	0	0	0	7.967	0.275	0	3.571	0	10.714	0	0	0	0	0.275	1.099	14.56	4.67	0.275	0	0
BA054	0	2.667	0	0	0	0	20.333	1.333	1	0	0	0	15.667	0.333	0	32.333	0.667	0	0	0	0	0	0.333	0.333	0.333	0.333	0	10.667	0	0	0	0	0	0.667	12	1	0	0	0
BA055	0	1.331	0.499	0	0.666	0	2.329	0	1.83	0.333	0	0	28.453	0	0	21.963	0	0	0	0	0	0	10.483	0.333	0.333	3.161	0	7.987	0	0	0	0	0	2.163	12.646	5.491	0	0	0
BA056	0	3.947	0.526	0	1.053	0.263	4.737	0	2.105	0	0	0	19.737	0.263	0	22.105	0.526	0	0	0	0	0.789	2.895	0.263	0.263	2.895	0	11.579	0	0.263	0	0	0.263	1.316	16.316	7.895	0	0	0
BA057	0	0	0	0	0.293	0	4.399	0	0.88	0	0	0	25.513	0	0	47.507	0.587	0	0	0	0	0	1.466	0	0	0.293	0	9.091	0	0	0	0	0	0	8.798	1.173	0	0	0
BA058	0	3.017	1.293	0	0.862	2.155	0.862	0	0	0	0	0	39.224	0.862	0	18.534	5.172	0	0	0	0	0	3.448	0	0	2.155	0	2.155	0	1.724	0	0	0	0.862	10.345	5.603	1.724	0	0
BA059	0	1.737	0	0	1.737	0	1.985	0.496	1.489	0.993	0	0	39.95	0.993	0	16.625	0.248	0	0	0	0	0	5.211	0.496	1.985	3.722	0	5.955	0	0	0	0	0	0.993	11.911	3.474	0	0	0
BA060	0	0	1.695	0	3.39	0	5.932	0	0	1.695	0	0	34.322	1.695	0	6.356	0.847	0	0	0	0	0	2.542	0	3.814	17.373	0	5.932	0	0.847	0	0	0	2.966	6.356	4.237	0	0	0
BA061	0	5.147	0.368	0	0.368	0	4.779	0.735	1.103	0	0	0.368	52.941	1.103	0	9.559	0	0	0	0	0	0	2.206	0	0.735	4.412	0	3.676	0	0	0	0	0	0	6.985	5.515	0	0	0
BA062	0	5.505	0.459	0	2.294	0.917	5.046	0.459	1.835	0	0	0	42.202	1.835	0	7.798	0.459	0	0	0	0	0.459	3.211	0	1.835	6.881	0	5.505	0	0	0	0	0	0.917	7.339	5.046	0	0	0
BA063	0	4.167	0	0	4.167	0.379	4.167	0.379	0.758	0	0	0	39.015	0.379	0	6.061	0.758	0	0	0	0	0.379	6.439	0	1.136	15.909	0	4.924	0	0.379	0	0	0.379	1.515	5.682	3.03	0	0	0
BA064	0	5.153	0	0	0.763	0	2.672	0	1.527	0	0	0	21.183	0.954	0	8.588	0.382	0	0	0	0	0.573	15.649	0.954	0	1.145	0	8.015	0	0	0	0	3.244	0.763	24.618	2.672	1.145	0	0
BA065	0	4.144	0	0	0	0	3.039	1.381	0.829	0	0	0	24.309	0.829	0	15.47	1.105	0	0	0	0	0	6.354	0.276	0.552	1.657	0	6.077	0	0.552	0.276	0	0.552	1.105	24.586	6.077	0.829	0	0
BA066	0	6.132	0.472	0	1.887	0	4.717	0	0.472	0.943	0	0	44.34	1.887	0	4.245	0	0	0	0	0	0	1.887	0	1.887	7.075	0	7.547	0	0.472	0.472	0	0	0	10.849	4.717	0	0	0
BA067	0	2.867	0	0	1.792	0.717	3.584	0	0.717	0	0	0	30.466	1.792	0	11.111	0.358	0	0	0	0	0	7.168	0	0.358	2.151	0	12.545	0	0	0.358	0	1.075	1.434	10.753	9.677	1.075	0	0
BA069	0	1.311	0	0	0.984	0.328	19.672	0.328	0.656	0	0.328	0	22.951	0.984	0	26.557	1.639	0	0.328	0	0	0.328	0.984	0.328	0	0.656	0	4.918	0	0	0	0	0.656	0.656	13.115	2.295	0	0	0
BA070	0	1.961	0.49	0	1.961	1.471	8.824	0.49	2.941	1.961	0	0	28.922	0.98	0	6.863	0.49	0	0	0	0	0	11.765	0.98	0	5.392	0	6.373	0	0	0	0	0	1.471	7.353	9.314	0	0	0
EAA001	0	2.027	0	0	0.225	0	3.378	0.225	0	0	0	0	63.514	0	0	0.225	0	0	0	0	0	0	0.225	0.45	8.333	12.838	0	2.928	0	0	0	0	0.225	0.225	3.378	1.351	0.45	0	0
EAA002	0	6.015	0	0	1.754	0.251	7.018	0.501	0.501	0.752	0	0	44.11	0.752	0	0.251	0	0	0	0	0	0	2.005	2.005	6.266	14.035	0	4.01	0	0	0	0	0.501	1.003	7.018	1.253	0	0	0
EAA003	0	0.987	0	0	0.329	0	2.961	0.329	0.329	0	0	0	57.895	0.987	0	0.658	0.329	0	0	0	0	0	0.329	0.658	3.947	15.461	0	3.947	0	0.329	0	0	0	0.987	8.553	0.987	0	0	0
EAA004	0	1.974	0.329	0	1.645	0	1.316	0.987	0	0	0	0	40.132	0.329	0	0	0	0	0	0	0	0	1.316	1.645	7.566	28.289	0	3.289	0	0	0	0	0	1.316	9.539	0.329	0	0	0
EAA005	0	1.814	0.68	0	1.134	0.227	4.989	0.454	0.68	0	0	0	48.98	0.68	0	0.454	0	0	0	0	0	0	1.134	1.361	4.308	12.472	0	5.442	0	0.227	0	0	0.227	0.227	13.605	0.68	0	0.227	0
EAA006	0	4.155	0.831	0	1.108	0.277	6.925	2.216	0	0	0	0	32.133	2.216	0	0.554	0	0	0	0	0	0	2.493	0	23.546	8.31	0	3.878	0	0	0	0	0	1.385	7.479	2.493	0	0	0
EAA007	0	6.343	0.746	0	0.746	0	8.582	0.373	1.119	0.373	0	0	35.075	0.373	0	0.373	0	0	0	0	0	0	10.448	0.373	11.94	4.478	0.373	7.09	0	0	0	0	0	0	5.97	4.851	0	0.373	0
EAA008	0	9.386	1.444	0	6.498	1.083	10.83	1.083	0	0.361	0	0	15.162	0	0	1.444	0	0	0	0	0	0	6.137	0	25.632	10.469	0	3.61	0	0.361	0	0.361	0.361	0.722	2.166	2.888	0	0	0
EAA009	0	12.766	0.355	0	2.482	0	7.447	0.709	0.709	0	0	0	23.759	0	0	0.355	0	0	0	0	0	0	4.965	0	15.248	7.447	0	9.929	0	0	0	0	0.709	4.255	2.482	6.383	0	0	0
EAA010	0	15.603	0.355	0	0.709	0	17.73	0.355	0	0.355	0	0	23.05	1.773	0	0	0	0	0	0	0	0	1.773	0.709	7.447	19.504	0	4.255	0	0	0	0	0.709	0.709	3.901	1.064	0	0	0
EAA011	0	8.943	0	0	3.659	0.407	7.724	1.22	0	0	0	0	19.106	2.846	0	0	0.407	0	0	0	0	0	2.033	1.22	11.789	30.081	0	2.033	0	0	0	0	0.407	1.626	4.472	2.033	0	0	0
EAA012	0	5.229	0	0	0.98	0	13.072	2.614	0.98	0.327	0	0	15.686	0.327	0	0.654	0	0	0	0	0	0	4.902	0	9.477	4.248	0	27.778	0	0	0	0	1.307	0	8.17	3.922	0	0.327	0
EAA013	0	9.22	0.709	0	4.255	0	7.092	0.709	0	0	0	0	17.021	0.709	0	2.128	0	0	0	0	0	0	24.823	0	7.801	7.092	0	7.801	0	0	0	0	0	1.418	5.674	3.546	0	0	0
EAA014	0	5.568	0.232	0	0.464	0.232	2.784	4.408	0.696	0.464	0	0	46.868	0.232	0	0.232	0.464	0	0	0	0	0	3.944	0	13.689	2.32	0	6.961	0	0	0	0.232	0.464	1.16	5.568	3.016	0	0	0
EAA015	0	9.5	1.167	0	2	0.167	14.833	1.667	1.333	0.667	0	0	15	0.167	0	1	0	0	0	0	0	0	2.667	0.167	16.333	9.833	0.167	10.5	0	0	0	0	1.5	1.167	5.833	4	0.167	0	0.167
EAA016	0	5.921	0.987	0	0.987	0.329	2.961	0.987	1.974	0.329	0	0	15.132	1.974	0	0.329	0.329	0	0	0	0	0	25.658	0.329	5.921	3.289	0	11.184	0	0	0	0	1.645	2.303	7.566	9.868	0	0	0
EAA017	0	11.227	0.261	0	3.394	0	8.877	0.783	0.522	0	0	0	8.094	0	0	1.044	0	0	0	0	0	0	15.666	0	24.282	6.527	0.261	6.266	0	0	0	0.522	1.044	0.522	2.872	7.833	0	0	0
EAA018	0	9.705	1.688	0	1.266	0	10.127	2.11	2.532	0	0	0	12.236	0.422	0	1.266	0	0	0	0	0	0	4.641	0	14.768	13.502	0	18.987	0	0	0	0	0.422	0	4.641	1.688	0	0	0
EAA020	0	17.131	0	0	6.375	0	21.514	0	0.398	0	0	0	10.359	1.195	0	4.382	0	0	0	0	0	0	5.179	0	16.335	1.594	0	8.765	0	0	0	0	1.195	0.797	3.984	0.797	0	0	0
EAA021	0	25.581	0	0	9.884	0	11.628	0	0.581	0	0	0	5.814	0	0	2.326	0	0	0	0	0	0	6.977	0	14.535	6.977	0	6.977	0	0	0	1.163	2.907	0	3.488	1.163	0	0	0
EAA022	0	16.194	0.405	0	13.765	0.81	14.17	0	0	0	0	0	5.668	0.81	0	2.429	0.405	0	0	0	0	0	6.073	0	19.433	9.717	0	4.858	0	0	0	0	0	1.215	1.619	2.429	0	0	0
EAA023	0	4.061	1.015	0	2.03	0	8.122	3.046	2.03	0.508	0.508	0	24.365	2.03	0	0.508	0	0	0	0	0	0	7.614	3.046	5.076	3.553	0	11.675	0	0.508	0	0	3.046	2.03	8.122	5.076	2.03	0	0
EAA024	0	1.813	0	0	0.906	0	4.834	11.178	3.927	0	0	0	18.127	2.417	0	0	0	0	0	0	0	0	2.115	1.813	4.23	6.647	0	22.054	0	0.302	0	0	0.604	0	11.178	7.855	0	0	0
EAA025	0	4.07	0.581	0	0.581	0	5.814	1.163	0	0	0	0	18.023	0.581	0	0	0	0	0	0	0	0	2.907	0	32.558	10.465	0	15.116	0	0	0	0	1.163	0.581	5.814	0.581	0	0	0
EAA026	0	6.087	1.304	0	1.739	0	8.261	4.348	1.304	0.435	0	0	28.261	0	0	0.435	0	0	0	0	0	0	2.174	0	18.696	5.217	0	8.261	0	0	0	0	0.435	1.739	9.565	1.739	0	0	0
EAA027	0	5.59	0	0	3.106	0	15.528	2.484	0	0.621	0	0	9.317	0	0	0.621	0	0	0	0	0	0	4.348	0.621	9.317	17.391	0	9.938	0	0	0	0	0	0	18.634	2.484	0	0	0
EAA028	0	6.897	0	0	0	0	11.494	0.383	0.383	0	0	0	24.904	0.383	0	0	0	0	0	0	0	0	3.448	0	11.877	5.747	0.766	18.774	0	0.766	0	0	0	1.916	10.345	1.916	0	0	0
EAA029	0	3.285	0	0	0.365	0	4.015	2.19	1.46	0	0	0	18.613	0	0	0.365	0	0	0	0	0	0	14.234	2.555	2.92	3.65	0	34.307	0	0	0	0	3.285	0.365	5.474	2.92	0	0	0
EAA030	0	4.906	1.887	0	0.377	0.755	6.038	1.132	2.642	0	0.377	0	18.113	0.755	0	0.377	0.377	0	0	0	0.755	0	6.415	2.642	11.321	16.981	0	9.811	0	0	0	0	1.887	1.132	9.434	1.887	0	0	0
EAA031	0	4	1.6	0	1.6	0.8	16	0	0.8	0.8	0	0	22.4	0	0	0	0	0	0	0	0	0	3.2	7.2	8	9.6	0	12.8	0	0	0	0	2.4	0.8	4.8	2.4	0.8	0	0
EAA032	0	1.887	0.943	0	1.258	0	2.83	2.201	0.943	0	0	0	11.635	0	0	0	0	0	0	0	0	0	3.774	0.314	11.321	2.516	0	44.969	0	0	0	0	12.264	0	2.516	0.629	0	0	0
EAA033	0	3.867	0	0	0	0	9.945	4.42	3.315	1.105	0	0	4.42	0.552	0	0	0	0	0	0	0	0	8.84	7.735	8.287	19.337	0.552	17.127	0	0	0	0	1.105	2.21	3.867	2.21	1.105	0	0
EAA034	0	5.634	0	0	3.169	0	4.93	3.521	2.465	0	0	0	3.169	0.352	0	0	0	0	0	0	0.352	0	4.93	4.577	18.31	20.775	0.352	20.775	0	0	0	0	0.704	0	2.113	3.873	0	0	0
EAA035	0	2.857	0	0	1.429	0.476	15.238	1.429	1.905	0.476	0	0.476	7.143	0.476	0	0.476	0	0	0	0	0	0	8.095	2.381	19.524	6.19	0.476	25.714	0	0.476	0	0	0	0.476	3.333	0.952	0	0	0
EAA036	0	5.769	0	0	0	0	4.808	0	4.808	0	0	0	7.692	0	0	20.192	0	0	0	0	0	0	26.923	0	0.962	1.923	0	7.692	0	0	0	0	0.962	1.923	14.423	1.923	0	0	0
EAA037	0	1.095	0.365	0	0	0.365	1.46	0.365	0	0	0	0	28.467	1.825	0	1.46	0	0	0	0	0	0	4.38	0.73	1.095	2.92	0	10.949	0	0.73	0	0	0.73	6.934	30.657	5.109	0	0.365	0
EAA038	0	0	0	0	0	0	1.556	1.167	1.946	0	0	0	4.28	1.946	0	0	0	0	0	0	0	0	19.844	5.058	0	0.389	0.389	24.903	0	0	0	0	1.167	1.556	26.07	9.339	0.389	0	0
EAA039	0	0.314	0	0	0	0	1.258	0.943	1.572	0.314	0	0	2.201	1.258	0	2.201	0	0	0	0	0	0	10.692	2.516	0.314	0.314	0	31.761	0	0	0	0	0.943	2.83	35.849	4.088	0.629	0	0
EAA040	0	0.304	0	0	0.608	0	0.912	0.912	2.432	0	0	0	6.687	1.824	0	0.608	0	0	0	0	0	0	5.167	0.912	0.304	0	0	20.365	0	0	0	0	0	1.824	50.456	5.471	1.216	0	0
EAA041	0	0.912	0	0	0	0.304	5.471	0.304	0.912	0	0	0	7.599	3.647	0	2.128	0	0	0	0	0	0	5.471	0.304	0.608	0.304	0	24.012	0	0	0	0	0.304	1.52	44.073	2.128	0	0	0
EAA042	0	0.299	0	0	0.299	0.299	0.299	1.796	1.198	0	0	0	13.772	4.79	0	0.599	0	0	0	0	0	0	11.976	1.198	1.796	0	0	14.671	0	0.299	0	0	0.599	1.497	43.413	1.198	0	0	0
EAA043	0	5.364	0	0	0	0	6.13	0	0	0	0.766	0.383	6.897	0.766	0	0.383	0	0	0	0	0	0	35.632	0.383	2.682	4.598	0	13.41	0	0	0	0	0.383	0.383	16.858	4.981	0	0	0
EAA044	0	1.639	0	0	0	0	1.093	0	0.546	0	0	0	4.918	0	0	2.186	0	0	0	0	0	0	9.836	1.093	0.546	0	0	34.426	0	0.546	0	0	12.568	1.639	27.322	1.639	0	0	0
EAA045	0	1.099	0	0	0	0	1.832	0.366	0.733	0	0	0	14.652	1.832	0	4.029	0	0	0	0	0	0	31.136	0.733	0	0.366	0	14.286	0	0	0	0	0.733	0.366	23.443	2.198	0	2.198	0
EAA046	0	1.19	0	0	0	0	1.786	0	0.298	0	0	0	34.226	0	0	1.19	0	0	0	0	0	0	15.179	0.298	0.595	1.19	0	12.202	0	0.298	0	0	0.595	0.298	28.571	2.083	0	0	0
EAQ001	0	9.692	0	0	0.881	0.441	8.37	0	0	0	0	0	54.405	0	0	7.93	0	0	0	0.441	0	0	0	0	7.269	0.661	0	3.304	0	0.661	0	0	0	0	5.947	0	0	0	0
EAQ002	0	4.789	0.282	0	3.662	1.69	9.296	0	0	0	0	0.845	25.352	0	0	5.352	0	0	0	0	0	0	0	0	33.803	8.451	0	4.507	0	0.282	0.282	0	0	0	1.408	0	0	0	0
EAQ003	0	35.13	0.998	0	1.198	0.2	13.972	0	0	0	0	0	14.371	0	0	0.998	0	0	0	0	0	0	0	0	24.95	4.192	0	1.198	0	0	0	0	0	0	2.794	0	0	0	0
EAQ004	0	7.981	0	0	0.704	0.704	4.695	0	0.939	0	0	0.235	56.103	0	0	1.408	0.469	0	0	0	0	0.235	2.113	0	5.399	3.286	0	6.808	0	1.174	0	0	0.704	0.704	5.634	0.469	0	0	0.235
GA001	0	5.78	0.963	0	0.385	0.193	7.9	0	0	0	0	0	22.158	0	0	50.482	0	0	0	0	0	0	0	0	1.734	0.771	0	1.349	0	0	0	0.193	0	0	8.092	0	0	0	0
GA002	0	2.832	0.871	0	0	0	15.251	0	0.218	0.654	0	0	16.34	0	0	50.327	0	0	0	0	0	0	0	0	1.307	0.436	0	6.972	0	0.218	0	0	0	0	4.575	0	0	0	0
GA003	0	1.613	0.922	0	0	0.23	20.737	0	0.922	0	0	1.613	17.281	0	0	24.654	0.23	0	0	0	0	0	0	0	0.922	0.23	0.23	21.889	0	0	0	0.23	0	0.23	7.834	0	0	0.23	0
GA004	0	0.5	0.167	0	0	0.167	42.5	0	0	0	0	0	9.833	0	0	23.5	0	0	0	0	0	0	0	0	0.167	0.167	0	19.667	0	0	0	0	0.167	0	3.167	0	0	0	0
GA005	0	0.943	0.377	0	0.189	0	47.547	0	0	0	0	0	22.642	0	0	16.792	0	0	0	0	0	0	0.189	0	0.566	0.189	0	7.736	0	0	0	0	0.189	0	2.642	0	0	0	0
GA006	0	2.613	0.174	0	0.174	0	62.021	0	0.174	0	0	0	3.136	0	0	22.474	0	0	0	0	0	0.174	0.174	0	0	1.045	0	4.878	0	0	0	0	0	0	2.787	0.174	0	0	0
GA007	0	4.906	0.377	0	0.566	0.189	18.491	0	0	0	0	0.189	9.623	0	0	45.66	0	0	0.189	0	0	0	0.377	0	2.264	0.189	0	10.943	0	0	0	0	0.189	0	5.66	0	0	0.189	0
GA008	0	2.641	0.176	0	0.176	0	62.676	0	0.176	0	0	0	3.169	0	0	22.711	0	0	0	0	0	0.176	0.176	0	0	0	0	4.93	0	0	0	0	0	0	2.817	0.176	0	0	0
GA009	0	4.887	0.376	0	0.564	0.188	18.045	0	0	0	0	0.188	9.586	0	0	45.677	0	0	0.188	0	0	0	0.376	0	2.256	0.564	0	11.09	0	0	0	0	0.188	0	5.639	0	0	0.188	0
GA010	0	0.427	0.427	0	0	0.641	15.385	0	0.641	0	0	0.641	33.12	0	0	16.667	0	0	0	0	0	0	0.427	0	0	0.427	0	17.735	0	0	0	0	0	0	13.248	0.214	0	0	0
GA011	0	0.977	0.781	0	0.391	0	42.188	0	0	0	0	0.586	10.547	0	0	20.508	0	0	0	0	0	0	0.195	0	0.195	0	0	20.117	0	0	0	0	0.586	0	2.93	0	0	0	0
GA013	0	1.078	0.216	0	0	0	16.164	0	0	0	0	0.431	44.181	0	0	18.534	0	0	0	0	0	0	0	0	0.431	0	0	3.664	0	0	0	0	0	0.216	15.086	0	0	0	0
GA014	0	1.208	0.483	0	0	0	34.541	0	0.242	0	0	0.483	13.527	0	0	14.01	0	0	0	0	0	0	0.242	0	0.483	0.725	0	30.918	0	0	0	0	0	0	2.899	0	0	0.242	0
GA015	0	0.81	0.202	0	0	0	37.449	0	0	0	0	0	33.401	0	0	9.717	0	0	0	0	0	0	0	0	0.405	0.405	0	13.158	0	0	0	0	0	0.202	4.251	0	0	0	0
GA016	0	0.294	0.147	0	0	0	0.734	0	0.147	0	0	0.294	73.421	0	0	17.327	0	0	0	0	0	0	0	0	0	0	0	2.496	0	0	0	0.147	0	0.147	4.846	0	0	0	0
GA017	0	0.184	0.037	0	0	0.073	0.441	0.037	0.367	0	0	0.147	89.383	0	0	2.645	0	0	0	0	0	0	0.22	0	0.147	0	0	3.343	0	0	0	0.037	0	0.073	2.829	0	0	0.037	0
GA018	0	1.253	0.209	0	0.418	0	43.841	0	0.209	0	0	0.418	19.833	0	0	20.877	0	0	0	0	0	0	0	0	0.626	0.209	0	7.516	0	0	0	0	0	0	4.593	0	0	0	0
GA019	0	0.839	0	0	0.21	0	50.105	0	0	0	0	0.21	11.53	0	0	19.706	0	0	0	0	0	0	0.629	0	0.839	0.419	0	12.579	0	0	0	0	0	0.21	2.725	0	0	0	0
GA020	0	0.316	0	0	0	0.158	36.076	0	0.316	0	0	0.158	15.506	0	0	23.892	0	0	0	0	0	0	0	0	0.316	0	0	13.449	0	0	0	0	0.158	0	9.494	0	0	0.158	0
GA021	0	1.263	0.211	0	0	0.421	35.368	0	0.632	0	0	0.842	9.053	0	0	2.526	0	0	0	0	0	0	0	0	0.211	0	0	25.895	0	0	0	0	0	0.211	23.158	0	0	0.211	0
GA022	0	1.242	0.207	1.449	0	0.414	34.576	0	0.621	0	0	0.828	8.903	0	0	2.484	0	0	0	0	0	0	0	0	0.207	0	0	25.466	0	0	0	0	0	0.207	23.188	0	0	0.207	0
GA023	0	0.978	0.587	0	0.196	0.196	54.599	0	0.196	0	0	0.587	9.589	0	0	15.851	0	0	0	0	0	0	0.587	0	0.783	0.196	0	9.785	0	0	0	0	0.196	0.587	4.305	0	0	0.783	0
GA024	0	0.901	0	0	0	0	24.775	0	0.225	0	0	0	20.045	0	0	18.468	0	0	0	0	0	0	0.225	0	0.225	0	0	22.523	0	0.225	0	0	1.577	0	9.009	0	0	1.802	0
GA025	0	1.61	0.201	0.201	0.201	0	39.839	0	0	0	0	0	31.59	0	0	11.268	0	0	0	0	0	0	0.402	0	0.201	1.006	0	6.237	0	0	0	0	0.604	0.201	6.036	0	0	0.402	0
GA026	0	3.165	0.211	0	0	0	35.865	0	0	0	0	0.633	24.262	0	0	15.19	0	0	0	0	0	0	0	0	0.844	0.844	0	11.603	0	0	0	0	0	0	6.54	0	0.211	0.633	0
GA027	0	0.932	0	0	0	0	60.373	0	0	0	0	0.932	13.986	0	0	5.594	0	0	0	0	0	0	1.399	0	0.233	0	0	8.625	0	0	0	0	0.699	0.699	5.361	0	0	1.166	0
GA028	0	0	0.641	0	0	0.641	35.897	0	0.641	0	0	0	23.077	0	0	1.282	0	0	0	0	0	0	0	0	0	0	0	19.231	0	0	0	0	0.641	0	16.026	0	0	1.923	0
GA029	0	3.717	0	0	0.354	0	49.381	0	0.708	0	0	0	6.195	0	0	11.327	0.177	0	0	0	0	0	0.708	0	0.885	2.832	0	14.69	0	0	0	0	0.708	0	7.611	0.531	0.177	0	0
GA030	0	7.051	0.427	0	1.709	0	28.846	0	0.214	0.214	0	0	20.726	0.427	0	11.538	0	0	0	0	0	0	0.641	0	2.137	1.709	0	9.188	0	0	0	0	0.427	0	14.744	0	0	0	0
GA031	0	9.924	0.763	0	0.382	0	30.916	0	0.191	0.382	0	0	15.649	0.573	0	6.489	0	0	0	0	0	0	2.863	0	3.244	3.817	0	12.595	0	0	0	0	0.573	0.573	9.351	0.763	0.573	0.382	0
GA032	0	8.157	0.302	0	0.302	0	21.45	0.302	0.906	0	0.302	0	29.003	0	0	10.876	0	0	0	0	0	0.302	0.604	0	2.115	2.115	0	12.085	0	0	0.302	0	0	0	9.97	0.302	0.302	0.302	0
GA033	0	0.499	0	0.499	0	0.499	17.706	0.249	0	0	0	2.244	24.19	0	0	0.249	0	0	0	0	0	0	5.237	0	0	0.499	0.249	30.424	0	0	0	0	2.494	0	12.469	0	0	2.494	0
GA034	0	0.462	0	0.462	0	0.462	17.783	0.231	0	0	0	2.309	24.249	0	0	0.462	0	0	0	0	0	0	5.312	0	0	0	0.231	30.716	0	0	0	0	2.54	0	12.24	0	0	2.54	0
GA035	0	0.713	0.238	0.713	0.238	0.475	13.064	0	0	0	0	1.188	20.19	0	0	0.238	0	0	0	0	0	0	4.038	0	0.238	0	0.238	22.803	0	0	0	0	9.976	0	14.252	0	0.238	11.164	0
GA036	0	0.211	0	0.211	0.211	0.844	20.464	0	0	0	0	0.211	30.169	0	0	1.899	0	0	0	0	0	0.211	2.321	0	0.211	0.211	0	18.143	0	0.211	0	0	12.025	0	5.696	0	0	6.751	0
GA037	0	4.294	0.307	0	1.227	0.613	17.791	0	0	0.307	0	0	21.779	0	0	30.675	0.613	0	0	0	0	0.92	0.613	0	1.227	0.92	0	11.35	0	0	0	0	0.92	0.307	5.828	0.307	0	0	0
GA038	0	3.168	0	0	0.198	0.99	24.554	0.396	0.396	0	0.396	0	31.683	0	0	10.891	0.198	0	0	0	0	0	0.594	0	0.594	0.99	0.396	15.248	0	0	0	0	0.792	0.198	8.317	0	0	0	0
GA039	0	10.777	0.752	0.251	0	0.251	14.035	0.501	0	0	0.752	0	25.063	0.251	0	13.033	0.251	0	0.501	0	0	0	0.501	0	1.504	2.506	0	16.04	0	0	0	0	0.251	0	12.531	0.251	0	0	0
GA040	0	3.951	0.494	0.247	0.494	0.741	10.37	0.741	0.494	0	0	0	33.086	0.247	0	17.778	0.247	0	0	0	0	0	0	0	0.988	0.988	0	8.642	0	0.494	0	0	0.741	1.235	17.284	0.741	0	0	0
GA041	0	19.048	0	0	0	0.476	43.333	0	0	0	0	2.857	13.81	0	0	6.667	0	0	0	0	0	0	0.952	0	0	0	0	1.905	0	0	0	0	0	0	10.476	0.476	0	0	0
GA042	0	11.839	0	0	1.057	0	50.317	0	0	0	0	1.48	13.953	0	0	8.668	0	0	0	0	0	0	0.846	0	0.211	0.211	0	2.748	0	0	0	0	0.423	0	8.245	0	0	0	0
GA043	0	29.688	0	0	0.521	0	38.542	0	0	0	0	1.302	9.115	0	0	6.51	0	0	0	0	0	0	0.521	0	0	0.521	0	5.729	0	0	0	0	0	0	7.031	0	0.26	0.26	0
GA044	0	11.548	0	0	0.246	0	47.666	0.246	0.246	0	1.474	0	12.531	0	0	7.371	0.491	0	0.246	0	0.491	0	0.491	0	0	0.246	0	5.897	0	0	0	0	0.246	0.737	9.337	0	0	0	0.491
GA045	0	6.928	0.693	0	0.693	0	12.933	0	0	0.231	0	0.231	24.48	0	0	32.333	0	0	0	0	0	0	0.462	0	1.155	0.924	0	10.855	0	0	0	0	1.386	0.462	5.774	0	0	0.462	0
GA046	0	9.639	0	0	0	0	68.273	0	0.201	0	0	1.807	6.627	0	0	4.016	0	0	0	0	0	0	0.201	0	0	0.201	0	1.606	0	0	0	0	0.201	0	6.426	0	0	0.803	0
GA047	0	10.526	0	0	0	0	48.284	0	0.915	0	0	1.144	19.451	0	0	5.95	0	0	0	0	0	0	0	0	0	0	0	6.407	0	0	0	0	0	0.229	6.865	0	0	0.229	0
GA048	0	6.904	0.418	0	0	0	34.1	0	0	0.209	0	0.209	23.431	0	0	14.644	0	0	0	0	0	0	0.209	0	1.046	0.628	0	13.808	0	0	0	0	0.418	0	3.347	0	0.209	0.418	0
GA049	0	8.706	0.471	0.235	0.471	0	52.941	0.235	0	0	0	1.176	12.941	0	0	8.941	0	0	0	0	0	0	1.412	0	0	0.235	0	4.941	0	0	0	0	0	0	5.882	0	0.235	1.176	0
GA050	0	7.126	0.238	0.238	0.475	0.238	23.04	0.238	0.238	0	0	0	22.565	0	0	19.477	0.475	0	0	0	0	0.238	0	0	0.713	0.475	0	11.164	0	0	0	0	0.238	0.238	12.589	0	0	0	0
GA051	0	0	0	0	0.089	0	5.846	0	1.063	0	0	0	0.177	0	0	0.531	0	0	0	0	0	0	0	0	0	0	0	89.017	0	0	0	0	0	0	3.1	0.177	0	0	0
GA052	0	0	0	0	0	0	23.797	0.253	2.532	0	0	0	15.19	0.253	0	2.785	0	0	0	0	0	0	2.785	0	0	0	0	20.506	0	0	0	0	0.506	0	25.823	1.266	0	4.304	0
GA053	0	0	0	0	0	0	4.641	0	0	0	0	0	6.751	0	0	3.376	0	0	0	0	0	0	21.941	0	0	0	0	19.409	0	0	0	0	0	0	40.506	0	0	3.376	0
GA054	0	0	0	0	0	0	41.909	0.162	0.324	0	0	0	20.065	0.162	0	7.929	0	0	0	0	0	0	1.456	0	0	0	0	9.385	0	0	0	0	0.485	0	16.99	0.971	0.162	0	0
GA055	0	0	0	0	0	0.25	11.25	0	5.75	0	0	0	13.75	0	0	13.5	0	0	0	0	0	0	3.5	0	0	0.75	0	5.25	0	3	0	0	1.75	0	39.5	0	0	1.75	0
GA056	0	0	0	0	0	0	3.627	0	3.627	0	0	0	20.207	1.554	0	8.808	0	0	0	0	0	0	9.845	0	2.073	0	0	14.508	0	0	0	0	1.554	1.554	29.534	2.591	0	0.518	0
GA057	0	0.847	0	0	0.424	0	6.992	0	0.636	0	0	0	19.492	0	0	42.585	0	0	0	0	0	0	0.424	0	0	0.212	0	1.695	0	0.212	0	0	0	0	26.059	0.424	0	0	0
GA058	0	0.481	0.481	0	3.365	0	1.923	0	0.481	0	0	0	23.077	0	0	31.25	0	0	0	0	0	0	0.481	0	0.962	0.481	0	12.981	0	0	0	0	0	0	24.038	0	0	0	0
GA061	0	0	0	0	0	0	0	2.941	0.98	0	0	0	7.843	0	0	0	0	0	0	0	0	0	2.941	0	0	0	0	30.392	0	0	0	0	0	3.922	39.216	11.765	0	0	0
WAA001	0	28.107	0.592	0	1.183	0	30.178	0	0	0	0	0	20.71	0	0	0.296	0	0	0	0	0	0	0	0	7.988	0	0	4.142	0	0	2.071	0	0	0.296	3.55	0	0.888	0	0
WAA002	0	8.2	0	0	2.05	0	13.44	0	0.228	0	0	0	35.308	0	0	1.139	0	0	0	0	0	0	0	0.228	1.139	0	0	35.535	0.228	0	0	0	0.228	0.683	0.911	0.228	0.228	0.228	0
WAA003	0	27.485	0	0.292	1.17	0	16.959	1.462	0.585	0	0	0	28.07	0	0	0.585	0.585	0	0	0	0	0.292	0	0	2.924	0	0	5.556	0	0	0.877	0	0.877	3.509	7.31	0.292	1.17	0	0
WAA004	0	9.535	0	0	0.93	0.233	15.349	0	0	0.233	0	0	60.698	0	0	0.233	0	0	0	0	0	0	0	0	3.023	0	0	6.744	0	0	0	0	0	0.698	2.093	0.233	0	0	0
WAA005	0	2.463	0	0	0.246	0.246	12.315	0.246	0	0	0	0	53.448	0	0	4.433	0	0	0	0	0	0	0	0	3.202	0	0	22.167	0.246	0	0	0	0	0.493	0.493	0	0	0	0
WAA006	0	5.172	0	0	0.246	1.478	33.744	0	0	0	0	0	28.818	0	0	7.882	0	0	0	0	0	0	0	0	0.246	0	0	19.704	0.246	0.246	0	0	0.246	0	1.97	0	0	0	0
WAA007	0	3.189	0	0	0.456	0.228	19.362	0	0	0	0	0	52.62	0	0	3.189	0	0	0	0	0	0	0	0	0.456	0	0	19.818	0	0	0	0	0.228	0.228	0.228	0	0	0	0
WAA008	0	9.843	0	0	1.575	0.591	15.551	0	0.394	0.197	0	0	60.236	0	0	2.559	0.197	0	0	0	0	0	0.197	0	1.575	0	0	5.315	0	0	0	0	0.394	0.197	1.181	0	0	0	0
WAA009	0	3.951	0	0	0.494	0.741	20.247	0	0	0	0	0	47.654	0	0	4.691	0	0	0	0	0	0	0	0	1.728	0	0	19.012	0	0	0	0	0	0.494	0.988	0	0	0	0
WAA010	0	7.595	0	0	0	0	13.924	0	0	0	0	0	50.127	0	0	0	0	0	0	0	0	0	0	0	2.785	0	0	21.772	0	0	0	0	0	0	3.797	0	0	0	0
WAA011	0	8.831	0	0	0.955	0.716	16.706	0	0	0	0	0	48.687	0	0	4.535	0	0	0	0	0	0.239	0.239	0	4.057	0.239	0	11.456	0	0	0	0	0	0.239	3.103	0	0	0	0
WAA012	0	0.976	0	0.244	0.244	0.244	15.854	0	0.244	0	0	0	17.073	0	0	10.244	0	0	0	0	0	0	0	0	0.732	0	0	53.415	0	0	0	0	0.244	0.244	0.244	0	0	0	0
WAA013	0	15.274	0	0	0	0	23.343	0	0	0	0	0	44.957	0	0	5.187	0	0	0	0	0	0	0.288	0	1.729	0	0	5.187	0	0	0	0	0.288	0.576	2.882	0	0	0.288	0
WAA014	0	8.039	0	0	0.588	0.98	11.176	0	0	0	0	0	40.588	0	0	1.961	0	0	0	0	0	0	0	0.196	1.765	0	0	31.765	0	0	0	0	0.98	0.98	0.98	0	0	0	0
WAA015	0	12.027	0	0	0.859	0.515	25.086	0.515	0.344	0	0	0	39.691	0	0	6.186	0.172	0	0	0	0	0	0.172	0	2.749	0	0	6.701	0	0.172	0	0	0.344	0.344	3.608	0.172	0.344	0	0
WAA016	0	9.513	0	0	1.327	0	18.584	0	0	0	0	0	55.752	0	0	3.761	0	0	0	0	0	0	0	0	1.106	0	0	6.195	0	0.221	0	0	0	0.221	3.319	0	0	0	0
WAA017	0	9.163	0	0	0.398	0.398	15.737	0	0.199	0	0	0	59.761	0	0	2.988	0	0	0	0	0	0	0	0	1.793	0	0	7.57	0	0	0	0	0.199	0.199	1.394	0	0.199	0	0
WAA018	0	10.722	0	0	0.875	0.219	14.88	0	0	0	0	0	56.455	0	0	0	0	0	0	0	0	0	0.219	0	2.407	0.438	0	11.379	0	0	0	0	0.438	0	1.751	0	0	0.219	0
WAA019	0	10.824	0	0.235	0.941	0.471	19.059	0	0	0	0	0	49.647	0	0	1.882	0	0	0	0	0	0	0	0	2.118	0	0	10.824	0	0	0	0	0.235	0	3.765	0	0	0	0
WAA020	0	9.63	0	0	0.741	0	17.037	0.494	0.494	0	0	0	53.333	0	0	2.469	0	0	0	0	0	0	0.247	0.247	1.728	0	0	8.889	0	0.247	0	0	0.247	0.247	3.457	0	0.494	0	0
WAA021	0	11.408	0	0	0.728	0.243	12.136	0	0	0	0	0	53.398	0	0	1.214	0	0	0	0	0	0	0.243	0	3.155	0.243	0	13.107	0	0	0	0	0.243	0.728	3.155	0	0	0	0
WAA022	0	6.308	0	0	0	0.467	22.196	0.234	0	0	0	0	42.29	0	0	6.075	0	0	0	0	0	0	0	0	1.168	0	0	16.822	0	0	0	0	0	0.935	3.505	0	0	0	0
WAA023	0	9.762	0	0	0.238	0.238	24.524	0.714	0.238	0	0	0	40.476	0	0	3.81	0	0	0	0	0	0	0	0	3.095	0	0	12.857	0	0	0	0	0.238	0	3.81	0	0	0	0
WAA024	0	9.868	0	0	1.754	0	23.904	0	0	0	0	0	31.14	0	0	4.605	0.219	0	0	0	0	0	0	0	1.974	0	0	20.175	0	0.219	0	0	0.877	0.439	3.947	0.219	0.439	0.219	0
WAA025	0	9.716	0	0	0.711	0	18.246	0.474	0	0	0	0	53.081	0	0	6.872	0	0	0	0	0	0	0.474	0	0.948	0	0	4.976	0	0.237	0	0	0	0.474	3.081	0	0.711	0	0
WAA026	0	8.313	0	0	0.489	0.244	13.203	0	0	0	0	0	59.658	0.244	0	4.401	0	0	0	0	0	0	0.244	0	1.956	0	0	6.112	0	0.489	0	0	0.489	0.244	3.912	0	0	0	0
WAA027	0	14.344	0	0	0.82	0.615	14.959	0.205	0	0	0	0	48.156	0	0	0.82	0	0	0	0	0	0	0.205	0	2.664	0	0	12.5	0	0	0	0	0	0.41	4.303	0	0	0	0
WAA028	0	4.832	0	0	0	0.63	10.084	0.21	0	0	0	0	66.387	0	0	5.672	0	0	0	0	0	0	0	0	2.101	0	0	7.353	0	0.21	0	0	0	0.21	2.311	0	0	0	0
WAA029	0	17.422	0.239	0	3.58	0	22.912	0.239	0	0.239	0	0	37.709	0	0	4.773	0	0	0	0	0	0	0.716	0	1.909	0	0	6.444	0	0	1.193	0	0.477	0	2.148	0	0	0	0
WAA030	0	2.771	0	0	1.155	0.462	56.351	0.231	0	0	0	0	28.176	0	0	0.924	0	0	0	0	0	0	0	0	0	0	0	4.85	0	0	0	0	0	0	4.85	0	0.231	0	0
WAA031	0	6.49	0	0	0.24	0.24	16.827	0	0.24	0	0	0	34.856	0	0	5.288	0	0	0	0	0	0	0	0	0.962	0	0	28.365	0.24	0	0	0	0.24	0.24	5.769	0	0	0	0
WAA032	0	14.286	0	0	1.261	0.84	18.908	0	0	0	0	0	37.815	0	0	5.042	0.42	0	0	0	0	0	0	0	1.681	0.42	0	12.605	0	0	0	0	0.42	1.681	3.782	0.42	0	0.42	0
WAA033	0	8.088	0	0	0.49	0.735	27.451	0	0	0	0	0	13.725	0	0	9.069	0	0	0	0	0	0	0.245	0	0.98	0	0	36.275	0	0	0	0	0	0.98	1.961	0	0	0	0
WAA034	0	9.557	0	0	0.932	0.233	18.182	0	0.233	0	0	0	37.762	0	0	8.159	0	0	0	0	0	0	0	0	0.466	0	0	21.678	0	0	0	0	0.699	0.233	1.865	0	0	0	0
WAA035	0	7.907	0	0	0	0	20.698	0	0	0	0	0	34.186	0	0	8.605	0	0	0	0	0	0	0	0	0	0	0	24.884	0	0	0	0	0	0	3.721	0	0	0	0
WAA036	0	5.569	0	0	0.242	0.484	14.044	0.242	0.484	0	0	0	38.499	0	0	3.874	0	0	0	0	0	0	0	0	0.726	0	0	34.14	0	0	0	0	0.242	0	0.969	0.242	0.242	0	0
WAA037	0	4.087	0	0	0.481	0.721	11.058	0	0	0	0	0	31.01	0	0	1.442	0	0	0	0	0	0	0	0	1.202	0	0	48.798	0	0	0	0	0	0	1.202	0	0	0	0
WAA038	0	4.242	0	0	0	1.414	10.505	0.404	0	0.202	0	0	46.263	0	0	4.242	0	0	0	0	0	0	0	0	0.808	0	0	28.283	0	0	0	0	0.404	0.606	2.222	0	0.404	0	0
WAA039	0	8.442	0	0	0.216	0.216	10.823	0	0	0	0	0	54.978	0	0	1.299	0.216	0	0	0	0	0	0	0	1.082	0	0	17.749	0	0	0	0	0.866	0.649	3.463	0	0	0	0
WAA040	0	3.132	0	0	0	0.224	4.474	0	0	0	0	0	31.991	0	0	0.224	0	0	0	0	0	0	0	0	0	0.447	0	55.928	0	0	0	0	0.671	0.671	2.237	0	0	0	0
WAA041	0	8.511	0	0	0.709	1.891	10.165	0	0.236	0	0	0	27.423	0	0	4.019	0	0	0	0	0	0	0	0	0.709	0	0	41.371	0	0.236	0	0	0.946	0	3.783	0	0	0	0
WAA042	0	4.472	0	0	2.439	1.423	7.927	0.813	0.203	0.203	0	0	34.35	0	0	4.878	0	0	0	0	0	0	0	0	1.626	0	0	36.585	0	0.203	0	0	0.813	0.61	3.455	0	0	0	0
WAB001	0	25.157	0	0	5.031	0	12.579	1.572	0	0	0	0	17.61	0.629	0	0	0.314	0	0	0	0.314	0	10.377	0	11.321	2.201	0.314	7.862	0	0	0.314	0	0	0.629	1.572	2.201	0	0	0
WAB002	0	25.044	0	0	1.226	0	20.665	0.876	0	0	0	0	12.259	1.051	0	0.876	0.175	0	0	0	0.175	0	10.333	0	15.412	1.226	0.175	5.079	0	0	0.175	0	0	0.701	2.627	1.926	0	0	0
WAB003	0	30.781	0.159	0	3.668	0.478	16.587	0.638	0.159	0	0	0	14.035	0.319	0	0.319	0	0	0	0	0.159	0	6.858	0	14.833	1.914	0	3.987	0	0	0	0	0	0.957	3.349	0.638	0.159	0	0
WAB004	0	27.978	0.277	0	3.324	0	16.62	0.831	0.277	0	0	0	13.296	0.277	0	0.831	0	0	0	0	0.277	0	5.817	0	15.512	3.047	0.277	6.648	0	0	0	0	0	1.662	1.108	1.939	0	0	0
WAB005	0	22.351	0	0	2.119	0.193	17.726	2.119	0.963	0	0	0	14.451	0.385	0	0.963	0	0	0	0	0	0	8.478	0	15.992	2.89	0	4.046	0	0	0.193	0	0.193	1.349	1.349	4.046	0	0.193	0
WAB006	0	24.771	0	0	3.486	0	18.165	0.734	0	0	0	0	13.028	0	0	0.367	0.183	0	0	0	0.183	0	10.642	0	14.128	2.569	0	5.138	0	0	0	0	0	0.55	3.486	2.385	0.183	0	0
WAB007	0	10.213	1.064	0	2.766	2.34	12.979	0.851	0	0.638	0	0	30.638	0	0	0.213	0.426	0	0	0	0	0	0	0	18.723	2.979	0	7.021	0	0	0	0	0	2.128	4.681	2.34	0	0	0
WAB008	0	13.827	0	0	4.938	1.235	5.432	1.481	0.247	0	0	0	15.062	0	0	0.247	0.247	0	0	0	0	0	9.383	0	18.272	5.926	0	8.889	0	0	0.247	0	0	1.975	5.679	6.667	0	0.247	0
WAB009	0	7.692	0	0	3.448	0	6.631	1.592	0.796	0.265	0	0	28.912	1.061	0	0	0.265	0	0	0	0	0	7.692	0	19.098	7.958	0	8.223	0	0	0	0	0	2.918	2.122	1.326	0	0	0
WAB010	0	9.337	0	0	2.703	0.246	9.091	2.703	0.246	0.246	0	0	35.135	0.246	0	0	0	0	0	0	0	0.246	4.668	0	12.531	3.44	0.246	6.143	0	0	0	0	0	3.931	2.703	6.143	0	0	0
WAB011	0	14.493	0.207	0	2.899	1.035	10.352	4.348	0	0	0	0	23.602	1.242	0	0	0.207	0	0	0	0	0	3.52	0	22.774	4.141	0.207	3.52	0	0	0	0	0	2.07	2.484	2.899	0	0	0
WAB012	0	15.739	0	0	0.768	0.576	8.061	1.344	0.192	0	0	0	25.528	0	0	0.192	0	0	0	0	0	0	2.879	0	23.608	8.829	0.384	4.415	0	0	0.192	0	0	1.727	2.687	2.687	0.192	0	0
WAB013	0	14.57	0	0	0.442	0.883	14.128	4.194	0.221	0	0	0	25.386	0.442	0	0	0	0	0	0	0	0	1.545	0	19.647	3.311	0	7.285	0	0	0.442	0	1.104	1.766	2.87	1.766	0	0	0
WAB014	0	10.575	0	0	2.069	0.92	10.115	1.379	0.23	0	0	0.46	22.529	0	0.23	0.69	0	0	0	0	0	0	4.368	0	25.057	3.448	0	9.885	0	0	0	0	0	2.299	1.839	3.908	0	0	0
WAB015	0	17.174	0	0	4.783	0.435	11.304	1.087	0.435	0	0	0	16.087	0.217	0	0.435	0	0	0	0	0.217	0	10.652	0	15.87	3.913	0.217	7.826	0	0.217	0	0	0	1.087	3.478	4.565	0	0	0
WAB016	0	7.339	0	0	4.128	0.459	7.339	3.67	0	0	0	0	18.807	0.917	0	0.459	0	0	0	0	0	0	3.67	0	19.725	5.505	0	18.807	0	0	0	0	0.459	3.67	1.376	3.67	0	0	0
WAB017	0	12.5	0	0	1.716	1.716	8.333	1.961	0.245	0	0	0	25.98	0	0	0.98	0	0	0	0	0	0	7.843	0	5.637	2.451	0.245	11.275	0	0	0.245	0	1.471	3.676	4.902	8.333	0.49	0	0
WAB018	0	10.248	0	0	3.416	0.932	7.143	1.242	0.311	0	0	0	19.565	0.311	0	0	0	0	0	0	0	0	9.938	0	9.627	1.553	1.242	11.801	0	0	0.311	0	0.932	3.106	7.764	10.559	0	0	0
WAB019	0	12.44	0	0	1.675	0.478	6.459	1.675	0.239	0	0	0	26.555	1.675	0	0.718	0.239	0	0	0	0	0	4.545	0	11.962	0.957	0.239	16.507	0	0	0	0	0	3.589	5.024	5.024	0	0	0
WAB020	0	9.288	0	0	3.715	0.619	8.978	1.238	0.929	0	0	0	21.053	3.096	0	0	0.31	0	0	0	0	0	4.954	0.31	11.146	0.619	0.619	14.241	0	0	0	0	0.929	3.406	4.954	9.288	0.31	0	0
WAB021	0	9.148	0	0	2.524	0.631	6.94	4.416	0.631	0.315	0	0	23.659	1.577	0	0	0	0	0	0	0	0	7.256	0	8.517	0.315	1.262	14.511	0	0	0	0	0	4.101	6.309	7.886	0	0	0
WAB022	0	6.441	0	0	4.068	1.356	6.102	4.746	1.017	0	0	0	17.288	1.356	0	0	0.339	0	0	0	0	0	5.763	0.339	9.153	2.373	0	26.441	0	0	0	0	0.339	4.068	2.712	5.763	0.339	0	0
WAB023	0	9.241	0	0	3.3	0.66	3.63	2.64	0.33	0	0	0	23.762	1.32	0	0	0.66	0	0	0	0	0	1.98	0	12.211	0.33	1.32	10.891	0	0	0	0	0.99	6.271	6.271	13.861	0.33	0	0
WAB024	0	6.95	0	0	6.564	0.772	6.564	1.544	1.158	0	0	0	15.444	1.544	0	0	0	0	0	0	0	0	6.178	0	15.444	2.317	0	21.622	0	0.386	0	0	0	1.931	6.564	5.019	0	0	0
WAB025	0	12.861	0.262	0	2.1	1.312	8.136	4.462	0.525	0	0	0	25.984	1.05	0	0	0	0	0	0	0	0	5.249	0	8.661	1.575	0	13.123	0	0.262	0	0	1.575	1.05	3.412	8.136	0	0.262	0
WAB026	0	8.059	0	0	4.762	0.366	4.396	3.663	0.366	0	0	0	14.652	1.465	0	0.366	0.366	0	0	0	0	0	8.425	0	9.89	1.832	0	18.315	0	0	0	0	0.733	3.297	6.593	12.454	0	0	0
WAB027	0	6.093	0	0	5.018	1.075	7.168	7.527	2.151	0	0	0	13.62	1.434	0	0	0	0	0	0	0	0	6.81	0	7.527	0	0	25.09	0	0	0	0	1.075	3.226	4.301	7.885	0	0	0
WAB028	0	7.074	0	0	0.322	2.894	6.752	5.145	0.965	0	0	0	39.871	0	0	0	0	0	0	0	0	0	5.466	0	6.752	0.643	0	13.505	0	0	0	0	1.608	1.608	6.431	0.965	0	0	0
WAB029	0	8.993	0	0	0.36	1.079	4.317	5.036	1.439	0.36	0	0	43.525	0	0	0.36	0	0	0	0	0	0	5.036	0	6.835	0.36	0	12.59	0	0	0	0	0.36	1.799	5.396	2.158	0	0	0
WAB030	0	7.767	0	0	1.618	1.942	5.825	3.883	1.942	0	0	0	33.657	0	0	0	0	0	0	0	0	0	7.767	0	5.178	0.971	0	20.712	0	0	0.324	0	0.324	1.294	4.207	2.589	0	0	0
WAB031	0	4.714	0	0	1.684	1.684	9.091	1.347	1.684	0.337	0	0	39.057	0	0	0.337	0	0	0	0	0.337	0	1.01	0	9.428	0.673	0	26.599	0	0	0	0	0	0	1.01	1.01	0	0	0
WAB032	0	9.333	0	0	0.333	1.333	6	4.667	1.333	0	0	0	27.333	0.667	0	0	0	0	0	0	0	0	10.333	0	6	0.667	0	20.333	0	0	0	0	1.667	1.667	5.667	2.667	0	0	0
WAB033	0	7.641	0	0.332	0.664	1.661	5.98	3.654	0.664	0	0	0	42.525	0	0	0.332	0	0	0	0	0	0	6.312	0	6.312	0.664	0.332	16.611	0	0	0	0	0	0.997	4.319	0.997	0	0	0
WAB034	0	11.781	0	0	0.274	0	10.685	1.37	1.918	0.274	0	0	15.342	0.274	0	0.548	0.274	0	0	0	0	0	25.205	0	3.562	0	0	17.808	0	0	0	0	0.548	0.548	7.945	1.644	0	0	0
WAB035	0	9.689	0	0	0.346	0.692	5.19	2.422	1.038	0	0	0	31.488	0.346	0	0	0	0	0	0	0	0	17.993	0	4.152	0.346	0	16.609	0	0	0	0	1.038	1.038	4.152	3.46	0	0	0
WAB036	0	10.526	0	0	1.858	0.31	6.502	4.025	0	0	0	0	30.031	0.31	0	0	0	0	0	0	0	0	22.291	0	3.096	0.31	0	11.455	0	0	0	0	0.619	0.929	2.786	4.644	0.31	0	0
WAB037	0	8.209	0	0	1.119	0.746	4.478	1.119	0.746	0	0	0	35.075	0	0	0	0.373	0	0	0	0	0	22.761	0	4.104	1.119	0	13.433	0	0	0	0	0.746	0.373	3.358	2.239	0	0	0
WAB038	0	11.486	0	0	0.676	0	7.432	2.252	0.901	0	0	0	27.027	0.225	0	0	0.225	0	0	0	0	0	17.793	0	4.505	2.252	0	14.189	0	0	0	0	1.126	1.351	6.081	2.477	0	0	0
EBL001	3.067	22.699	0.307	0	0	0	32.515	0	0.307	0	0	0	0.307	0	0	0.613	0	0	0	0	1.534	0	0	0	36.81	0.92	0	0.307	0	0	0.307	0.307	0	0	0	0	0	0	0
EBL002	2.996	0.749	2.247	0	0	0	29.963	0	0	4.12	0.375	0	1.873	0	0	4.12	0	0.375	0	0.375	0	0	0.749	0	38.577	4.12	0	5.993	0	0	0	0.749	0	1.498	0.749	0	0	0	0.375
EBL003	4.762	15.873	0.794	0	1.19	0.397	21.429	0	0	0	0.397	0	3.175	0	0	3.571	0	0	0	0	0.397	0	0.397	0	33.333	9.524	0	1.984	0	0	0	1.587	0	0.794	0	0	0	0	0.397
EBL004	0.288	20.173	0	0	0.288	0.576	27.666	0	0	0	0.288	0	0	0	0	5.476	0	0	0	0	0	0	0	0	38.905	5.764	0	0.576	0	0	0	0	0	0	0	0	0	0	0
EBL005	4.545	8.442	0.649	0	0	1.299	7.143	0.649	0	0.649	0	0	1.948	0	0	0	0	0	0	0	0	0	0	0	70.779	1.948	0	1.299	0	0	0	0	0	0	0	0	0	0	0.649
EBL006	2.16	5.556	0.926	0	0	0.309	13.889	0	0.309	0	0	0	0.926	0	0	0.617	0	0	0	0.309	0	0	0.309	0	72.84	1.235	0	0.309	0	0	0	0.309	0	0	0	0	0	0	0
EBL007	1.429	3.929	1.071	0	0	0	14.286	0	0	0	0	0	0.357	0	0	0	0	0	0	0	0	0	0	0	76.071	1.429	0	1.429	0	0	0	0	0	0	0	0	0	0	0
EBL008	1.475	1.77	1.18	0	0	0	16.519	0	0	0	0	0	1.475	0	0	1.475	0	0	0	0.295	0	0	0	0	74.041	1.475	0	0.295	0	0	0	0	0	0	0	0	0	0	0
EBL009	3.235	3.774	0.27	0	0	0	16.173	0	0	0	0	0	6.469	0	0	4.313	0	0	0	0.809	0	0	0	0	61.456	1.887	0	0.27	0	0	0.809	0.27	0	0	0	0	0	0	0.27
EBL010	1.333	7	0.333	0	0	0	17.333	0.333	0	0	0	0	0.667	0	0	1	0.333	0	0	0.333	0.667	0	0	0	68	1	0	0.667	0	0	0	1	0	0	0	0	0	0	0
EBL011	4.412	2.574	0.368	0	0	0	9.559	0	0.368	0	0	0	1.838	0	0	0.735	0	0	0.368	0.368	0	0	0	0	75.735	3.309	0	0.368	0	0	0	0	0	0	0	0	0	0	0
EBL012	1.961	3.922	0.327	0	0	0.327	14.379	0	0	0	0	0	5.556	0	0	2.288	0	0	0	0.327	0	0	0	0	68.954	0.98	0	0.654	0	0	0	0	0	0	0	0	0	0.327	0
EBL013	3.077	4.615	0.308	0	0	0	12.615	0.308	0	0	0	0	0.615	0	0	0.308	0	0	0	0.308	0	0	0	0	76.308	1.231	0	0	0	0	0	0.308	0	0	0	0	0	0	0
EBL014	4.063	1.806	0	0	0	0	8.126	0	0	0	0	0	1.129	0	0	1.354	0	0	0	0.677	0	0	0	0	81.941	0.451	0	0.226	0	0	0	0	0	0	0.226	0	0	0	0
EBL015	3.519	7.918	0	0	0	0	8.504	0	0	0	0	0	1.466	0	0	0	0	0	0	0	0	0	0	0	76.833	0.88	0	0.293	0	0	0	0.293	0	0	0.293	0	0	0	0
EBL016	2.083	1.488	0.298	0	0	0	11.31	0.298	0	0	0	0	1.786	0	0	0.893	0	0	0.298	1.19	0	0	0	0	80.357	0	0	0	0	0	0	0	0	0	0	0	0	0	0
EBL017	1.14	5.128	0.285	0	0	0	7.123	0	0	0	0.285	0	1.14	0	0	0.285	0	0	0	0	0.285	0	0	0	81.481	1.14	0	0.855	0	0	0.285	0	0	0	0.57	0	0	0	0
EBL018	0.864	9.503	0	0	0	0	27.43	0	0	0	0	0	3.888	0	0	0.864	0	0	0	0	0	0	0	0	47.948	8.639	0	0.864	0	0	0	0	0	0	0	0	0	0	0
EBL019	4.113	7.198	0	0	0.771	0.514	12.596	0	0	0	0	0	1.028	0	0	0	0	0	0	2.057	0	0	0	0	69.923	1.285	0	0.257	0	0	0	0.257	0	0	0	0	0	0	0
EBL020	0.612	4.893	0.306	0	0	0	17.737	0	0	0	0	0	1.835	0	0	0	0	0	0	0	0	0	0	0	71.865	1.223	0	0.612	0	0	0	0.612	0	0	0.306	0	0	0	0
EBL021	0	9.511	0.815	0	0.815	0	24.728	0	0	0	0	0	3.804	0	0	0	0	0	0	0	0	0	0	0	51.087	8.424	0	0.815	0	0	0	0	0	0	0	0	0	0	0
EBL022	6.849	2.466	0	0	0	0	6.849	0.274	0	0	0	0	0	0	0	0	0	0	0.274	0.274	0	0	0.274	0	82.192	0.548	0	0	0	0	0	0	0	0	0	0	0	0	0
EBL023	5.025	9.296	0	0	0	0	15.578	0	0	0	0	0	1.005	0	0	0.754	0	0	0	0	0	0	0.251	0	66.583	0.251	0	1.005	0	0	0	0.251	0	0	0	0	0	0	0
EBL024	1.246	7.477	0	0	0	0	14.642	0	0	0	0	0	0.623	0	0	0	0	0	0	0.623	0	0	0	0	72.897	1.246	0	0.935	0	0	0.312	0	0	0	0	0	0	0	0
EBL025	2.288	5.229	0.327	0	0.327	0	14.706	0	0	0	0	0	0.98	0	0	1.634	0	0	0	0.654	0	0	0	0	73.203	0.327	0	0.327	0	0	0	0	0	0	0	0	0	0	0
EBL026	0.926	2.407	0	0	0	0.185	10	0	0	0	0	0	0	0	0	0	0	0	0	0	0	0	0	0	85.741	0.37	0	0	0	0	0.185	0.185	0	0	0	0	0	0	0
EBL027	1.792	8.244	0.358	0	0	0.358	6.452	0	0	0	0	0	2.867	0	0	0.358	0	0	0	0	0.358	0	0	0	74.552	2.867	0	0.717	0	0	1.075	0	0	0	0	0	0	0	0
EBL028	9.545	9.545	0	0	0	0	6.364	0	0	0	0	0	0	0	0	0.909	0	0	0	0	0	0	0	0	71.364	2.273	0	0	0	0	0	0	0	0	0	0	0	0	0
EBL029	2.186	9.836	0.273	0	0	0	8.47	0	0	0	0	0	0.273	0	0	0	0	0	0	0.82	0	0	0.273	0	76.503	0.546	0	0.546	0	0	0	0.273	0	0	0	0	0	0	0
EBL030	2.73	3.97	0	0	0	0	5.707	0	0	0	0	0	0.993	0	0	0	0	0	0	0	0	0	0	0	85.112	1.489	0	0	0	0	0	0	0	0	0	0	0	0	0
EBL031	2.4	2.4	0.267	0	0.267	0	9.867	0	0	0	0	0	1.067	0	0	0	0	0	0	0.267	0	0	0	0	82.4	1.067	0	0	0	0	0	0	0	0	0	0	0	0	0
EBL032	7.263	5.587	0	0	0.279	0.279	9.777	0	0	0	0	0	1.397	0	0	0.279	0	0	0	0	0	0	0	0	73.464	1.397	0	0	0	0	0	0.279	0	0	0	0	0	0	0
EBL033	2.863	4.771	0.382	0	0.191	0	5.916	0	0.191	0	0	0	0.954	0	0	0	0	0	0	0	0.191	0	0	0	83.588	0.573	0	0.382	0	0	0	0	0	0	0	0	0	0	0
EBL034	1.464	5.649	0.209	0	0.209	0	7.113	0	0	0	0	0	1.255	0	0	0.209	0	0	0	0	0	0	0	0	81.799	1.674	0	0.209	0	0	0	0.209	0	0	0	0	0	0	0
EBL035	3.587	16.592	0	0	0.448	0	17.04	0	0	0	0	0	0	0	0	0.448	0	0	0	0	0	0	0	0	60.987	0.448	0	0.448	0	0	0	0	0	0	0	0	0	0	0
EBL036	0.826	20.386	0	0	0	0	13.774	0	0	0	0	0	2.479	0	0	0.551	0	0	0	0	0	0	0	0	59.504	1.377	0	0.826	0	0	0	0	0	0	0.275	0	0	0	0
EBL037	1.176	13.235	0.882	0	0	0	7.941	0	0	0	0.294	0	1.176	0	0	0.588	0	0	0	0	0	0	0	0	72.647	0.882	0	0.588	0	0	0	0.294	0	0	0.294	0	0	0	0
EBL038	0.552	14.365	0.829	0	0.276	0	19.613	0	0	0.276	0	0	2.762	0	0	1.105	0	0.552	0.276	0.552	0	0	0	0	56.63	1.934	0	0	0	0	0	0	0	0	0	0	0	0	0.276
EBL039	2.122	6.897	0.265	0	0.265	0	7.692	0	0	0	0	0	1.592	0	0	0.265	0	0	0	0.265	0	0	0	0	78.249	1.857	0	0.265	0	0	0	0	0	0	0.265	0	0	0	0
EBL040	0.962	9.615	0	0	0.321	0	8.654	0	0	0	0	0	1.282	0	0	0	0	0	0	0.321	0	0	0	0	77.244	1.603	0	0	0	0	0	0	0	0	0	0	0	0	0
EBL041	7.031	9.766	0	0	0.391	0.391	17.188	0	0	0	0	0	3.125	0	0	0.391	0	0.391	0	1.953	0	0.391	0	0	55.078	2.734	0	0.391	0	0	0	0	0	0.391	0.391	0	0	0	0
EBL042	0	4.049	0.81	0	0.405	0	6.073	0	0	0.405	0	0	0.81	0	0	1.215	0	0	0	0.81	0	0	0	0	82.996	1.215	0	0.81	0	0	0.405	0	0	0	0	0	0	0	0
EBL043	1.055	4.749	0.528	0	0	0	6.332	0	0	0	0	0	0.264	0	0	0	0	0	0	0.528	0	0	0	0	85.488	0.792	0	0	0	0	0	0	0	0	0.264	0	0	0	0
EBL044	0	3.738	0.312	0	0.312	0	5.296	0	0	0	0	0	0	0	0	0	0	0	0	0.623	0	0	0	0	86.916	1.869	0	0	0	0	0.312	0	0	0	0.623	0	0	0	0
EBL045	0.773	2.062	0.258	0	0	0.258	1.031	0	0	0.258	0	0	1.289	0	0	0	0	0	0	0.258	0	0	0	0	90.979	2.32	0	0.515	0	0	0	0	0	0	0	0	0	0	0
EBL046	0	15.522	1.194	0	0	0.299	17.015	0	0	0	0	0	3.881	0	0	0.299	0	0	0	0.597	0	0	0	0	60	0.896	0	0.299	0	0	0	0	0	0	0	0	0	0	0
EBL047	1.253	4.261	0.251	0	0	0	6.516	0	0	0	0	0	1.504	0	0	0.251	0	0.251	0	0.251	0	0	0	0	84.211	1.253	0	0	0	0	0	0	0	0	0	0	0	0	0
EBL048	0	8.596	1.719	0	0	0.287	11.461	0	0.287	0.287	0	0	0.573	0	0	0.287	0	0	0	0.287	0	0	0	0	74.499	1.433	0	0	0	0	0	0	0	0.287	0	0	0	0	0
EBL049	0.59	7.08	0	0	0.295	0	7.67	0	0	0	0	0	3.835	0	0	0	0	0	0	0.59	0	0	0	0	77.286	2.065	0	0.59	0	0	0	0	0	0	0	0	0	0	0
EBL050	1.007	13.423	0.336	0	0.336	0.336	11.745	0	0	0	0	0	6.04	0	0	0	0	0	0	0.336	0	0	0	0	63.423	2.685	0	0	0	0	0	0	0	0	0.336	0	0	0	0
EBL051	1.111	11.944	0.556	0	0.833	0	17.5	0	0	0	0	0	1.667	0	0	2.222	0	0	0	0.556	0	0	0	0	60.556	2.5	0	0.556	0	0	0	0	0	0	0	0	0	0	0
EBL052	0	17.804	0.593	0	0.297	0.297	19.881	0	0	0	0	0	4.748	0	0	0	0	0	0	1.187	0	0	0	0	52.226	2.077	0	0.89	0	0	0	0	0	0	0	0	0	0	0
EBL053	0.48	6.954	0	0	0.24	0	11.271	0	0	0	0	0	0.959	0	0	0	0.24	0	0	2.398	0	0	0	0	74.82	2.398	0	0.24	0	0	0	0	0	0	0	0	0	0	0
EBL054	0	17.241	0	0	0	1.149	14.368	0	0	0	0	0	10.057	0	0	0.575	0	0	0	0.287	0	0	0	0	51.437	3.736	0	0.287	0	0	0	0	0	0	0.862	0	0	0	0
EBL055	0.503	19.598	0	0	0.251	0	20.352	0	0	0	0	0	3.015	0	0	0.503	0	0.251	0	0.251	0	0	0	0	52.764	1.759	0	0.503	0	0	0	0	0	0	0.251	0	0	0	0
EBL056	0	17.28	1.133	0	0.283	0.283	13.881	0	0	0.283	0	0	4.533	0	0	0.567	0	0	0	0.567	0	0	0	0	57.507	2.833	0	0.567	0	0	0	0	0	0	0.283	0	0	0	0
EBL057	0.656	17.377	0.984	0	0.656	0	15.082	0	0.328	0	0	0	10.82	0	0	0.656	0	0	0	0.656	0	0.328	0	0	48.197	3.607	0	0.656	0	0	0	0	0	0	0	0	0	0	0
EBL058	1.18	11.504	0.295	0	0.59	0.59	14.749	0	0	0	0	0	4.425	0	0	0	0	0	0	1.18	0.295	0	0	0	59.292	3.54	0	1.475	0	0	0	0.295	0	0.295	0.295	0	0	0	0
EBL059	0	14.194	1.29	0	0.323	0.968	7.742	0.323	0	0	0	0	5.484	0	0	0.323	0	0	0	0.323	0	0	0	0	66.129	1.935	0	0.645	0	0	0	0	0	0	0.323	0	0	0	0
EBL060	0.84	26.611	0.56	0	0	0.56	5.602	0	0	0	0	0	5.042	0	0	0.84	0	0	0	0.28	0	0	0	0	56.863	1.961	0	0.28	0	0	0.28	0	0	0	0.28	0	0	0	0
EBL061	0.301	23.795	0.904	0	0.301	0.301	18.373	0	0	0	0	0	6.325	0	0	0	0	0	0	0.904	0	0	0	0	43.072	3.614	0	1.807	0	0	0	0	0	0	0.301	0	0	0	0
EBL062	0	7.331	0.88	0	1.173	0.587	9.091	0	0	0	0	0	6.745	0	0	0.293	0	0	0	0.587	0	0	0	0	69.501	3.519	0	0	0	0	0	0.293	0	0	0	0	0	0	0
EBL063	0	23.358	1.46	0	0	0.365	10.949	0	0	0	0	0	7.664	0	0	1.095	0	0	0	0	0	0	0	0	51.46	2.92	0	0.73	0	0	0	0	0	0	0	0	0	0	0
EBL064	0.472	12.736	0.708	0	0.472	0	16.509	0	0	0.708	0	0	2.83	0	0	0.472	0	0	0	1.179	0.472	0	0	0	58.491	4.009	0	0.236	0	0	0	0.236	0	0	0.472	0	0	0	0
EBL065	0	23.81	0.893	0	0.298	0.893	22.024	0	0	0.595	0	0	5.655	0	0	0	0	0	0	0.595	0	0	0	0	41.369	3.571	0	0	0	0	0	0	0	0	0.298	0	0	0	0
EBL066	0	13.315	0.815	0	1.902	0	26.63	0	0	0.815	0	0	9.783	0	0	0	0	0	0	0	0	0	0	0	38.043	5.978	0	1.902	0	0	0	0	0	0	0.815	0	0	0	0
EBL067	0.292	7.872	0.292	0	0.875	0.292	19.242	0	0	0	0	0	9.329	0	0	0.583	0	0	0	0.875	0	0	0	0	51.604	6.414	0	1.749	0	0	0	0.292	0	0	0.292	0	0	0	0
EBL068	1.183	13.609	0	0	0.592	0.296	14.201	0	0.296	0	0	0	7.101	0	0	0.592	0	0	0	0	0	0	0	0	58.876	2.071	0	0.592	0	0	0	0	0	0	0.592	0	0	0	0
EBL069	0.482	15.181	0	0	0	0.482	22.41	0.241	0	0	0	0	2.892	0	0	0.723	0	0	0	0.723	0	0	0	0	52.771	2.651	0	1.446	0	0	0	0	0	0	0	0	0	0	0
EBQ001	3.627	16.58	4.663	0	0	1.036	29.016	0	0	0	0	0	0	0	0	0	0	0	0	0	0	0	0	0	35.233	7.772	0	2.073	0	0	0	0	0	0	0	0	0	0	0
EBQ002	2.145	13.941	0.268	0	0.268	0	42.359	0	0	0	0	0	0.804	0	0	0.268	0	0.804	0.268	0.268	0.536	0	1.072	0	31.367	3.753	0	0.536	0	0	0.268	0.268	0	0.536	0	0	0	0.268	0
EBQ003	1.351	0.676	1.351	0	0	0	6.757	0	0	0	0	0	28.378	0	0	1.351	0	0	0	0	0.676	0	0	0	38.514	18.243	0	2.027	0	0	0	0	0	0.676	0	0	0	0	0
EBQ004	0	5.102	1.02	0	0	0	35.714	0	0	0	0	0	1.02	0	0	0	0	1.02	1.02	0	0	0	0	0	42.857	10.204	0	1.02	0	0	0	0	0	0	1.02	0	0	0	0
EBQ005	4.721	20.172	3.004	0	0	0.429	24.893	0	0	0	0	0.429	0.858	0	0	0	0	0	0	0	0	0	0	0	38.197	5.579	0	0.429	0	0	0.858	0	0	0.429	0	0	0	0	0
EBQ006	0.467	13.785	3.738	0	2.57	0	11.916	0	0	0.234	0.234	0.467	1.636	0	0	1.168	0	0	0.701	1.168	0	0	0	0	43.458	13.318	0	1.168	0	0	0.467	2.336	0	0	0.234	0	0	0	0.935
EBQ007	3.785	12.303	0.946	0	0.631	0	23.659	0	0	0	0	0	0.631	0	0	0.631	0	0	0.631	0.631	0.631	0	0	0	39.748	14.196	0	0.946	0	0	0	0	0	0	0.631	0	0	0	0
EBQ008	0.658	4.825	0.219	0	1.754	0	19.956	0	0	0	0	0.219	1.316	0	0	0.877	0	0	0.439	0	0	0	0	0	53.728	12.939	0	1.316	0	0	0	1.316	0	0	0	0	0	0	0.439
EBQ009	8.696	5.017	0.334	0	0.334	0	15.719	0	0	0	0	0	0.334	0	0	0.334	0	0	0.334	0	0.334	0	0	0	57.86	9.699	0	1.003	0	0	0	0	0	0	0	0	0	0	0
EBQ010	0.329	14.145	2.632	0	1.645	0	15.789	0	0	0.987	0	0	0.329	0	0	0	0	0	0	0.329	0.329	0	0.329	0	46.053	14.474	0	0.329	0	0	0	0.987	0	0	0.987	0	0	0.329	0
EBQ011	5.502	8.852	0.957	0	0.239	0	13.636	0	0	0.239	0	0.239	0.478	0	0	0.478	0	0.239	0.239	0.478	0.718	0	0	0	61.244	5.981	0	0.239	0	0	0	0	0	0	0	0	0	0.239	0
EBQ012	0	9.859	1.408	0	2.347	0.704	11.268	0	0	0	0	0	3.521	0	0	0	0	0	0.469	0.469	4.46	0	0	0	48.592	13.38	0	0.469	0	0	0	1.174	0	0.235	0.939	0	0	0	0.704
EBQ013	2.875	7.987	0.958	0	0	0	8.946	0	0	0	0.319	0	0	0	0	0.958	0	0	0	0.639	0.319	0	0	0	64.856	11.502	0	0.319	0	0	0	0	0	0	0.319	0	0	0	0
EBQ014	0.246	27.273	1.474	0	0.983	0	9.828	0	0	0.246	0.246	0	1.474	0	0	1.474	0	0	0	0.737	1.966	0	0	0	27.764	23.342	0	0.737	0	0	0	0.737	0	0.246	1.229	0	0	0	0
EBQ015	0	34.247	0.587	0	0.196	0.783	14.873	0	0	0.196	0	0	1.566	0	0	2.74	0	0	0	0	0.587	0	0	0	28.571	13.894	0	0	0	0	0.196	0.391	0	0.391	0.587	0	0	0	0.196
EBQ016	0.262	9.162	1.047	0	0.524	0	11.257	0	0	0	0	0	1.047	0	0	0	0	0	0.262	1.309	0.262	0	0	0	42.67	29.581	0	0	0	0	0	2.094	0	0	0.524	0	0	0	0
EBQ017	0	29.795	0.745	0	1.117	0	11.732	0	0	0.186	0	1.304	1.304	0	0	0.372	0	0	0.559	0.931	0.186	0	0	0	31.471	18.063	0	0.559	0	0	0.372	0.372	0	0.372	0	0	0	0	0.559
EBQ018	0	23.342	0	0	0	0.737	6.88	0	0	0	0	0.983	1.72	0	0	0	0	0	0	1.72	0	0	0	0	40.786	23.096	0	0.491	0	0	0	0.246	0	0	0	0	0	0	0
EBQ019	0	17.799	0.703	0	0.468	1.405	6.557	0	0	0.468	0.234	0.234	3.747	0	0	0.937	0	0	0.468	2.108	0	0	0	0	38.407	23.185	0	1.171	0	0	1.171	0.234	0	0	0.703	0	0	0	0
EBQ020	0	4.886	0.977	0	0.651	0	5.212	0	0	0.651	0	0.326	2.932	0	0	0	0	0	0	0.977	0	0	0	0	69.381	12.378	0	0	0	0	0.326	0.326	0	0	0.651	0	0	0.326	0
EBQ021	0	42.417	0	0	0	0.711	23.697	0	0	0	0	0.237	0.711	0	0	0.948	0	0	0.474	0.474	0.237	0.237	0	0	25.355	1.896	0	2.37	0	0	0	0.237	0	0	0	0	0	0	0
EBQ022	0.457	16.438	0.228	0	0.457	0.228	18.037	0	0	0.228	0.228	0	0.685	0	0	0.913	0	0	0	0.685	2.511	0	0	0	51.142	5.479	0	0.913	0	0	0	1.142	0	0	0.228	0	0	0	0
EBQ023	0	12.316	0.551	0	0	0.184	11.029	0	0	0.184	0	0.184	2.574	0	0	0.735	0	0	0	0.184	0.184	0	0	0	68.566	1.838	0	0.551	0	0	0	0.368	0	0	0.551	0	0	0	0
EBQ024	0.405	7.895	0.81	0	0.81	0.405	10.526	0	0	0.202	0	0.202	2.834	0	0	0.202	0	0	0.202	0	0	0	0	0	72.874	2.024	0	0.202	0	0	0	0.202	0	0	0.202	0	0	0	0
EBQ025	1.271	4.873	0.847	0	0.212	0	9.322	0	0	0	0	0	2.542	0	0	0	0	0	0.212	0.212	0	0.212	0	0	77.754	2.119	0	0.212	0	0	0	0	0	0.212	0	0	0	0	0
EBQ026	0	22.222	0.98	0	0.98	0	27.124	0	0	0	0	0	0.98	0	0	0	0	0	0	0	0	0	0	0	41.83	2.941	0	0.98	0	0	1.961	0	0	0	0	0	0	0	0
EBQ027	0.181	5.616	0.725	0	0.181	0	4.891	0	0	0	0	0	1.993	0	0	0	0	0	0	0.362	0	0	0.181	0	83.333	1.449	0	0.543	0	0	0	0	0	0.181	0.362	0	0	0	0
EBQ028	0.174	4.167	0.521	0	0.521	0	3.993	0	0	0.174	0	0	0.694	0	0	0	0	0	0	0	0	0	0.174	0	88.715	0.694	0	0.174	0	0	0	0	0	0	0	0	0	0	0
EBQ029	0.382	3.053	0.382	0	0.382	0	3.626	0	0	0	0	0	1.718	0	0	0.191	0	0	0	0.191	0	0	0	0	88.168	1.718	0	0.191	0	0	0	0	0	0	0	0	0	0	0
EBQ030	0.18	10.971	1.079	0.18	0.18	0	17.446	0	0	0.18	0	0.18	1.259	0	0	0	0	0	0	0.18	0	0	0	0	64.568	1.799	0	0.719	0	0	0	0.36	0	0	0.54	0	0	0	0.18
EBQ031	0.179	4.821	0.893	0	0	0	7.143	0	0	0	0	0	3.214	0	0	0	0	0	0	0	0	0	0	0	81.429	1.964	0	0.179	0	0	0	0.179	0	0	0	0	0	0	0
EBQ032	0.461	23.272	0	0	0.922	0.922	13.594	0	0	0	0	0.691	3.687	0	0	2.995	0	0	0	0.23	0.691	0	0	0	43.318	6.912	0	1.843	0	0	0.23	0	0	0.23	0	0	0	0	0
EBQ033	0	18.352	0	0	0.375	0	25.468	0	0	0	0	0	7.491	0	0	0.749	0	0	0	0	0	0	0	0	43.446	2.622	0	1.124	0	0	0	0	0	0	0.375	0	0	0	0
EBQ034	0.192	8.621	1.341	0	0.383	0.192	20.881	0	0	0	0	0	3.257	0	0	0	0	0.383	0.192	0	0	0	0	0	61.111	0.958	0.192	1.341	0	0	0	0.192	0	0	0.766	0	0	0	0
EBQ035	0.547	6.752	0.365	0	0.182	0	12.591	0	0	0.182	0	0	2.372	0	0	0.73	0	0	0	0.182	0.182	0	0	0	72.08	1.825	0	1.277	0	0	0	0.182	0	0.182	0.365	0	0	0	0
EBQ036	0.364	7.468	1.093	0	0	0.182	10.929	0	0	0	0	0.182	2.732	0	0	0.182	0	0	0	0.182	0	0	0	0	73.77	2.004	0.182	0.364	0	0	0.182	0	0	0	0	0	0	0	0.182
EBQ037	0	6.723	0.84	0	0	0	7.983	0	0	0	0	0	0.84	0	0	0	0	0	0	0	0	0	0	0	71.849	11.765	0	0	0	0	0	0	0	0	0	0	0	0	0
EBQ038	0	9.572	1.222	0	0.407	0.407	16.09	0	0	0.611	0	0.407	1.426	0	0	0.815	0	0	0.204	0.611	0.204	0	0	0	64.155	2.444	0	1.018	0	0	0	0.204	0	0	0	0	0	0	0.204
EBQ039	0	12.075	3.231	0	0.17	0.17	13.605	0	0.17	0.34	0	0.17	0.68	0	0	1.02	0	0	0	0.68	0.51	0	0	0	63.265	2.721	0	1.19	0	0	0	0	0	0	0	0	0	0	0
EBQ040	0	14.07	1.843	0	0.67	0	13.735	0	0	0.335	0	0.67	2.178	0	0	0.838	0	0	0.168	0.503	0.67	0.168	0	0	61.307	1.508	0	0.67	0	0	0	0.168	0	0	0.503	0	0	0	0
EBQ041	0	8.125	1.563	0	0.625	0.156	11.563	0	0	0.781	0	0.156	0.781	0	0	0.625	0	0	0.156	0.313	0	0.156	0.156	0	71.719	1.875	0	0.938	0	0	0	0	0	0	0.313	0	0	0	0
EBQ042	0	13.864	0	0	0.737	0.147	11.209	0	0	0.147	0	0.147	0.442	0	0	0	0	0.147	0	0.147	0	0	0	0	70.501	1.327	0	0.59	0	0.147	0	0.147	0	0	0.147	0	0	0.147	0
EBQ043	0.197	8.858	1.181	0	0.394	0	16.929	0	0.197	0.394	0	0.591	1.969	0	0	0.984	0	0	0.197	0.787	0	0	0	0	64.37	1.772	0	0.787	0	0	0	0	0	0	0.197	0	0	0	0.197
EBQ044	0	11.908	0.763	0	0.611	0	17.252	0	0	0.153	0	0.458	0.458	0	0	0.458	0	0	0.153	0.458	0.458	0	0	0	63.969	1.832	0	0.916	0	0	0	0	0	0	0.153	0	0	0	0
EBQ045	0	17.949	0	0	0	1.282	23.718	0	0	0.641	0	0.321	5.128	0	0	0.962	0.321	0	0	0.641	0	0	0	0	44.231	3.526	0	0.641	0	0	0	0.321	0	0	0.321	0	0	0	0
EBQ046	0	13.863	0.37	0	0.555	0.37	9.982	0	0	0.185	0	0.37	1.664	0	0	1.109	0	0	0	0.739	0.185	0	0	0	67.837	2.218	0	0.37	0	0	0	0	0	0	0.185	0	0	0	0
EBQ047	0	19.516	1.613	0	1.452	0.161	6.935	0	0	0.161	0	0.161	0.806	0	0	0.645	0	0	0	0.161	0.161	0	0	0	64.194	2.581	0	0.806	0	0	0	0.161	0	0.161	0	0	0	0	0.323
EBQ048	0	18.327	1.316	0	0.47	0.094	10.902	0	0	0.188	0	0.658	0.846	0	0	1.034	0	0	0	0.094	0.564	0	0	0	56.955	7.519	0	0.752	0	0	0.094	0.094	0	0	0.094	0	0	0	0
EBQ049	0	11.204	0.715	0	0.358	0.358	13.111	0	0	0.477	0	0.358	3.576	0	0	0.477	0	0	0	0.596	0.119	0	0	0	65.435	2.145	0	0.477	0	0	0	0.238	0	0	0.358	0	0	0	0
EBQ050	0.171	12.671	1.199	0	1.199	0.171	13.014	0	0	0.342	0	0.514	1.027	0	0	0.685	0	0	0	0.171	0.171	0	0	0	65.753	1.199	0	1.199	0	0	0	0.342	0	0	0.171	0	0	0	0
EBQ051	0	8.924	0.992	0	0.425	0	8.074	0	0.283	0.283	0	0.283	0.708	0	0	0.85	0	0	0	0.567	0	0	0	0	75.354	2.691	0	0.283	0	0	0	0.142	0	0	0.142	0	0	0	0
EBQ052	0	27.208	1.14	0	0.712	0.142	17.664	0	0	0.142	0	0.142	0.142	0	0	0.712	0.142	0	0	0.427	0.427	0	0	0	48.433	1.852	0	0.142	0	0	0	0	0	0.142	0.285	0	0	0	0.142
EBQ053	0	32.055	1.377	0	2.557	0.393	18.682	0	0	0.197	0	0	3.54	0	0	1.77	0	0	0	0.197	0	0	0	0	28.515	8.948	0	0.787	0	0	0	0	0	0.098	0.885	0	0	0	0
EBQ054	0	29.474	1.368	0	1.158	0.316	16.632	0	0	0.316	0	0	1.579	0	0	2.211	0	0	0	0.211	0	0	0	0	35.053	10.105	0	0.737	0	0	0	0	0	0.421	0.421	0	0	0	0
EBQ055	0	62.408	0.587	0	0.734	0	12.922	0	0	0	0	0	3.377	0	0	0.881	0	0	0	0	0	0	0	0	12.922	4.699	0	0.881	0	0	0	0	0	0.147	0.441	0	0	0	0
EBQ056	0	41.414	1.684	0	2.357	1.01	12.795	0	0	0	0	0	2.357	0	0	0.673	0	0	0	0	0	0	0	0	30.64	4.04	0	1.347	0	0	0	0	0	0	1.684	0	0	0	0
EBQ057	0	45.815	0.881	0	1.762	0.661	16.52	0	0	0	0	0	1.762	0	0	1.542	0	0	0	0	0	0	0	0	22.907	5.507	0	1.101	0	0	0	0	0	0.661	0.881	0	0	0	0
EBQ058	0	35.728	0.945	0	0.189	0.378	22.873	0	0	0.378	0	0.567	1.323	0	0	0.567	0	0	0	0.378	0.189	0	0	0	32.136	1.701	0	1.701	0	0	0	0.189	0	0.378	0.189	0	0	0	0.189
EBQ059	0	24.655	0.197	0	0.592	0.789	18.54	0	0	0.394	0	0.394	4.931	0	0	1.775	0	0	0.197	0.197	0.197	0	0	0	43.787	1.578	0	1.775	0	0	0	0	0	0	0	0	0	0	0
EBQ060	0	24.349	1.673	0	1.673	0.558	13.383	0	0	1.115	0	0.929	2.974	0	0	0	0	0	0	0	0.372	0	0	0	49.814	1.859	0.186	0.558	0	0	0	0	0	0	0.372	0	0	0	0.186
EBQ061	0	23.133	1.093	0	0.729	0.364	15.118	0	0	0.546	0	0.182	7.286	0	0	1.275	0.182	0	0	0.364	0.182	0	0	0	46.084	1.821	0	0.182	0	0	0	0.364	0	0	0.911	0	0	0	0.182
EBQ062	0	25.685	2.568	0	0.342	0.342	16.952	0	0	1.027	0	0.856	5.308	0	0	0.685	0	0	0.171	0	0.514	0	0	0	40.068	3.596	0	0.514	0	0	0.342	0.171	0	0.171	0.514	0	0	0	0.171
EBQ063	0	8.146	2.426	0	1.906	0	9.359	0	0	0.347	0	0	0.173	0	0	0.693	0	0	0	0.693	0.173	0	0.173	0	73.137	1.386	0	0.693	0	0	0	0	0	0	0.693	0	0	0	0
EBQ064	0	20.225	1.685	0	1.685	0.562	7.678	0	0	0.562	0	0.187	2.247	0	0	0.936	0	0	0.187	0.187	0	0	0	0	59.363	3.184	0	0.749	0	0	0	0.187	0	0	0.375	0	0	0	0
EBQ065	0	33.766	1.136	0	0	0	24.675	0	0	0.487	0	0.325	2.11	0	0	0.487	0	0.162	0	0	0.325	0	0	0	34.578	0.974	0	0.649	0	0	0	0.162	0	0.162	0	0	0	0	0
EBQ066	0	9.499	1.036	0	0.691	0	7.772	0	0	0.345	0	0.173	1.554	0	0	0.691	0	0	0	0.518	0	0	0	0	74.784	1.209	0	0.864	0	0	0.173	0.518	0	0	0	0	0	0	0.173
EBQ067	0	22.05	0.621	0	0.621	0	26.087	0	0	0.155	0	1.087	2.174	0	0	0.466	0.155	0	0	0	0	0	0	0	43.789	0.776	0.466	0.776	0	0	0	0	0	0.311	0.466	0	0	0	0
EBQ068	0.18	28.366	0.898	0	0.898	0.359	19.39	0	0	0.359	0	0.898	1.257	0	0	0.898	0.18	0	0.18	0.18	0	0	0	0	43.447	1.077	0	0.898	0	0	0.18	0.18	0	0.18	0	0	0	0	0
WB001	0	11.659	0.897	0	6.951	0.673	25.336	0	0	1.794	1.794	0.224	3.812	0	0	0	0	0	0.224	0.224	0	0	0	0	18.161	18.61	0	4.484	0	0	1.121	0.673	0	0	3.139	0	0	0.224	0
WB002	0	12.08	1.453	0	2.217	0.688	27.523	0	0	0.841	1.07	0	2.141	0	0	0.076	0	0	0.229	0.382	0	0	0	0	19.878	22.554	0	4.434	0	0	0.153	0.153	0	0.153	1.988	0	0	0	1.988
WB003	0	13.462	1.923	0	7.692	3.846	32.692	0	0	2.885	1.923	0	0	0	0	0	0	0	0	0	0	0	0	0	18.269	9.615	0	2.885	0	0	0	0.962	0	0	3.846	0	0	0	0
WB004	0	9.593	1.163	0	1.163	0.291	13.663	0	0	0.872	0	0	2.616	0	0	0.581	0	0	0	0.291	0	0	0	0	17.442	46.802	0	2.616	0	0	0.581	0.872	0	0	1.163	0	0	0	0.291
WB005	0	11.054	0.514	0	2.571	1.285	11.054	0	0	0.257	0.257	0	0	0	0	0	0	0	0	2.571	0	0	0	0	21.08	47.558	0	0.257	0	0	0	0.514	0	0.257	0.771	0	0	0	0
WB006	1.232	8.374	0.739	0	1.478	0.246	6.158	0	0	0.739	0	0	0	0	0	0	0	0	0.246	1.97	0	0	0	0	29.557	47.783	0	0.493	0	0	0.246	0.493	0	0	0.246	0	0	0	0
WB007	1.865	5.594	2.564	0	0.699	0.233	4.895	0	0	0.932	0.233	0.233	0.233	0	0	0	0	0	0.233	0.466	0	0	0	0	33.566	44.289	0	1.632	0	0	0.466	1.399	0	0.233	0.233	0	0	0	0
WB008	1.223	6.728	0.612	0	0.306	0.612	3.058	0	0	0.612	0	0	1.223	0	0	0	0	0	0.306	0	0	0	0	0	25.994	56.269	0	0.917	0	0	0.612	0.612	0	0	0.917	0	0	0	0
WB009	0.662	8.389	1.104	0	1.766	0.442	12.362	0	0	0.883	0	0	0.662	0	0	0	0	0	0.442	1.545	0.221	0	0	0	29.139	39.514	0	0.662	0	0	0.221	0.662	0	0.221	0.442	0	0	0.442	0.221
WB010	0.317	2.857	1.587	0	1.587	0	1.27	0	0	2.54	0	0	0.635	0	0	0	0	0	0.317	0	0	0	0	0	26.349	59.048	0	2.222	0	0	0	0.635	0	0	0.635	0	0	0	0
WB011	0.909	2.273	1.364	0	1.364	0.455	4.545	0	0	1.364	0	0	0	0	0	0	0	0	0	1.818	0	0	0	0	28.636	56.364	0	0.455	0	0	0	0.455	0	0	0	0	0	0	0
WB012	0.714	4.048	0.714	0	2.143	0.238	5	0	0	0.714	0.238	0	0	0	0	0	0	0	0	0.714	0	0	0	0	31.429	52.619	0	0.476	0	0	0	0.238	0	0	0.476	0	0	0	0.238
WB013	0.826	6.612	3.03	0	0.826	0	4.132	0	0	2.755	0	0	0.826	0	0	0	0	0	0	0	0	0	0	0	30.303	45.179	0	3.03	0	0	0	0.551	0	0.275	1.377	0	0	0	0.275
WB014	0	8.446	1.014	0	2.703	0	5.068	0	0	0.676	0	0	0.676	0	0	0	0	0	0	0	0	0	0	0	16.892	62.162	0	1.014	0	0	0	0.676	0	0	0.676	0	0	0	0
WB015	1.401	12.325	2.801	0	1.681	0	12.325	0	0	1.401	0	0	0.84	0	0	0	0	0	0	0.56	0	0	0.28	0	26.891	35.014	0	1.961	0	0	0.28	1.12	0	0.28	0.56	0	0	0.28	0
WB016	0.15	16.09	0.602	0.301	6.316	0.301	33.083	0	0	1.353	1.955	0.301	4.06	0	0.15	0	0	0	0	0	0.451	0	0	0	14.436	10.526	0	5.414	0	0	0	0.451	0	0.451	2.707	0.15	0	0.15	0.602
WB017	0.125	8.541	0.998	0	3.803	0.561	15.15	0	0	1.185	0.748	0.125	1.496	0	0	0	0	0	0	0	0.125	0	0	0	21.633	39.152	0	2.868	0	0	0	0.81	0.125	0.187	1.933	0	0	0.187	0.249
WB018	0	23.371	0.134	0	1.813	0.739	20.081	0	0	1.679	0	0.134	1.478	0	0	0	0	0	0.134	0.403	0.067	0	0	0	14.976	30.222	0	1.478	0	0	0.739	0.067	0.067	0.201	2.149	0.067	0	0	0
WB019	0	10.709	0.472	0	2.52	0	8.346	0	0	0.315	0	0	0.472	0	0	0	0	0	0	0	0	0	0	0	24.882	50.551	0	0.315	0	0	0	0.315	0	0	1.102	0	0	0	0
WB020	0	3.17	0.559	0	0.746	0	2.424	0	0	0.808	0	0.186	0	0	0	0	0	0	0	0.186	0	0	0	0	32.815	58.359	0	0.373	0	0	0	0	0	0	0.373	0	0	0	0
WB021	0.96	5.758	0	0	0.384	0.192	7.678	0	0	0	0.192	0	2.303	0	0	0	0	0	0	0.192	0.192	0	0	0	32.63	48.177	0	0.384	0	0	0	0	0.192	0	0.768	0	0	0	0
WB022	0	11.799	0	0	0.885	0.295	7.965	0	0.295	0	0	0	1.475	0	0	0.295	0	0	0	0	0	0	0	0	26.549	47.493	0	0.59	0	0	0.885	0	0	0.295	1.18	0	0	0	0
WB023	0	11.779	0	0	1.253	0	4.511	0	0	0.752	0	0	4.261	0	0	1.253	0	0	0	0	0	0	0	0	11.028	64.912	0	0	0	0	0.251	0	0	0	0	0	0	0	0
WB024	0	16.569	0	0.195	0.78	0	20.663	0	0	0.195	0.195	0	1.949	0	0	0	0	0	0	0.195	1.559	0	0	0	33.528	17.349	0	1.559	0	0	0.39	0	0.195	0.195	4.094	0.39	0	0	0
WB025	0	17.97	0	0	0.372	0.093	18.436	0	0.372	0.093	0	0.093	5.4	0	0	0.186	0	0	0	0	0.093	0.186	0.093	0	25.791	23.743	0	2.048	0	0	0.093	0	0.093	0.093	4.655	0.093	0	0	0
WB026	0	55.644	0	0	0.198	0.198	11.485	0	0	0.198	0	0	0.594	0	0	0.198	0	0	0	0	0.198	0	0	0	12.871	18.218	0	0	0	0	0	0	0	0	0.198	0	0	0	0
WB027	0.323	24.516	0	0	2.258	0	14.516	0	0	0	0	0	0	0	0	0.323	0	0	0	0	1.29	0	0	0	22.903	32.581	0	0.645	0	0	0	0	0	0.323	0	0	0	0.323	0
WB028	0.49	16.176	0	0	0	0	9.804	0	0	0	0	0	1.471	0	0	3.431	0	0	0	0	0	0	0	0	38.725	27.941	0	0.98	0	0	0	0	0	0	0.49	0.49	0	0	0
WB029	0	5.814	0	0	0.388	0.194	17.442	0	0	0	0	0	0.775	0	0	1.357	0	0	0	0.581	1.357	0	0	0	34.884	36.822	0	0	0	0	0	0	0.388	0	0	0	0	0	0
WB030	0	28.571	0	0	3.125	0.446	15.625	0	0	0	0	0	0.893	0	0	1.339	0	0	0	0	0	0.446	0	0	22.321	25	0	0.893	0	0	0	0	0	1.339	0	0	0	0	0
WB031	0	5.649	0	0	0	0	14.644	0	0	0	0	0	1.046	0	0	0.837	0	0	0	0.418	0	0.418	0	0	38.703	37.448	0	0	0	0	0	0	0	0.628	0	0.209	0	0	0
WB032	0	24.754	0.196	0	0.786	0.196	34.971	0	0	0	0	0	4.912	0	0	4.126	0.196	0	0	0	0	0	0	0	13.556	0	0	9.627	0	0	4.126	0	0	1.179	1.375	0	0	0	0
WB033	0	27.962	0	0	0.237	0	25.592	0	0.237	0	0	0	0.948	0	0	0.948	0	0	0	0	0.237	0	0	0	37.441	0	0	4.739	0	0	0.474	0	0	0.474	0.711	0	0	0	0
WB034	0.292	10.787	0	0	0	0.875	14.286	0	0	0	0.292	0	7.58	0	0	16.618	0	0	0	0	0.292	0	0	0	27.405	20.408	0	0	0	0	0	0	0.292	0.292	0.583	0	0	0	0
WB035	0	23.632	0	0	0.219	0	36.761	0	0	0	0	0	2.407	0	0	0.438	0	0	0	0	0	0	0	0	32.823	0	0	2.626	0	0	0.438	0	0	0	0.656	0	0	0	0
WB036	1.852	6.481	0	0	0	0	5.556	0	0	0	0	0	0.926	0	0	0	0	0	0	0	0	0	0	0	62.963	21.296	0	0	0	0	0	0	0	0	0.926	0	0	0	0
WB037	0	13.43	0	0	0.207	0	18.595	0	0	0	0.207	0	0.826	0	0	0.207	0	0	0	0	1.033	0	0	0	43.388	20.248	0	0.413	0	0	0	0	0	0.413	1.033	0	0	0	0
WB038	0	8.415	0	0	0.391	0	14.677	0.391	0	0	0	0	1.174	0	0	0.587	0	0	0	0.587	2.935	0	0	0	53.033	16.634	0	0.391	0	0	0	0	0	0.196	0.587	0	0	0	0
WB039	0	10.331	0	0.195	0	0	18.519	0	0	0	0	0	0.975	0	0.195	1.17	0	0	0	0	0.975	0	0	0	51.852	15.595	0	0	0	0	0	0	0	0	0.195	0	0	0	0
WB041	0	9.568	0	0	0	0.375	20.075	0	0	0	0	0	0.563	0	0	1.126	0	0	0	0.188	1.876	0	0	0	32.645	31.332	0	0.188	0	0	0	0	0	0	2.064	0	0	0	0
WB042	0	40.252	0	0	0.21	0	37.317	0.21	0	0	0	0	3.145	0	0	1.048	0	0	0	0	0	0	0	0	6.499	0	0	9.853	0	0	0	0	0	0.629	0.839	0	0	0	0
WB043	0	18.307	0	0	0	0	35.827	0	0	0	0	0	5.118	0	0	0.591	0	0	0	0	0.197	0	0	0	33.661	0.197	0	2.559	0	0	2.362	0	0	0	1.181	0	0	0	0
WB044	0	37.164	0	0	0.244	0	22.005	0	0	0	0	0	1.711	0	0	0.244	0	0	0	0	0	0	0	0	32.763	0	0	2.689	0	0	0.733	0	0	0	2.445	0	0	0	0
WB045	0	25.055	0	0	0.22	0	56.703	0	0	0	0	0	1.319	0	0	0.22	0	0	0	0	0	0	0	0	13.626	0	0	1.758	0	0	1.099	0	0	0	0	0	0	0	0
WB046	0	14.46	0	0	0.407	0	16.701	0.204	0	0	0	0	0.815	0	0	0.204	0	0	0	0	0	0	0	0	41.752	23.422	0	0.204	0	0	0.204	0	0	0.407	1.222	0	0	0	0
WB047	0	20	0	0	0	0	29.157	0	0	0	0	0	0.964	0	0	0.241	0	0	0	0	0	0	0	0	47.711	0.241	0	0.723	0	0	0.241	0	0	0	0.723	0	0	0	0
WB048	0	8.974	0	0	0.214	0.641	23.504	0	0.214	0	0	0	2.137	0	0	0.641	0	0	0	0	1.068	0	0	0	39.316	21.368	0.214	0	0	0	0	0	0	0.214	1.496	0	0	0	0
WB049	0	18.072	0	0	0.241	0	17.59	0	0	0	0	0	7.47	0	0	1.928	0	0	0	0	0	0	0	0	46.988	0.241	0	4.096	0	0	0.723	0	0	0	2.41	0.241	0	0	0
WB050	0	18.789	0	0	0.209	0	36.326	0	0	0	0	0	7.098	0	0	0.418	0	0	0	0	0	0	0	0	23.382	0	0	8.351	0	0	1.67	0	0	0.418	3.34	0	0	0	0
WB051	0	20.843	0	0	0.468	0	16.159	0	0	0	0	0	3.747	0	0	0.703	0	0	0	0	0	0	0	0	53.864	0.468	0	0.937	0	0	0.468	0	0	0	2.342	0	0	0	0
WB052	0	16.981	0	0	0.236	0	24.057	0	0	0	0	0	2.123	0	0	0	0	0	0	0	0	0	0	0	52.83	0.708	0	0.708	0	0	1.651	0	0	0	0.708	0	0	0	0
WB053	0	24.533	0	0	0	0	45.561	0	0	0	0	0	0	0	0	0	0	0	0	0	0	0	0	0	29.907	0	0	0	0	0	0	0	0	0	0	0	0	0	0
WB054	0	23.837	0	0	3.198	0.581	38.953	0	0	0	0	0	5.523	0	0	0.291	0	0	0	0	0.291	0	0.872	0	13.663	0	0	5.233	0	0	0	0	0.581	0.291	6.395	0	0	0.291	0
WB055	0	18.404	0	0	0.222	0.222	40.798	0	0	0	0	0	4.656	0	0	3.548	0	0	0	0	0.222	0	0	0	27.938	0	0	2.439	0	0	0.887	0	0	0	0.665	0	0	0	0
WB056	0	22.797	0	0	1.149	0	22.031	0	0	0	0	0	6.513	0	0	1.341	0	0	0	0	0	0	0	0	30.268	0.383	0	10.536	0	0.192	0.383	0	0.383	0	3.831	0	0	0.192	0
WB057	0	15.702	0	0	1.377	0	22.314	0.275	0	0	0	0.275	16.529	0	0	0.275	0	0	0	0	0	0	0	0	36.364	1.653	0	2.204	0	0	0.275	0	0.551	0.551	1.653	0	0	0	0
WB058	0	35.541	0	0	2.208	0	29.36	0	0	0	0	0.442	3.091	0	0.221	0.442	0	0	0	0	0	0	0.662	0	24.945	0.442	0	1.325	0	0	0	0	0.221	0	0.662	0.221	0	0.221	0
WB059	0	34.636	0	0	1.421	0.355	26.643	0	0	0	0	0.355	3.552	0	0	0.533	0	0	0	0	0	0.178	0.178	0	25.755	0.178	0	2.664	0	0	0	0	0	0.355	3.197	0	0	0	0
WB060	0	35.499	0	0	0.232	0	33.411	0	0	0	0	0	8.121	0	0	1.16	0	0	0	0	0	0	0.232	0	18.329	0	0	0.928	0	0	0	0	0	0.232	1.856	0	0	0	0
WB061	0	10.129	0	0	0	0	11.422	0	0	0	0	0	0.647	0	0	0.216	0	0	0	0.216	0	0	0	0	47.414	28.017	0	0	0	0	0	0	0	0	1.94	0	0	0	0
WB062	0	19.74	0	0	0	0	30.803	0	0	0	0	0	10.846	0	0	0.217	0	0	0	0	0	0	0	0	34.273	0	0	1.085	0	0	0.651	0	0	0.651	1.735	0	0	0	0
WB063	0	21.552	0	0	0	0	37.716	0	0	0	0	0	1.94	0	0	0.216	0	0	0	0	0	0	0	0	36.853	0	0	1.293	0	0	0	0	0	0	0.431	0	0	0	0
WB064	0	27.358	0	0	0.708	0	35.142	0	0	0	0	0	13.679	0	0	1.415	0	0	0	0	0	0	0	0	18.632	0	0	1.179	0	0	0	0	0.236	0.708	0.943	0	0	0	0
WB065	0	34.585	0	0	0.593	0	34.783	0	0	0	0	0	5.138	0	0	0.198	0	0	0	0	0	0	0	0	22.727	0	0	1.186	0	0	0	0	0	0.198	0.593	0	0	0	0
WB066	0	29.956	0	0	0.661	0	16.74	0	0	0	0	0	0.661	0	0	0.22	0	0	0	0	0	0.441	0	0	47.797	0	0	0.881	0	0	1.982	0	0	0	0.661	0	0	0	0
WB067	0	34.091	0	0	0.207	0	32.025	0	0	0	0	0	2.686	0	0	0.826	0.207	0	0	0	0	0.207	0	0	27.893	0	0	1.033	0	0	0	0	0	0.207	0.62	0	0	0	0
WB068	0	29.819	0	0	0.301	0	30.12	0	0	0	0	0	8.735	0	0	0.301	0	0	0	0	0	0	0	0	24.096	0	0	3.916	0	0	0	0	0	0.602	2.108	0	0	0	0
WB069	0	23.218	0	0	0.46	0	34.023	0	0	0	0	0	4.828	0	0	0.23	0	0	0	0	0	0	0	0	30.805	0	0	3.908	0	0	1.839	0	0	0	0.69	0	0	0	0
WB070	0	16.701	0	0	0	0	42.363	0	0	0	0	0	3.055	0	0	4.684	0	0	0	0	0.815	0	0	0	26.68	0	0	4.888	0	0	0	0	0	0.204	0.407	0.204	0	0	0
WB071	0	12.054	0	0	0	0	20.313	0	0	0	0	0	2.455	0	0	0	0	0	0	0	0	0	0	0	65.179	0	0	0	0	0	0	0	0	0	0	0	0	0	0
WB072	0	33.663	0	0	0	0	30.693	0	0	0	0	0	5.941	0	0	0	0	0	0	0	0	0	0	0	29.703	0	0	0	0	0	0	0	0	0	0	0	0	0	0
WB073	0	6.6	0	0	0	0	9.6	0	0	0	0	0	2	0	0	0.2	0.2	0	0	0.2	0	0	0	0	52	28.4	0	0	0	0	0	0	0	0	0.8	0	0	0	0
WB074	0	28.527	0	0	0	0.313	36.677	0	0	0	0	0	4.075	0	0	0.313	0	0	0	0	0	0	0	0	23.511	0	0	5.016	0	0	0	0	0	0	1.567	0	0	0	0
WB075	0	15.11	0	0	1.374	0	29.67	0	0	0	0	0	8.516	0	0	0	0	0	0	0	0	0.275	0	0	36.264	0.275	0	7.143	0	0	0	0	0	0.275	0.824	0.275	0	0	0
WB076	0	33.333	0	0	0.392	0.196	25.098	0	0	0	0	0	4.902	0	0	1.373	0	0	0	0	0	0	0.392	0	23.333	0	0	5.49	0	0	0.98	0	1.569	0	2.745	0.196	0	0	0
WB077	0	17.264	0	0	0	0	41.7	0	0	0	0	0.133	4.914	0	0	0.266	0	0	0	0	0	0	0	0	27.756	0.266	0	2.789	0	0	1.859	0	0	0.133	2.922	0	0	0	0
WB078	0	12.948	0	0	0.199	0	18.924	0	0	0	0	0	0.996	0	0	0.199	0	0	0	0.199	1.992	0	0	0	48.207	14.343	0	0	0	0	0.398	0	0	0.199	1.195	0.199	0	0	0
WB079	0	31.772	0	0	0.204	0.204	28.513	0	0	0	0	0	3.87	0	0	0.611	0	0	0	0	0	0	0	0	26.884	0	0	6.721	0	0	0.407	0	0.204	0	0.611	0	0	0	0
WB080	0	7.678	0	0	0.192	0	12.476	0	0	0	0	0	0.576	0	0	0.576	0	0	0	0.192	0.384	0	0	0	61.612	15.163	0.192	0	0	0	0	0	0.192	0	0.768	0	0	0	0
WB081	0	20.518	0	0	0	0	43.629	0	0	0	0	0.216	1.296	0	0	0.216	0	0	0	0	0	0	0	0	30.022	0	0	2.808	0	0	0.864	0	0	0	0.432	0	0	0	0
WB082	0	24.738	0	0	0	0	30.608	0	0	0	0	0	7.757	0	0	0.419	0	0	0	0	1.258	0	0	0	29.56	0	0	2.935	0	0	0.419	0	0	1.258	1.048	0	0	0	0
WB083	0	33.475	0	0	0.213	0	24.947	0	0	0	0	0	7.676	0	0	0.213	0	0	0	0	0	0	0	0	27.932	0	0	2.345	0	0	0.426	0	0	0.213	2.559	0	0	0	0
WB084	0	13.77	0	0	0.328	0	13.77	0	0	0	0	0	1.311	0	0	0.328	0	0	0	0	0	0	0	0	68.852	0	0	0.656	0.328	0	0	0	0	0	0.656	0	0	0	0
WB085	0	21.096	0	0.274	1.37	0	41.096	0	0.274	0	0	0	6.027	0	0	0	0	0	0	0	0	0	0	0	11.233	0	0	15.068	0	0	0	0	0	0	3.562	0	0	0	0
WB086	0	14.044	0	0	0	0	25.666	0	0	0.484	0	0	3.148	0	0.242	2.906	0	0	0	0	0.242	0	0.484	0	45.763	0	0	4.116	0	0	0	0	0.242	0	2.663	0	0	0	0
WB087	0	13.333	0	0	1.867	0	45.867	0	0	0.267	0	0	0	0.267	0	3.733	0	0	0	0	3.2	0	0	0	10.133	21.067	0	0	0	0	0	0	0	0	0.267	0	0	0	0
WB088	0	11.064	0	0	0.213	0	40.851	0.426	0	0	0	0	1.064	0	0	2.128	0	0	0	0	2.553	0	0	0	20.213	20.426	0.213	0	0	0	0	0	0	0.213	0.638	0	0	0	0
WB089	0	29.234	0	0	0.464	0.232	29.234	0	0.232	0	0	0	13.457	0.232	0	0.464	0	0	0	0	0	0	0.232	0	19.49	2.552	0	1.624	0	0	0.464	0	0	0	1.392	0.232	0	0.464	0
WB090	0	17.04	0	0	0	0	36.323	0	0	0	0	0	2.915	0	0	0	0	0	0	1.121	0	0	0	0	39.91	0	0	0.897	0	0	1.121	0	0	0	0.673	0	0	0	0
WB091	0	17.176	0	0	0	0	44.706	0	0	0	0	0	1.882	0	0	0.235	0.235	0	0	0.941	0.235	0	0	0	31.529	0	0	0.941	0	0	0.706	0	0	0.235	1.176	0	0	0	0
WB092	0	17.036	0	0	0	0.17	39.182	0	0	0	0	0	3.407	0	0	1.193	0	0	0	0	0	0	0	0	35.434	0	0	1.533	0	0	0.17	0	0.17	0	1.704	0	0	0	0
WB093	0	16.049	0	0	0	0	25.103	0	0	0	0	0	3.704	0	0	0	0	0	0	0	0	0.206	0	0	51.235	0.206	0	2.469	0	0	0	0	0	0.206	0.823	0	0	0	0
WB094	0	21.942	0	0	0	0	26.019	0	0	0	0	0	0.971	0	0	0.583	0	0	0	0.194	0.194	0	0	0	41.165	6.99	0	0.388	0	0	0	0	0	0.194	1.165	0.194	0	0	0
WB095	0	7.678	0	0	0.192	0	21.305	0	0	0	0	0.192	1.727	0	0	3.263	0	0	0	0.192	1.344	0	0	0	58.157	5.374	0	0	0	0	0.192	0	0	0.384	0	0	0	0	0
WB096	0	22.152	0	0	0.316	0	39.241	0	0	0	0	0	3.165	0	0	0.316	0	0	0	0	0.316	0	0.316	0	29.114	0	0	3.797	0	0	0.316	0	0	0	0.949	0	0	0	0
WB097	0	17.222	0	0	0	0	50.185	0	0	0	0	0	2.037	0	0	0.37	0	0	0	0.37	0.185	0	0	0	24.815	0	0	3.148	0	0	0.741	0	0	0	0.926	0	0	0	0
WB098	0	13.615	0	0	0.235	0.235	23.709	0	0	0	0	0	6.573	0	0	0.704	0	0	0	0	0.235	0	0	0	52.817	0	0	1.174	0	0	0.235	0	0	0	0.235	0.235	0	0	0
WB100	0	31.429	0	0	0.952	0	27.857	0.238	0	0	0	0	9.762	0.238	0	0.238	0	0	0	0	0	0	0.238	0	21.667	5.238	0	0.952	0	0	0	0	0	0.238	0.952	0	0	0	0
WB101	0	19.28	0	0	0	0	56.794	0	0	0	0	0	1.626	0	0	0	0	0	0	0	0.232	0	0	0	16.725	0	0	4.065	0	0	0	0	0	0.116	1.161	0	0	0	0
WB102	0	6.019	0	0	0	0	17.282	0	0	0	0	0.194	0.971	0	0	0.971	0	0	0	0.194	0.777	0	0	0	67.184	6.019	0	0	0	0	0	0	0	0.388	0	0	0	0	0
WB103	0	6.397	0	0	0	0	15.139	0	0	1.279	0	0	0.853	0	0	1.279	0	0	0	0	0.426	0	0	0	35.181	33.475	0	0	0	0	0.64	0	0	0	5.33	0	0	0	0
WB104	0	15.942	0	0	0	0	30.435	0	0	0	0	0	7.005	0	0	1.932	0	0	0	0	0	0	0	0	38.406	0	0	4.348	0	0	0.483	0	0	0.966	0.483	0	0	0	0
WB105	0	29.612	0	0	0.728	0	25.485	0	0	0	0	0	6.068	0	0	1.456	0	0	0	0.485	0	0	0.243	0	30.825	1.942	0	0	0	0	1.456	0	0	0.243	1.456	0	0	0	0
WB106	0	23.516	0	0	0	0	52.527	0	0	0	0	0	0.879	0	0	0.659	0	0	0	0	0.659	0	0	0	20.659	0	0	0.879	0	0	0	0	0	0	0.22	0	0	0	0
WB107	0	18.353	0	0	0.471	0.235	38.118	0	0	0	0	0	4.941	0	0	0.471	0	0	0	0	0.235	0	0	0	32	0	0	1.882	0	0	0.471	0	0	0.235	2.588	0	0	0	0
WB108	0	16.628	0	0	0.462	0.231	37.182	0	0	0	0	0	2.54	0	0	0.231	0	0	0	0	0.462	0	0	0	34.873	0	0	6.005	0	0	0	0	0	0	1.386	0	0	0	0
WB109	0	13.869	0	0	0	0	26.521	0	0	0	0	0.243	6.813	0	0.243	1.703	0	0	0	0.73	3.406	0	0	0	40.146	2.676	0	0.73	0	0	0.73	0	0	0.487	1.46	0	0	0.243	0
WB110	0	16.883	0	0	0	0	18.182	0	0	0	0	0	0	0	0.186	0	0.186	0	0	0.186	0.557	0	0	0	59.184	3.154	0	0	0	0	0	0	0	0.371	1.113	0	0	0	0
WB111	0	31.25	0	0	0	0	19.107	0	0	0	0	0	1.071	0	0	0.179	0	0	0	0	0.893	0	0	0	43.036	1.071	0	1.607	0	0	0	0	0	0	1.786	0	0	0	0
WB112	0	12.652	0	0	0.487	0.487	38.443	0	0.243	0	0	0	9.489	0	0	0.487	0	0	0	0	0	0	0	0	24.088	0.243	0	8.759	0	0	0.73	0	0	0	3.893	0	0	0	0
WB113	0	20.887	0	0	0.185	0	39.741	0	0	0	0	0	5.73	0	0	0.739	0	0	0	0	0.739	0	0	0	25.693	0	0	1.848	0	0	1.109	0	0.185	0.555	2.588	0	0	0	0
WB114	0	21.154	0	0	0	0	42.885	0	0	0	0	0	1.346	0	0	1.346	0	0	0	0	0.192	0	0	0	27.885	0	0	1.538	0	0	0	0	0	0.385	3.269	0	0	0	0
WB115	0	20.228	0	0	0	0.285	21.083	0	0	0	0	0	7.977	0	0	0.285	0	0	0	0.285	0	0	0	0	46.724	0.855	0	0	0	0	0	0	1.994	0	0.285	0	0	0	0
WB116	0	27.984	0	0	0.391	0.196	40.313	0	0	0	0	0	4.697	0	0	0.783	0	0	0	0	0.196	0	0	0	16.634	0	0	5.284	0	0	0	0	0.196	0	3.327	0	0	0	0
WB117	0	29.047	0	0	0.222	0.222	35.698	0	0	0	0	0	4.656	0	0	0.887	0	0	0	0	0.222	0	0	0	22.395	0	0	4.213	0	0	0.222	0	0	0.665	1.552	0	0	0	0
WB118	0	12.05	0	0	0.18	0	33.813	0	0	0	0	0	6.835	0	0	2.518	0.36	0	0	0	0	0	0	0	37.77	0	0	4.137	0	0	0.18	0	0	1.079	1.079	0	0	0	0
WB119	0	22.688	0	0	0.175	0	38.394	0	0	0	0	0	3.141	0	0	0.873	0	0	0	0	0	0.175	0	0	27.923	0	0	5.41	0	0	0.349	0	0	0	0.873	0	0	0	0
WB120	0	19.329	0	0	0.394	0	45.365	0	0	0	0	0	2.564	0	0	1.381	0.197	0	0	0	0	0	0	0	24.655	0	0	4.536	0	0	0	0	0.197	0	1.381	0	0	0	0
WB121	0	16.129	0	0	0	0.293	33.138	0	0	0	0	0.88	5.572	0	0	0	0	0	0	0.293	0	0	0	0	41.642	1.466	0	0	0	0	0	0	0	0	0.293	0	0	0.293	0
WB122	0	15.945	0	0	0	0	23.031	0	0	0	0	0	1.181	0	0	0	0	0	0	0	0.787	0	0	0	55.906	1.772	0	0.787	0	0	0	0	0	0	0.591	0	0	0	0
WB123	0	15.945	0	0	0	0	23.031	0	0	0	0	0	1.181	0	0	0	0	0	0	0	0.787	0	0	0	55.906	1.772	0	0.787	0	0	0	0	0	0	0.591	0	0	0	0
WB124	0	20.826	0	0	0.375	0	19.7	0	0	0	0	0	0	0.188	0	0.188	0	0	0	0.188	0	0	0	0	50.844	5.441	0.188	0	0	0	0.75	0	0	0.375	0.938	0	0	0	0
WB125	0	27.465	0	0	0.176	0.528	38.028	0	0	0	0	0	9.155	0	0	3.873	0	0	0	0	0.176	0	0	0	17.43	0	0	1.761	0	0	0.176	0	0.352	0.176	0.704	0	0	0	0
WB126	0.03	37.593	0	0.03	0	0.06	26.393	0	0	0	0	0	3.366	0	0	0.149	0.06	0	0	0.298	0.03	0	0.03	0	28.984	0.089	0	0.566	0	0.03	0.685	0	0.089	0.03	1.489	0	0	0	0
WB127	0	20.504	0	0.18	0.36	0	45.504	0.18	0	0	0	0.54	1.799	0	0	0.36	0	0	0	0	0	0	0	0	22.842	0	0	3.417	0	0	0	0	0	0.36	3.777	0.18	0	0	0
WB128	0	36.132	0	0	0.6	0.3	27.886	0	0	0	0	0.15	5.547	0	0.15	0.45	0	0	0	0	0	0	0	0	23.538	0.3	0	1.499	0	0	0	0	0.3	0.15	2.699	0.3	0	0	0
WB129	0	23.521	0	0	0	0	37.324	0	0	0	0	0	1.972	0	0	0	0	0	0	0	0	0	0	0	33.662	0	0	0.986	0	0	0.141	0	0	0.282	2.113	0	0	0	0
WB130	0	25.198	0	0	0.158	0	27.258	0	0	0	0	0	2.694	0	0	0	0	0	0	0	0	0	0	0	40.254	0	0	1.426	0	0	0.158	0	0.158	0	2.694	0	0	0	0
WB131	0	42.129	0	0	0.443	0	30.377	0	0	0	0	0	2.217	0	0	0	0	0	0	0.222	0.443	0.222	0	0	16.408	0	0	0.887	5.1	0	0	0	0	0	1.552	0	0	0	0
WB132	0	23.033	0	0	0	0	37.812	0	0	0	0	0	2.495	0	0	0	0	0	0	0	0	0	0	0	33.973	0	0	0.384	0	0	0.576	0	0	0	1.727	0	0	0	0
WB133	0	33.394	0	0	0	0.547	33.029	0	0	0.182	0	0	3.102	0	0	0	0	0	0	0	0	0	0	0	20.985	0	0	2.92	0	0	0.547	0	0	0.182	5.109	0	0	0	0
WB134	0	30.243	0	0	0.912	0.304	36.778	0	0	0	0	0.608	3.343	0	0	0	0	0	0	0	0.152	0	0	0	20.821	0	0	1.824	0	0	0.456	0	0	0	4.407	0.152	0	0	0
WB135	0	16.316	0	0	0	0	36.579	0	0.132	0	0	0	5.132	0	0	1.316	0	0	0	0	0	0.132	0	0	38.026	0	0	1.184	0	0	0.526	0	0	0.132	0.526	0	0	0	0
WB136	0	17.174	0	0	0.537	2.147	42.934	0	0	0	0	0	6.44	0	0	1.968	0	0	0	0	0	0	0	0	13.417	0	0	13.775	0	0	0.716	0	0	0.179	0.716	0	0	0	0
WB137	0	10.545	0	0	0.545	0	9.091	0	0	0	0	0	1.455	0	0	1.091	0	0	0	0	0	0	0	0	70.909	5.091	0	0.182	0	0	0.182	0	0	0	0.727	0.182	0	0	0
WB138	0	18.88	0	0	0.207	0.207	31.95	0	0	0	0	0	3.942	0	0.207	0.207	0.207	0	0	0	0	0	0	0	31.328	0	0	3.734	0	0	1.66	0	0.207	0.207	7.054	0	0	0	0
WB139	0	32.618	0	0	0	0.858	34.12	0.215	0	0	0	0	1.931	0	0	0.215	0.215	0	0	0	0	0	0	0	22.961	0	0	1.288	0.215	0	0.644	0	0	0.215	4.506	0	0	0	0
WB140	0	20.32	0	0	1.37	1.598	16.895	0	0	0	0	0	21.005	0	0	11.187	0	0	0	0	0	0	0	0	4.795	0.228	0	20.776	0	0	0.457	0	0	0.685	0.685	0	0	0	0
WB141	0	23.399	0	0.246	0	0	28.818	0	0	0	0	0.739	4.68	0	0	0.246	0	0	0	0	0	0	0.246	0.246	28.079	0	0	6.897	0	0	0.739	0	0	0.493	5.172	0	0	0	0
WB142	0	30.401	0	0	0	0	47.685	0	0	0	0	0	7.407	0	0	2.623	0	0	0	0	0	0	0	0	5.401	0	0	6.481	0	0	0	0	0	0	0	0	0	0	0
WB143	0	30.147	0	0	0.49	0.245	31.618	0	0	0	0	0	5.392	0	0	2.451	0.245	0	0	0	0	0	0	0	18.137	0	0	9.069	0	0	0.245	0	0	0.49	1.471	0	0	0	0
WB144	0	32.839	0	0	0	0.847	29.661	0	0.212	0.212	0	0.636	2.331	0	0	0	0	0	0	0	0	0	0	0	22.034	0	0	4.873	0	0	0.636	0	0	0	5.72	0	0	0	0
WB145	0	27.119	0	0	0.242	0	38.741	0	0	0	0	0	9.201	0	0	2.663	0	0	0	0	0	0	0	0	8.717	0	0	7.99	0	0.242	2.663	0	0.484	0.726	1.211	0	0	0	0
WB146	0	22.449	0	0	0	0	46.259	0	0	0	0	0.227	2.268	0	0	0	0	0	0	0	0	0	0	0	26.077	0	0	1.587	0	0	0	0	0	0	1.134	0	0	0	0
WB147	0	15.883	0	0	0	0.162	26.742	0	0	0	0	0	7.131	0	0.162	0.486	0	0	0	0	0	0	0	0	38.898	0	0	5.835	0	0.162	0.162	0	0	0	4.376	0	0	0	0
WB148	0	15.976	0	0	0	0.592	31.657	0	0	0	0	0	6.213	0	0	0	0	0	0	0	0	0	0	0	34.911	0	0	6.805	0	0.888	0.296	0	0	0	2.663	0	0	0	0
WB149	0	19.885	0	0	0	0.191	27.916	0	0	0	0	0	2.486	0	0	0.765	0	0	0	0	0	0	0	0	40.918	0	0	6.31	0	0	0	0	0	0.765	0.765	0	0	0	0
WB150	0	30.872	0	0	0	0	32.215	0	0	0	0	0	4.698	0	0	0.895	0.447	0	0	0	0	0	0.447	0	24.832	0	0	2.237	0	0	0.224	0	0	1.566	1.566	0	0	0	0
WB151	0	36.082	0	0	0.412	0	31.34	0	0	0	0	0	11.753	0	0	3.918	0	0	0	0	0	0	0	0	12.371	0	0	2.887	0	0	0	0	0	0.206	1.031	0	0	0	0
WB152	0	36.254	0	0	0.604	0	35.347	0	0	0	0	0	5.74	0	0	2.417	0.302	0	0	0	0	0	0	0	14.199	0	0	3.323	0	0	0.302	0	0	0	1.511	0	0	0	0
WB153	0	30.169	0	0	0.422	0.211	31.857	0	0.211	0	0	0	12.658	0	0	3.797	0.211	0	0	0	0	0	0	0	10.549	0	0	7.384	0	0	0.633	0	0	1.055	0.844	0	0	0	0
WB154	0	28.571	0	0	0	0	27.755	0	0	0	0	0	6.122	0	0	0.612	0	0	0	0	0	0	0	0	32.857	0	0	2.245	0	0	0	0	0	0	1.837	0	0	0	0
WB155	0	22.465	0	0	0	2.783	34.394	0	0	2.783	0	0	6.759	0	0.398	0	0	0	0	0	0	0	0	0	19.284	0	0	8.748	0	0	0	0	0.199	0	2.187	0	0	0	0
WB156	0	45.506	0	0	0.187	0	30.337	0	0	0	0	0.375	2.996	0	0	0	0	0	0	0	0	0	0	0	16.479	0	0.187	1.685	0	0	0	0	0.187	0.187	1.873	0	0	0	0
WB157	0	34.389	0	0	0.452	0	23.529	0	0	0	0	0	3.167	0	0	0.679	0	0	0	0	0	0	0	0	32.805	0	0	2.715	0	0	0.226	0	0	0.226	1.357	0.226	0	0.226	0
WB158	0	25.672	0	0	0.597	0.299	25.97	0	0	0	0	0.299	5.672	0	0	0.896	0	0	0	0	0	0	0	0	34.328	0	0	4.179	0	0	0	0	0	0.896	1.194	0	0	0	0
WB159	0	51.208	0	0	0.725	0	24.396	0	0	0	0	0	2.899	0	0	0.242	0	0	0	0	0	0	0	0	16.425	0	0	1.691	0	0	0.483	0	0.242	0.242	1.449	0	0	0	0
WB160	0	55.932	0	0	3.39	0	24.576	0	0	0	0	0	0.565	0	0	1.13	0	0	0	0	0	0	0	0	6.497	0	0	4.237	0	0	0	0	0.282	1.13	1.977	0.282	0	0	0
WB161	0	49.778	0	0	0.444	0	25.778	0	0	0	0	0	1.778	0	0	0.444	0	0	0	0	0	0	0	0	12.889	0	0	3.111	0	0	0.889	0	0	1.778	3.111	0	0	0	0
WB162	0	37.475	0	0	1.833	0.204	33.401	0	0	0	0	0.815	4.481	0	0	2.851	0	0	0	0	0	0	0	0	10.998	0	0	3.259	0	0	1.629	0	0.407	1.426	0.815	0.407	0	0	0
WB163	0	32.797	0	0	0	0	29.904	0	0	0	0	0	7.074	0	0	0.322	0	0	0	0	0	0	0	0	28.296	0	0	0.322	0	0	0	0	0	0	1.286	0	0	0	0
WB164	0	33.891	0	0	1.046	0	26.569	0.209	0	0	0	0.628	4.184	0	0	0.628	0	0	0	0	0	0	0	0	27.824	0	0	2.929	0	0	0	0	0	0.209	1.883	0	0	0	0
WB165	0	44.919	0	0	7.927	0.61	20.325	0	0	0	0	0	4.878	0	0	0.203	0	0	0	0	0	0	0.407	0	15.854	0	0	2.033	0	0	0.203	0	0.61	0.407	1.626	0	0	0	0
WB166	0	44.643	0	0	5.754	0.595	18.254	0	0	0	0	0.198	5.159	0	0	0.198	0	0	0	0	0	0	0	0	20.238	0	0	2.183	0	0	0	0	0	0	2.778	0	0	0	0
WB167	0	46.048	0	0	7.904	0.687	20.619	0	0	0	0	0	4.124	0	0	0.344	0	0	0	0	0	0	0.344	0	15.464	0	0	2.062	0	0	0.344	0	0.687	0	1.375	0	0	0	0
WB168	0	46.483	0	0	5.505	0.612	19.266	0	0	0	0	0.306	4.893	0	0	0.306	0	0	0	0	0	0	0	0	18.349	0	0	1.529	0	0	0	0	0	0	2.752	0	0	0	0
WB169	0	29.825	0	0	0	0	36.404	0	0	0	0	0.219	4.825	0	0	0.877	0	0	0	0	0	0	0	0	22.807	0	0	2.632	0	0	0	0	0	0.439	1.974	0	0	0	0
WB170	0	22.951	0	0	0	0.364	33.88	0	0	0	0	0	2.186	0	0.182	0.182	0	0	0	0	0	0	0	0	33.698	0	0	4.918	0.182	0	0	0	0	0.182	1.275	0	0	0	0
WB171	0	14.396	0	0	0	0	18.509	0	0	0	0	0	3.599	0	0	0.257	0	0	0	0	1.028	0	0	0	54.499	0.257	0.257	3.599	0	0	0.257	0	0.257	0	3.085	0	0	0	0
WB172	0	24.206	0	0	0.397	0	24.206	0	0	0	0	0.595	28.77	0	0.198	0.794	0	0	0	0	0	0	0	0	15.873	0	0	1.587	0	0	0.992	0	0	0.397	1.984	0	0	0	0
WB173	0	27.091	0	0.182	0	0	19.818	0	0.182	0	0	0	2.727	0	0.182	0.364	0.182	0	0	0	0	0	0	0	43.091	0.545	0	3.636	0	0	0.364	0	0.364	0.182	1.091	0	0	0	0
WB174	0	41.614	0	0	0	0	24.684	0	0	0	0	0.316	3.639	0	0	0.475	0	0	0	0	0.158	0	0	0	25.158	0.791	0	1.108	0	0	0	0	0	0.475	1.582	0	0	0	0
WB175	0	27.074	0	0	0.437	0.437	26.856	0	0.218	0	0	0.655	4.367	0	0	0.218	0	0	0	0	0	0	0	0	27.948	0	0	5.895	0	0	3.93	0	0.437	0	1.528	0	0	0	0
WB176	0	25.153	0	0	0.409	0.204	38.037	0.204	0	0.204	0	1.022	3.067	0	0.204	0.409	0.204	0	0	0	0	0	0	0	18.609	0	0	8.18	0	0	0	0	0	0.204	3.885	0	0	0	0
WB177	0	19.08	0	0	1.149	0	40.23	0	0	0.46	0	0.23	8.046	0	0	1.149	0	0	0	0	0	0	0	0	17.241	0	0	5.747	0	0	0	0	0.23	0.46	5.747	0.23	0	0	0
WB178	0	52.913	0	0	0.162	0.162	23.786	0	0	0	0	0.485	7.767	0	0	0.324	0	0	0	0	0	0	0	0	11.65	0	0	0.809	0	0	0.485	0	0	0.162	1.294	0	0	0	0
WB179	0	33.945	0	0	2.202	0.734	28.073	0	0.367	0	0	0	8.44	0	0	3.303	0	0	0	0	0	0	0	0	13.028	0	0	7.706	0	0	0.183	0	0	0	1.651	0.183	0	0.183	0
WB180	0	33.993	0	0	4.125	0	35.974	0	0	0	0	0.825	7.591	0	0	2.97	0	0	0	0	0	0	0	0	9.406	0	0	2.805	0	0.165	0.33	0	0	0.495	1.32	0	0	0	0
WB181	0	32.171	0	0	0	0	37.242	0	0	0	0	0.634	11.094	0	0	0.475	0	0	0	0	0	0	0	0	16.165	0	0	1.268	0	0	0	0	0	0	0.951	0	0	0	0
WB182	0	25.607	0.221	0	0.662	0	23.841	0	0	0	0	0	17.439	0	0	0.662	0	0	0	0	0	0	0	0	22.296	0	0	4.415	0	0	0	0	0	0.221	4.636	0	0	0	0
WB183	0	25.293	0	0.234	0	0	30.679	0	0	0.234	0	0.234	7.728	0	0	0.468	0	0	0	0	0	0	0	0	29.274	0	0	2.576	0	0	0.468	0	0.234	0.234	2.108	0.234	0	0	0
WB184	0	38.409	0	0	0.455	0.227	27.273	0	0	0	0	1.136	14.091	0	0	1.591	0	0	0	0	0	0	0	0	11.591	0	0	1.591	0	0	0.227	0	0	0.682	2.727	0	0	0	0
WB185	0	39.489	0	0	0.196	0.196	34.971	0	0	0	0	0	5.501	0	0	0.589	0	0	0	0	0	0	0	0	14.735	0	0	1.965	0	0	0	0	0	0.196	2.161	0	0	0	0
WB186	0	48.998	0	0	0.223	0	24.276	0	0	0	0	0.223	9.354	0	0	0.668	0	0	0	0	0	0	0	0	13.586	0	0	1.559	0	0	0	0	0.223	0	0.891	0	0	0	0
WB187	0	47.736	0	0	0.377	0	22.264	0.377	0	0	0	0	4.528	0	0	0.755	0	0	0	0	0.189	0	0	0	22.264	0.189	0	0.755	0	0	0	0	0	0.189	0.377	0	0	0	0
WB188	0	27.203	0	0	0.192	0.383	13.985	0.192	0	0.192	0	0	13.602	0	1.149	2.107	0	0	0	0	0	0	0	0	34.866	0	0	0.766	0	0	0.383	0	0	0.383	4.598	0	0	0	0
WB189	0	8.333	0	0	0	0.181	71.196	0	0	0	0	1.63	1.812	0	0.181	0.543	0.362	0	0	0	2.174	0	0	0	10.87	0	0	0.725	0	0	0	0	0	0	1.993	0	0	0	0
WB190	0	40.714	0	0	0	0	20	0	0	0	0	0.857	3.429	0	0	0.143	0	0	0	0.143	0.143	0	0	0	29.714	0.286	0	1.857	0	0	0.143	0	0	0.429	2.143	0	0	0	0
ES1016	0	12.742	2.493	0	1.662	0.831	29.363	0	0	0	0	0	8.31	0	0	0.831	0	0	0	0	0	0	0	0	31.302	9.972	0	2.493	0	0	0	0	0	0	0	0	0	0	0
ESL001	0	14.201	1.183	0	0.296	0.592	18.047	0	0	0	0	0	6.805	0	0	0.296	0	0	0	0.296	0	0	0	0	53.55	3.55	0	0.888	0	0	0	0	0	0	0	0	0	0	0.296
ESL002	0	26.26	0.265	0	0.265	0.265	18.833	0	0	0	0	0	3.979	0	0	0	0	0	0	1.592	0	0	0	0	47.48	1.061	0	0	0	0	0	0	0	0	0	0	0	0	0
ESL003	0	20.356	1.272	0	0.763	0	34.097	0	0	0	0	0	11.959	0	0	0	0	0	0	0.763	0	0	0	0	22.901	7.125	0	0.763	0	0	0	0	0	0	0	0	0	0	0
ESL004	0	15.789	0.351	0	0	0.351	18.246	0	0	0	0	0	27.018	0	0	2.105	0	0	0	0	0	0	0	0	30.526	2.807	0	2.456	0	0	0	0	0	0	0.351	0	0	0	0
ESL005	0	23.009	0.59	0	0	1.18	18.584	0	0.295	0	0	0	8.555	0	0	0	0	0	0	0.295	0	0	0	0	43.953	1.475	0	1.77	0	0	0	0	0	0	0.295	0	0	0	0
ESL006	0.503	48.154	0.168	0	0.168	0.671	12.416	0	0.168	0	0.168	0.168	6.04	0	0	2.349	0.336	0	0	0.168	0	0.168	0.839	0.168	22.987	1.51	0.168	0.336	0	0.336	0.336	0	0.336	0.336	1.007	0	0	0	0
ESL007	0	25.094	0.749	0	0.749	0	30.337	0	0	0	0	0	7.491	0	0	0	0	0	0	0	0	0	0	0	26.966	5.993	0	0.749	0	0	0	0	0	0	1.873	0	0	0	0
ESL008	1.015	50.931	0	0	0.169	1.523	15.059	0	0	0	0	0	1.861	0	0	0.846	0	0	0	0.508	0	0.169	0	0	24.873	2.2	0	0.338	0	0	0	0.338	0	0	0.169	0	0	0	0
ESL009	0	46.113	0.177	0	0	1.06	17.491	0	0	0	0	0	6.537	0	0	1.06	0	0	0	0.53	0	0	0	0	23.498	1.237	0	0.707	0	0	0.353	0	0.353	0.177	0.707	0	0	0	0
ESL010	0	15.32	0	0	0.279	0	20.334	0.557	0	0	0	0	30.362	0	0	0.557	0	0	0	0.279	0	0	0.279	0	26.462	2.507	0	1.671	0	0	0	0	0	0	1.393	0	0	0	0
ESL011	0.282	12.958	1.127	0	1.127	0	18.31	0.282	0	0	0	0	22.535	0.282	0	0.563	0	0	0	0.282	0	0	0	0	34.93	4.507	0	2.254	0	0	0	0	0	0	0.563	0	0	0	0
ESL012	0	14.696	0.958	0	1.278	0.319	15.335	0.319	0	0.319	0	0	31.629	0	0	0.639	0	0	0	0.319	0	0	0	0	27.157	3.195	0	2.236	0	0	0	0	0	0	1.597	0	0	0	0
ESL013	0	35.818	0.162	0	0.324	1.459	16.37	0	0.162	0	0.324	0	8.428	0	0	3.404	0	0	0.162	0	0	0	0	0	28.687	2.269	0	1.135	0	0	0	0	0.324	0	0.972	0	0	0	0
ESL014	0	13.396	0.935	0	0.312	0.312	16.822	0	0	0.312	0	0	21.495	0	0	0.935	0	0	0	0	0	0	0	0	38.941	4.984	0	0.935	0	0	0	0	0	0	0.623	0	0	0	0
ESL015	0	18.75	1.19	0	0.298	0.298	17.56	2.083	0.298	0	0	0	16.369	0	0	1.19	0	0	0	0	0	0	0	0	36.905	3.869	0	0.893	0	0	0	0	0	0.298	0	0	0	0	0
ESL016	0	20.37	0.309	0	0.926	0.309	20.37	0	0	0.309	0	0	16.975	0	0	0.309	0	0	0	0.309	0	0	0	0	36.42	1.235	0	1.543	0	0	0	0	0	0	0.617	0	0	0	0
ESL017	0	20.544	0.604	0	0.302	0	27.795	0	0	0	0	0.302	10.272	0	0	0.906	0	0	0	0	0	0	0	0	38.369	0.906	0	0	0	0	0	0	0	0	0	0	0	0	0
ESL018	0.875	34.136	0.219	0	1.094	0.875	21.882	0	0	0	0	0	10.503	0	0	2.626	0	0	0	0.438	0	0	0.219	0	21.225	4.158	0	0.875	0	0	0	0	0.219	0	0.656	0	0	0	0
ESL019	0.336	19.128	0	0	0	0	17.45	0	0	0	0	0	21.812	0	0	1.342	0	0	0	0	0	0	0	0	33.893	3.02	0	1.342	0	0	0	0	0	0	1.678	0	0	0	0
ESL020	0	24.911	0.712	0	0.356	0.356	24.555	0.356	0.356	0	0	0	22.42	0	0	2.135	0	0	0	0	0	0	0	0	17.794	2.847	0	0	0	0	0	0	0	0	3.203	0	0	0	0
ESL021	0	17.889	0.88	0	0	0.587	15.249	0	0	0	0	0	26.1	0	0	1.173	0	0	0	0	0	0	0.293	0	29.619	4.106	0	2.053	0	0	0	0	0	0	2.053	0	0	0	0
ESL022	0	16.766	0.599	0	0.599	0	18.263	0.299	0	0	0	0	30.539	0	0	2.096	0	0	0	0	0	0	0	0	23.353	3.593	0	2.395	0	0	0	0	0	0	1.497	0	0	0	0
ESL023	0	11.154	0.769	0	0.385	0	25.385	0.385	0.769	0	0	0	29.231	0	0	1.154	0	0	0	0	0	0	0	0	23.077	3.846	0	2.308	0	0	0	0	0	0	1.538	0	0	0	0
ESL024	0	19.154	1.114	0	0.223	0	17.817	0.223	0.445	0.223	0	0	26.281	0	0	0.445	0.223	0	0	0.223	0	0.223	0	0	25.612	2.895	0	2.45	0	0	0	0	0	0	2.45	0	0	0	0
ESL025	0	24.416	1.558	0	0.779	0	25.455	0	0	0	0	0	22.078	0	0	0.779	0	0	0	0	0	0	0	0	16.364	5.974	0	1.818	0	0	0	0	0	0	0.779	0	0	0	0
ESL026	0	19.081	0.353	0	0	0.353	48.057	0	0.707	0	0	0	10.247	0	0	3.534	0.353	0	0	0.353	0	0	0.353	0	11.307	2.473	0	1.413	0	0	0	0	0	0	1.413	0	0	0	0
ESL027	0	15.743	0.292	0	0	0.875	32.362	0	0	0	0	0	20.7	0	0	0.875	0	0	0	0	0.292	0	0	0	19.825	4.082	0	3.499	0	0	0	0	0	0	1.458	0	0	0	0
ESL028	0.206	16.255	0	0	0.412	1.44	33.333	0	0.206	0	0	0	25.309	0	0	4.733	0	0	0.206	0.617	0	0.412	0	0	6.173	4.115	0	1.646	0	0	0	0	0	0	4.938	0	0	0	0
ESL029	0	17.797	0	0	1.13	0	30.508	0	0.282	0	0	0	24.859	0	0	1.977	0	0	0	0	0	0	0	0	14.689	1.977	0	0.847	0	0	0	0	0	5.367	0.565	0	0	0	0
ESL030	0.339	19.322	0	0	0.678	0.678	28.475	0.678	0	0	0	0	22.034	0	0	2.712	0	0	0	0	0	0	0.678	0	19.661	1.695	0	1.017	0	0	0	0	0.678	0	1.356	0	0	0	0
ESL031	0	36.508	1.19	0	0	0.794	26.587	0	0	0	0	0	16.27	0	0	1.19	0	0	0	0	0	0	0	0	11.111	3.175	0	3.175	0	0	0	0	0	0	0	0	0	0	0
ESL032	0	27.848	0.316	0	0.949	2.215	26.266	0	0	0	0	0	9.494	0	0	1.582	0	0	0	0.316	0.316	0	0	0	23.418	1.582	0	5.38	0	0	0	0	0	0	0.316	0	0	0	0
ESL033	0.306	32.925	0.153	0	0.153	0.613	27.871	0	0.766	0	0.153	0	17.917	0	0	2.297	0.459	0	0	0.306	0	0.153	0	0	5.36	2.603	0	4.594	0	0	0.153	0	0.153	0.306	2.603	0.153	0	0	0
ESL034	0	12.303	5.363	0	2.524	2.208	26.183	0	0	0.631	0	0.631	18.612	0	0	0.631	0	0	0	0	0	0	0	0	15.142	11.041	0	4.732	0	0	0	0	0	0	0	0	0	0	0
ESL035	0.309	16.383	1.546	0	1.7	0.618	9.892	0	0.155	0.155	0.155	0	26.739	0.155	0	1.391	0.309	0	0.155	0.155	0	0	0.927	0	19.165	13.91	0	2.937	0	0	0	0	0.155	0.155	2.628	0.309	0	0	0
ESQ001	0	17.436	0.342	0	0.342	0	22.906	0	0	0.171	0	0.684	9.06	0	0	0.513	0	0	0	0	0.171	0	0	0	44.786	2.222	0	0.684	0	0	0	0	0	0.171	0.513	0	0	0	0
ESQ002	0	21.441	1.34	0	3.015	1.005	22.948	0	0.168	0.838	0	0.838	12.228	0	0	0.503	0	0	0.168	0	0	0	0	0	28.643	0.67	0	3.853	0	0	0	0.168	0	0	1.843	0	0	0.168	0.168
ESQ003	0	12.1	1.779	0	1.601	3.559	18.861	0	0	1.246	0	0.712	16.37	0	0	1.601	0	0	0	0.534	0.178	0.178	0.356	0	24.199	8.541	0	5.516	0	0	0	0.356	0	0	2.313	0	0	0	0
ESQ004	0	15.126	2.857	0	2.689	4.034	22.857	0	0	0.672	0	0.504	13.613	0	0	1.681	0	0	0	0	0	0.168	0	0	23.193	1.176	0	8.235	0	0	0	0	0	0.336	2.857	0	0	0	0
ESQ005	0	18.512	3.46	0.173	5.017	1.557	17.82	0	0.173	0.865	0	0.173	10.554	0	0	1.903	0	0	0	0	0	0	0	0	30.104	1.903	0	5.363	0	0.173	0	0	0	0.173	2.076	0	0	0	0
ESQ006	0	13.118	2.555	0	4.429	1.533	16.865	0	0	0.511	0.17	0.341	9.37	0	0	0.852	0	0	0	0	0.17	0.17	0	0	45.315	1.533	0	2.044	0	0	0	0.17	0	0	0.852	0	0	0	0
ESQ007	0	11.472	2.868	0	4.398	2.486	15.679	0	0.382	0.956	0	0.382	14.723	0	0	1.721	0	0	0	0	0	0	0	0	35.755	2.103	0.191	4.78	0	0.191	0	0.191	0	0.191	1.53	0	0	0	0
ESQ008	0	15.625	0.174	0	0	0	24.826	0	0	0	0	0.174	13.889	0	0	2.257	0	0	0	0.521	0.347	0	0	0	40.104	1.736	0	0.174	0	0	0	0	0	0	0.174	0	0	0	0
ESQ009	0	18.02	0.761	0	0.508	0.254	18.528	0	0	0	0	0.254	10.406	0	0	0.761	0	0	0	0.254	0	0	0	0	45.939	2.792	0	1.269	0	0	0.254	0	0	0	0	0	0	0	0
ESQ010	0	13.912	0.491	0	0.818	0.818	31.588	0	0.164	0	0	0.164	11.948	0	0	1.8	0	0	0	0	0	0	0	0	34.206	1.309	0	1.637	0	0	0	0.164	0	0.327	0.655	0	0	0	0
ESQ011	0	32.841	1.107	0	0.369	2.214	33.948	0	0	0	0	0	2.583	0	0	1.292	0	0	0	0.185	0	0.185	0	0	22.325	0.554	0	1.476	0	0	0	0	0	0	0.923	0	0	0	0
ESQ012	0	22.917	1.515	0	0.947	0.758	30.871	0	0	0.189	0	0	5.682	0	0	2.462	0	0	0	0	0	0	0	0	31.061	1.136	0	2.273	0	0	0	0	0	0	0.189	0	0	0	0
ESQ013	0.199	10.537	2.386	0	1.59	0.398	44.533	0	0	0.398	0	0.596	5.567	0	0	4.374	0	0	0	0	0	0	0	0	24.453	0.994	0	3.181	0	0	0	0.199	0	0	0.398	0	0	0.199	0
ESQ014	0	10.092	0.734	0	0.734	0.367	45.138	0	0	0.734	0.183	0.367	11.743	0	0	5.505	0	0	0	0	0	0	0	0	18.165	3.303	0	2.385	0	0	0	0	0	0	0.55	0	0	0	0
ESQ015	0	9.122	0.344	0	1.721	0.516	25.473	0	0	0	0	0.172	29.604	0	0	0.516	0	0	0	0.344	0.172	0	0	0	25.99	3.098	0	1.549	0	0	0	0	0	0.172	1.205	0	0	0	0
ESQ017	0	13.149	0.346	0	0.346	0	26.817	0	0	0	0	0.173	31.488	0	0	1.384	0	0	0	0.173	0.346	0	0	0	22.145	1.73	0	1.211	0	0.173	0	0	0	0.173	0.346	0	0	0	0
ESQ018	0	21.406	0.319	0	0.639	0.16	36.262	0	0	0	0	0.319	9.425	0	0	1.597	0	0	0	1.438	0.958	0	0	0	24.121	1.278	0	1.278	0	0	0.16	0	0	0	0.639	0	0	0	0
ESQ019	0	17.402	0.245	0	0	0	16.176	0	0	0	0	0	9.314	0	0	3.922	0	0	0	1.471	0	0	0	0	48.529	1.225	0	0.49	0	0	0	0	0	0.735	0.49	0	0	0	0
ESQ020	0	19.497	0.314	0	0.157	0.157	34.906	0	0	0	0	0	12.893	0	0	1.887	0	0	0	1.572	0.314	0	0	0	25	0.943	0	1.258	0	0.157	0	0	0	0	0.943	0	0	0	0
ESQ021	0	34.354	0.34	0	0.17	0.17	31.463	0	0	0	0	0	9.694	0	0	2.041	0	0	0	0.51	0	0	0	0	19.218	0.68	0	0.68	0	0	0	0	0	0.34	0.34	0	0	0	0
ESQ022	0	13.625	0.257	0	1.285	0.771	37.789	0	0	0	0	0	20.823	0	0	2.314	0	0	0	0.257	0.257	0	0	0	14.396	4.884	0	2.057	0	0	0.257	0	0	0	1.028	0	0	0	0
ESQ023	0	15.964	0.602	0	0.904	0.753	41.265	0	0	0	0	0	13.554	0	0	1.205	0	0	0	0	0	0	0	0	19.729	3.765	0	1.657	0	0	0	0	0	0.151	0.452	0	0	0	0
ESQ024	0	14.373	0.765	0	0.612	0.306	41.132	0	0	0	0	0.153	15.749	0	0	2.599	0	0	0	0	0.306	0	0	0	19.725	1.376	0	1.835	0	0.306	0	0	0	0	0.765	0	0	0	0
ESQ025	0	15.92	0.124	0	0.498	0	38.308	0	0	0	0	0.124	15.174	0	0	2.488	0	0	0	0.498	0	0	0	0	22.637	3.234	0	0.622	0	0	0	0	0	0	0.373	0	0	0	0
ESQ026	0	23.173	0.357	0	0.713	1.07	34.759	0	0	0	0	0.713	16.043	0	0	2.674	0	0	0	0.357	0	0	0	0	14.973	2.496	0	1.426	0	0	0	0	0	0	1.248	0	0	0	0
ESQ027	0	12.439	1.707	0	0.976	0.732	43.171	0	0.244	0.732	0	0.244	10.976	0	0	4.39	0	0	0	0	0	0	0	0	19.756	0.732	0	2.683	0	0	0	0.244	0	0.244	0.732	0	0	0	0
ESQ028	0	12.249	1.28	0	1.097	0.548	48.995	0	0	0.183	0	0	9.689	0	0	6.399	0	0	0	0	0.183	0	0	0	13.894	2.194	0	1.097	0	0	0	0	0	0.183	1.828	0	0	0.183	0
ESQ029	0	14.173	0.787	0	1.26	0.157	46.299	0	0	0.63	0	0.157	5.197	0	0	6.457	0	0	0	0	0	0.157	0.157	0	20.787	0.157	0.157	1.26	0	0	0	0	0	0.315	1.89	0	0	0	0
ESQ030	0	23.605	0.286	0	0.572	0.143	41.202	0	0	0	0	0.286	10.587	0	0	1.431	0	0	0	1.288	0.286	0	0	0	16.023	1.431	0	1.574	0	0	0	0	0	0	1.288	0	0	0	0
ESQ031	0	12.523	0.907	0	1.633	0	37.75	0	0	0	0	0.181	27.223	0	0	2.541	0	0	0	0.544	0	0	0	0	10.163	2.178	0	2.722	0	0	0	0	0	0	1.633	0	0	0	0
ESQ032	0	15.625	0.184	0	1.287	0	44.118	0	0	0.184	0.184	0.368	18.75	0	0	2.39	0	0	0	0	0.184	0	0.184	0	10.662	2.39	0	2.022	0	0	0	0.184	0	0	1.287	0	0	0	0
ESQ033	0	7.039	0	0	1.006	0.112	46.145	0	0	0	0	0.223	25.587	0	0	2.682	0	0	0	0.112	0.112	0	0	0	11.732	1.341	0	1.564	0	0	0	0	0	0.112	2.235	0	0	0	0
ESQ034	0	12.636	0.136	0	1.223	0.136	41.984	0	0	0	0	0	13.451	0	0	2.989	0	0	0	0.136	0.136	0	0	0	22.69	2.446	0	1.223	0	0	0	0	0	0.136	0.679	0	0	0	0
ESQ035	0	6.22	1.435	0	1.914	0.478	29.665	0	0	0.478	0	0	24.402	0	0	0.478	0	0	0	0	0	0	0	0	19.617	11.483	0	3.349	0	0	0	0	0	0	0.478	0	0	0	0
ESQ036	0	14.735	0.982	0	1.768	0	45.187	0	0.196	0.196	0	0.196	9.037	0	0	4.519	0	0	0	0	0	0	0	0	18.664	1.179	0	1.572	0	0	0.196	0	0	0	1.572	0	0	0	0
ESQ037	0	17.344	2.969	0	1.406	0.313	44.844	0	0	0.469	0	0	10.781	0	0	7.188	0	0	0	0	0	0	0	0	13.125	0.156	0	0.156	0	0	0	0	0	0.313	0.938	0	0	0	0
ESQ038	0	10.183	1.018	0	1.629	0.204	52.342	0	0.204	0.407	0	0	6.925	0	0	5.906	0	0	0	0	0	0	0	0	17.923	0.611	0	0.611	0	0	0	0	0	0.204	1.629	0	0.204	0	0
ESQ039	0	5.442	0.454	0	1.587	0.227	27.664	0	0	0	0	0	42.404	0	0	2.494	0	0	0	0.227	0	0	0	0	8.39	0.907	0	6.576	0	0	0	0	0	0	3.628	0	0	0	0
ESQ040	0	17.26	0.137	0	1.781	0.411	16.301	0	0	0	0	0.411	33.699	0	0	3.836	0	0	0	0.137	0.137	0	0	0	18.904	3.425	0	2.466	0	0	0	0	0	0.137	0.959	0	0	0	0
ESQ041	0	8.497	0	0	0	0.327	26.471	0	0	0.327	0	0	2.614	1.634	0	22.876	0	0	0	0	0	0	0	0	4.575	13.725	0	1.634	0	0	0	0	2.941	11.111	3.268	0	0	0	0
WSAN001	0	19.077	0	0	1.846	0.308	22.462	0	0	0	0	0	25.846	0	0	9.231	0	0	0	0	0	0	0	0	5.538	0	0	10.769	0	0	1.538	0	0.923	0.308	2.154	0	0	0	0
WSAN002	0	3.302	0.236	0	2.358	1.179	10.142	0	0	0	0	0	45.047	0	0	10.613	0	0	0	0	0	0	0.472	0	0.472	0	0	22.642	0	0	0	0	0.236	1.887	1.415	0	0	0	0
WSAN003	0	3.791	0.181	0	1.264	0.903	9.928	0	0.361	0	0	0	41.516	0	0	10.108	0.181	0	0	0	0	0	0	0	0.542	0	0	27.798	0	0.361	0	0	0.181	1.986	0.542	0.361	0	0	0
WSAN004	0	6.404	0	0	0.985	1.478	17.734	0	0.246	0	0	0	38.67	0	0	7.143	0	0	0	0	0	0	0	0	1.232	0	0	23.153	0	0	0	0	0.246	2.463	0.246	0	0	0	0
WSAN005	0	30.851	0	0	0	1.95	20.213	0	0	0	0	0	23.936	0	0	9.397	0	0	0	0	0	0	0	0	0	0	0	13.652	0	0	0	0	0	0	0	0	0	0	0
WSAN006	0	3.636	0	0	2.955	1.364	14.318	0	0.455	0	0	0	38.409	0	0	4.545	0.227	0	0	0	0	0	0	0	0.227	0	0	30.909	0	0.455	0	0	0.455	1.818	0.227	0	0	0	0
WSAN007	0	16.41	0	0	2.564	2.564	25.128	0	0	0	0	0	25.641	0	0	1.538	0	0	0	0	0	0.513	0.513	0	1.538	0	0.513	13.846	0	0	0	0	0	1.538	6.154	0.513	0.513	0.513	0
WSAN008	0	12.174	0	0	0.652	0.652	15.217	0	0.435	0	0	0	26.304	0	0	11.739	0	0	0	0	0	0	0	0	0.652	0	0	29.565	0	0	0	0	0.435	1.304	0.652	0.217	0	0	0
WSAN009	0	8.373	0	0	2.153	0.718	13.876	0	0	0	0	0	35.167	0	0	7.656	0	0	0	0	0	0	0	0	1.914	0.239	0	26.316	0	0.478	0	0	0.478	2.392	0.239	0	0	0	0
WSAN010	0	10.28	0	0	1.168	0.935	13.785	0	0	0	0	0	39.486	0	0	7.243	0.467	0	0	0	0	0	0	0	2.336	0.234	0	21.729	0	0.234	0	0	0.234	0.935	0.935	0	0	0	0
WSAN011	0	22.093	0	0.969	0.775	0.388	36.24	0	0	0	0	0	11.628	0	0	6.202	0.194	0	0	0	0	0	0.194	0	3.101	0	0	14.922	0	0	0	0	0	1.163	2.132	0	0	0	0
WSAN012	0	29.892	0	0	0.215	0.43	31.183	0	0	0	0	0.215	10.108	0	0	3.226	0	0	0	0	0	0	0.215	0	11.828	0	0	8.602	0	0	0.215	0	0	1.505	2.151	0.215	0	0	0
WSAN013	0	34.969	0	0	0	0.204	22.699	0	0	0	0	0	15.542	0	0	6.135	0.204	0	0	0	0	0	0.204	0	3.885	0	0	14.11	0	0	0.409	0	0	0.409	1.227	0	0	0	0
WSAN014	0	29.454	0	0	2.138	0.713	26.366	0	0	0	0	0	19.952	0	0	2.85	0	0	0	0	0	0	0	0	6.413	0	0	7.126	0	0	0	0	0.95	0.95	3.088	0	0	0	0
WSAN015	0	45.775	0	0	0.469	0	28.873	0	0	0	0	0	5.164	0	0	2.347	0	0	0	0	0	0	0	0	7.746	0	0	5.634	0	0.469	1.643	0	0.469	0.469	0.469	0.235	0.235	0	0
WSAN016	0	28.35	0	0.777	0.777	0.194	28.35	0	0.194	0	0	0.777	13.786	0	0	3.495	0	0	0	0	0	0	0	0	6.019	0	0	11.262	0	0	0.388	0	0.777	2.718	1.748	0.194	0.194	0	0
WSAN017	0	8.949	0	0	0.447	2.013	29.083	0.224	0	0	0	0	23.49	0	0	9.172	0.224	0	0	0	0	0	0	0	0.224	0	0	23.043	0	0	0	0	0	2.013	1.119	0	0	0	0
WSAN018	0	48.419	0	0	0.988	0	27.47	0	0	0	0	0.198	6.719	0	0	3.162	0	0	0	0	0	0	0	0	7.708	0	0	2.964	0	0	0.988	0	0	0.593	0.791	0	0	0	0
WSAN019	0	44.86	0	0	7.788	0	21.807	0	0	0	0	1.558	8.1	0	0	0.623	0	0	0	0	0	0	0	0	12.461	0	0	0.935	0	0	0	0	0.312	0.623	0.935	0	0	0	0
WSAN020	0	21.296	0	0	0.463	0.231	21.296	0	0	0	0	0	37.037	0	0	4.63	0	0	0	0	0	0	0	0	6.019	0	0	6.25	0	0	0.694	0	0	0.463	1.62	0	0	0	0
WSAN021	0	7.767	0	0	0.485	0.971	19.417	0	0	0	0	0	44.66	0	0	12.379	0	0	0	0	0	0	0	0	0.485	0	0	12.379	0	0	0.243	0	0.243	0.485	0.243	0.243	0	0	0
WSAN022	0	8.356	0	0	0.809	1.078	16.712	0	0	0	0	0	35.58	0	0	24.259	0	0	0	0	0	0	0	0	3.504	0	0	7.547	0	0.27	0	0	0	0.539	1.078	0.27	0	0	0
WSAN023	0	61.589	0	0	1.656	0	21.854	0	0	0	0	0	4.305	0	0	1.325	0	0	0	0	0	0	0	0	6.623	0	0	0.331	0	0	0	0	0	0	2.318	0	0	0	0
WSAN024	0	60	0	0	1.043	0	23.304	0	0	0	0	0	5.391	0	0	0.87	0	0	0	0	0	0	0	0	7.304	0	0	0.348	0	0	0	0	0	0.174	1.565	0	0	0	0
WSAN025	0	37.317	0	0	2.096	0	19.078	0	0	0.21	0	0.839	21.384	0	0.21	0.839	0	0	0	0	0	0	0	0	11.111	0	0	2.306	0	0	0	0	0.21	0.419	2.725	0.629	0.21	0.419	0
WSAN026	0	63.8	0	0	1.2	0.6	20	0	0	0	0	0	5.6	0	0	4.6	0	0	0	0	0	0	0.2	0	1.6	0	0	0.8	0	0	0.8	0	0	0.2	0.6	0	0	0	0
WSAN027	0	25.331	0	0	1.134	0.189	29.49	0	0	0.189	0	0	25.331	0	0	7.561	0.189	0	0	0	0	0	0	0.378	4.348	0	0	4.537	0	0	0	0	0.189	0.189	0.945	0	0	0	0
WSAN028	0	49.231	0	0	0.592	0	21.302	0	0	0	0	0	13.964	0	0	3.314	0.118	0	0	0	0	0	0	0	4.615	0	0	5.325	0	0.237	0	0	0.237	0.237	0.71	0	0.118	0	0
WSAN029	0	6.634	0	0	1.474	0.737	14.496	0	0.246	0	0	0	28.747	0	0	5.897	0.491	0	0	0	0	0	0.737	0	0	0	0	38.329	0	0	0.491	0	0.491	0.737	0.246	0	0.246	0	0
WSAN030	0	8.705	0	0.425	1.486	0.212	42.251	0	0	0	0	0	19.745	0	0	8.068	0	0	0	0	0	0	0	0	1.062	0	0	12.951	0	0.212	0	0	0.849	0.849	2.76	0	0	0.425	0
WSAN031	0	29.06	0	0	0	0.427	22.65	0.214	0.214	0	0	0	21.368	0	0	5.342	0.641	0	0	0	0	0.427	0	0	6.197	0	0	8.974	0	0	0	0	0	0.855	2.778	0.641	0	0.214	0
WSAN032	0	31.707	0	0	3.104	0	23.947	0	0	0	0	0	25.942	0	0	0	0	0	0	0	0	0	0	0	7.982	0	0	4.656	0	0	0	0	0	0	2.661	0	0	0	0
WSAN033	0	29.276	0	0	2.632	0.658	28.289	0	0	0	0	0	22.697	0	0	1.974	0	0	0	0	0	0	0.329	0	5.592	0	0	4.605	0	0	0	0	0	0.987	2.961	0	0	0	0
WSAN035	0	9.205	0	0	2.092	0.628	24.895	0	0.418	0	0	0	26.987	0	0	11.715	0	0	0	0	0	0	0	0	2.092	0	0	18.201	0	0	0	0	0.209	1.883	1.674	0	0	0	0
WSAN036	0	28.806	0	0	0.234	0.234	35.831	0	0.468	0	0	0.703	5.855	0	0	0.468	0	0	0	0	0	0	0	0	18.97	0	0	4.215	0	0	0.703	0	0.234	0	3.279	0	0	0	0
WSAN037	0	26.988	0	0	1.687	0.241	33.976	0	0.241	0	0	0.241	19.277	0	0.482	1.446	0	0	0	0	0	0	0	0	5.542	0	0	3.855	0	0	1.446	0	0	0.723	3.614	0	0.241	0	0
WSAN038	0	20.283	0	0	1.179	0.472	38.679	0.236	0	0	0	0	18.868	0	0	6.84	0	0	0	0	0	0	0	0	2.83	0.236	0	6.84	0	0	1.179	0	0.236	0.708	1.415	0	0	0	0
WSAN039	0	26.781	0	0	0.285	0	37.322	0	0	0	0	0	17.379	0	0	4.843	0	0	0	0	0	0	0	0	6.838	0.285	0	3.704	0	0	0	0	0	0.285	2.279	0	0	0	0
WSAN040	0	7.745	0	0	0	0	35.535	0	0	0	0	0	40.319	0.228	0	4.556	0	0	0	0	0	0	0	0	1.139	0	0	7.289	0	0	0	0	0.456	0.456	2.05	0	0	0.228	0
WSAN041	0	27.273	0	0	1.552	0	19.512	0	0.222	0	0	0.887	32.816	0	0	1.774	0.222	0	0	0	0	0	0.665	0	5.765	0	0	6.652	0	0	0	0	0.222	0.222	2.217	0	0	0	0
WSAN042	0	24.574	0	0	2.676	0.243	22.628	0	0.243	0	0	0	32.847	0	0	0.73	0	0	0	0	0	0	0	0	7.299	0	0	5.109	0	0	0	0	0.243	0	2.676	0.73	0	0	0
WSAN043	0	26.471	0	0	0	0	27.602	0	0	0	0	0	20.362	0	0	0.905	0	0	0	0	0	0	0	0	22.172	0	0	1.131	0	0	0	0	0	0.452	0.905	0	0	0	0
WSAN044	0	17.301	0	0	0	0.346	25.26	0	0	0	0	0	23.183	0	0	1.384	0	0	0	0	0	0	0	0	27.682	0	0	3.806	0	0	0	0	0	0	1.038	0	0	0	0
WSAN045	0	20.805	0	0	2.237	0.447	19.463	0	0.447	0	0	0.224	45.414	0	0	2.013	0	0	0	0	0	0	0	0	2.461	0	0	4.922	0	0.224	0	0	0	0.224	0.895	0.224	0	0	0
WSAN046	0	23.288	0	0	0.391	3.914	38.16	0	0	0	0	0.391	9.198	0	0	0.587	0	0	0	0	0	0	0	0	19.374	0	0	1.957	0	0	0.391	0	0	1.566	0.587	0.196	0	0	0
WSAN047	0	14.98	0	0	0.405	0.405	17.814	0.81	0.405	0	0	0	44.13	0	0	0	0	0	0	0	0	0	0	0	9.717	0	0	6.073	0	0	0	0	0	0.405	4.858	0	0	0	0
WSAN048	0	32.638	0	0	0.19	0.569	17.268	0.19	0.19	0	0	0.19	34.725	0.19	0	0.19	0.19	0	0	0	0	0	0	0	7.97	0	0	2.277	0	0	0	0	0	0.19	2.467	0.19	0.19	0.19	0
WSAN049	0	26.477	0	0	0.219	0	37.637	0	0	0	0	2.626	9.19	0	1.094	2.845	0	0	0	0	0	0	0	0	11.379	0	0	3.72	0	0	1.094	0	0.219	0.219	3.063	0	0	0.219	0
WSAN050	0	30.383	0	0	0	0	24.88	0	0.239	0	0	0.239	20.096	0	0	0.478	0	0	0	0	0	0	0	0	19.139	0	0	1.675	0	0	0.239	0	0	0.478	2.153	0	0	0	0
WSAN051	0	30.524	0.228	0	1.595	0	25.74	0	0	0	0	0	28.474	0	0	1.139	0	0	0	0	0	0	0.228	0	5.239	0.228	0	2.05	0	0	0	0	0	0	3.417	0.456	0	0.683	0
WSAN052	0	42.232	0	0	0.875	0	29.322	0	0.219	0	0	0	15.317	0	0	2.626	0	0	0	0	0	0	0	0	1.313	0.219	0	4.158	0	0	0	0	0	0.219	3.063	0.438	0	0	0
WSAN053	0	18.33	0	0	1.018	0.204	35.438	0.204	0	0	0	0	24.847	0.204	0	6.517	0.204	0	0	0	0	0	0	0	2.648	0	0	5.499	0	0.204	0	0	0.204	0.204	3.87	0.407	0	0	0
WSAN054	0	17.722	0	0	2.532	0	29.873	0	0	0	0	0	33.671	0.253	0	3.038	0	0	0	0	0	0	0	0	2.025	0	0	3.038	0	0	0	0	0.506	0.253	6.329	0.506	0.253	0	0
WSAN055	0	8.608	0	0	0.183	0.366	41.941	0	0	0	0	0	34.066	0	0	3.297	0	0	0	0	0	0	0	0	0.916	0	0	7.326	0	0	0	0	0.366	0.366	2.564	0	0	0	0
WSAN056	0	12.611	0	0	0.221	0	34.735	0	0	0	0	0	32.08	0	0	9.956	0	0	0	0	0	0	0	0	1.106	0	0	3.54	0	0.221	0	0	0	2.212	3.319	0	0	0	0
WSAN057	0	21.311	0	0	1.639	0.468	41.218	0	0.234	0	0	0	20.843	0	0	3.513	0	0	0	0	0	0	0.468	0	5.386	0.234	0	2.81	0	0	0	0	0.234	0.234	1.405	0	0	0	0
WSAN058	0	25.942	0	0	0.443	0	32.594	0.222	0	0	0	1.109	18.847	0	0.222	4.435	0	0	0	0	0	0	0	0	10.2	0	0	2.882	0	0	0.887	0	0	0	2.217	0	0	0	0
WSAN059	0	12.664	0	0	0.655	0.218	42.358	0	0	0	0	0	25.546	0	0	6.332	0	0	0	0	0	0	0	0	1.092	0	0	7.205	0	0.437	0	0	0	0.437	3.057	0	0	0	0
WSAN060	0	12.177	0	0	0.554	0.923	32.103	0	0.369	0	0	0	27.122	0	0	15.683	0.185	0	0	0	0	0.185	0.185	0	3.137	0	0	4.982	0	0.369	0	0	0.185	0.923	0.738	0	0	0.185	0
WSAN061	0	11.211	0	0	0.448	0.897	26.457	0	0.673	0	0	0	33.408	0.224	0	4.036	0	0	0	0	0	0	0	0	2.018	0	0	13.229	0	0	0	0	0.897	1.57	4.484	0	0.448	0	0
WSAN062	0	24.777	0	0	0.894	0.128	23.116	0	0.128	0	0	0	36.398	0	0	6.513	0.255	0	0	0	0	0	0	0	0.766	0	0	4.215	0	0	0.255	0	0.128	1.533	0.894	0	0	0	0
WSAN063	0	10.945	0	0	0.746	0.498	33.333	0	0	0	0	0	29.104	0	0	4.726	0	0	0	0	0	0	0	0	1.493	0	0	12.189	0	0	0	0	0.746	1.244	4.478	0	0	0.498	0
WSAN064	0	27.619	0	0	2.222	3.492	42.222	0	0	0	0	0	6.349	0	0	6.032	0	0	0	0	0	0	0	0	0.952	0	0	7.937	0	0	0	0	0	0.635	2.222	0.317	0	0	0
WSAN065	0	9.756	0	0	2.683	0.732	20.244	0	0	0.244	0	0	41.463	0	0	3.659	0	0	0	0	0	0	0	0	3.415	0	0	15.854	0	0	0	0	0.244	0.244	1.463	0	0	0	0
WSAN066	0	6.147	0	0	0.709	0	27.423	0	0.473	0	0	0	46.336	0	0	2.6	0.473	0	0	0	0	0	0	0	1.655	0.236	0	6.619	0	1.182	0	0	0	2.837	3.073	0.236	0	0	0
WSAN067	0	5.345	0.223	0	0.668	1.336	27.84	0	0.445	0	0	0	33.63	0	0	6.682	0	0	0	0	0	0	0	0	3.563	0	0	16.036	0	0.445	0	0	0.223	0.668	2.45	0.223	0	0.223	0
WSAN068	0	6.928	0	0	0.693	0	18.938	0	0.231	0	0	0	57.275	0	0	2.771	0	0	0	0	0	0	0	0	3.233	0.231	0	3.926	0	0	0	0	0.462	0.462	4.85	0	0	0	0
WSAN069	0	10.613	0	0	0.943	0.708	27.594	0	0.236	0.236	0	0	35.142	0	0	6.84	0	0	0	0	0	0	0	0	1.415	0	0	9.67	0	0	1.179	0	0.943	0.943	3.066	0.236	0.236	0	0
WSAN070	0	6.276	0	0	0.418	0.209	12.971	0	0	0	0	0	69.665	0	0	3.138	0	0	0	0	0	0	0	0	1.046	0	0	4.393	0	0	0	0	0.209	0.418	1.255	0	0	0	0
WSAN071	0	8.252	0	0	1.214	0.485	26.456	0	0.243	0	0	0	44.175	0	0	4.854	0	0	0	0	0	0	0	0	1.456	0	0	7.282	0.243	0.243	0	0	0.485	0.243	4.369	0	0	0	0
WSAN072	0	1.972	0	0	2.817	3.38	6.761	2.817	0.845	0	0	0	38.028	0.282	0	3.38	0	0	0	0	0	0	0	0	2.535	0	0	27.887	0	0	0	0	0.282	0.282	8.732	0	0	0	0
WSAN073	0	11.89	0.305	0	6.707	1.829	15.854	1.524	0	0	0	0	24.695	0	0	3.659	0.305	0	0	0	0	0	0	0	3.049	0	0	21.037	0	0	0.61	0	0.305	1.22	5.793	0.61	0.61	0	0
WSAN074	0	10.149	0	0.248	1.485	0.495	23.267	0	0.248	0	0	0	45.05	0.248	0	4.208	0.248	0	0	0	0	0	0	0	1.238	0	0	9.158	0	0	0	0	0.248	1.238	1.98	0.495	0	0	0
WSAN075	0	10.894	0	0	2.793	0.559	18.156	0.559	0.279	0	0	0	31.844	0.279	0	3.073	0	0	0	0	0	0	0	0	1.955	0	0	23.743	0	0	0	0	0.279	0.559	5.028	0	0	0	0
WSAN076	0	4.514	0	0	2.431	1.042	18.75	1.736	0	0	0	0	34.375	0	0	2.778	0	0	0	0	0	0	0	0	1.042	0	0	25	0	0	0	0	0	0	8.333	0	0	0	0
WSAW001	0	27.045	0	0.455	1.818	0.227	22.045	0	0	0	0	0	16.364	0	0	6.364	0	0	0	0	0	0	0.227	0	0.909	0	0	21.818	0.909	0	0	0	0	1.136	0.682	0	0	0	0
WSAW002	0	42.299	0	0	0	0	23.908	0.23	0.23	0	0	0	9.195	0	0	1.839	0	0	0	0	0.23	0	0	0	3.218	0	0	14.023	0.23	0	0.23	0	0	2.069	2.299	0	0	0	0
WSAW003	0	16.949	0	0.212	1.907	0.212	26.907	0.212	0	0	0	0	24.153	0	0	10.593	0	0	0	0	0	0	0.212	0	0.212	0	0	15.89	0	0	0	0	0	1.907	0.212	0.424	0	0	0
WSAW004	0	39.85	0	0	0.752	0	30.639	0.188	0	0	0	0	11.278	0	0	1.692	0	0	0	0	0	0	0	0	1.88	0	0	12.03	0	0	0	0	0	0.188	1.504	0	0	0	0
WSAW005	0	42.005	0	0.239	1.193	0	17.184	0	0	0	0	0	10.501	0	0	3.341	0	0	0	0	0.239	0	0.716	0	0.477	0	0	20.286	0	0	0	0	0	1.193	2.625	0	0	0	0
WSAW006	0	37.63	0	0.208	0.832	1.871	30.769	0	0	0	0	0	4.782	0	0	4.99	0	0	0	0	0	0	0	0	2.287	0	0	13.929	0	0	0	0	0.208	0.832	1.455	0	0	0.208	0
WSAW007	0	48.456	0	0	0.475	0	23.278	0	0	0	0	0	5.463	0	0	2.613	0	0	0	0	0	0	0.238	0	3.088	0	0	14.252	0	0	0.238	0	0.238	1.188	0.475	0	0	0	0
WSAW008	0	73.378	0	0	1.79	0.224	7.606	0	0	0	0	0	3.579	0	0	0.671	0	0	0	0	0	0	0	0	0.224	0	0	9.843	0.224	0	0	0	0	0.447	2.013	0	0	0	0
WSAW009	0	29.892	0	0.215	0.645	0.43	21.075	0	0	0	0	0	9.892	0	0	0.215	0	0	0	0	0.43	0	0	0	9.462	0	0	23.656	0	0	0	0	0.86	0.645	2.581	0	0	0	0
WSAW010	0	74.79	0	0	0.63	0	9.034	0	0	0	0	0	2.101	0	0	0	0	0	0	0	0	0.21	0	0	0.63	0.21	0	10.714	0	0	0	0	0	0.84	0.84	0	0	0	0
WSAW011	0	9.83	0	0	0.945	0.567	27.977	0	0.378	0	0	0	16.257	0	0	9.263	0	0	0	0	0	0	0.756	0	0.756	0	0	28.166	0.189	0	0	0	1.134	2.268	1.323	0	0	0.189	0
WSAW012	0	67.763	0	0	0.877	0	13.816	0	0	0	0	0	2.632	0	0	0	0	0	0	0	0	0	0	0	5.263	0	0	7.456	0	0	0	0	0	0.219	1.974	0	0	0	0
WSAW013	0	10.669	0	0	1.046	1.046	24.268	0	0	0	0	0	21.757	0	0	6.695	0	0	0	0	0	0	0.418	0	0.209	0	0	30.335	0	0	0	0	0.418	1.674	1.464	0	0	0	0
WSAW014	0	36.255	0	0	0.199	0.199	30.478	0	0	0	0	0	13.745	0	0	3.984	0	0	0	0	0	0	0	0	4.582	0.199	0	7.57	0	0	0	0	0.199	1.594	0.797	0.199	0	0	0
WSAW015	0	5.447	0	0.389	0.778	1.362	16.342	0	0.584	0	0	0	20.817	0	0	7.977	0	0	0	0	0	0	0.778	0	0.195	0	0	40.272	0	0	0	0	0	3.696	1.167	0.195	0	0	0
WSAW016	0	5.955	0	0.205	1.027	0.821	15.606	0.616	0.411	0	0	0	29.363	0	0	5.749	0	0	0	0	0	0	0.821	0	0.821	0	0	34.908	0	0	0	0	0.411	2.053	0.616	0.411	0	0.205	0
WSAW017	0	12.998	0	0.419	0.21	0.419	19.497	0	0	0	0	0	17.4	0	0	5.031	0.21	0	0	0	0	0.21	0.21	0	1.048	0	0	39.832	0.21	0	0	0	0.21	1.258	0.839	0	0	0	0
WSAW018	0	8.705	0	1.563	0	0.446	15.625	0	0	0	0	0	21.652	0	0	6.92	0	0	0	0	0	0	0.446	0	0.893	0	0	38.17	0.446	0	0	0	0.67	4.018	0.446	0	0	0	0
WSAW019	0	6.61	0	0.213	1.279	0.64	11.514	0	0.426	0	0	0	30.917	0	0	7.036	0	0	0	0	0	0	0.213	0	1.706	0	0	34.115	0.213	0.213	0	0	0.64	2.132	1.493	0.213	0	0.426	0
WSAW020	0	5.51	0	0.204	0.204	1.837	15.306	0	0	0	0	0	25.51	0	0	8.163	0.408	0	0	0	0	0	0	0	0.816	0	0	39.592	0	0	0	0	0	2.041	0.408	0	0	0	0
WSAW021	0	11.546	0	0.559	0.372	0.559	25.698	0	0	0	0	0	16.946	0	0	12.104	0	0	0	0	0	0	0	0	1.117	0	0	28.864	0	0	0	0	0.372	1.117	0.745	0	0	0	0
WSAW022	0	52.511	0	0	0.913	0.228	12.557	0	0	0	0	0	10.274	0	0	2.283	0	0	0	0	0	0	0	0	1.37	0	0	15.753	0	0	2.055	0	0.457	0.913	0.685	0	0	0	0
WSAW023	0	13.36	0	0.81	1.215	0.81	17.409	0	0.202	0	0	0	22.874	0	0	7.692	0	0	0	0	0.202	0	0.202	0	1.215	0	0	29.555	0	0.202	0	0	0.405	2.429	1.012	0.202	0	0.202	0
WSAW024	0	27.897	0	0	0	0.644	8.584	0	0	0	0	0	15.021	0	0	0	0.215	0	0	0	0.644	0	0	0	3.219	0	0	31.545	0	0	3.648	0	0.215	2.575	5.794	0	0	0	0
WSAW025	0	10.297	0	0.198	1.188	0.594	10.495	0	0	0	0	0	37.822	0	0	5.347	0	0	0	0	0	0	0.198	0	2.574	0	0	26.931	0	0	0	0	0	2.574	1.782	0	0	0	0
WSAW026	0	13.365	0	0	0	0	18.616	0	0	0	0	0	23.15	0	0	6.683	0	0	0	0	0	0	0	0	0	0	0	38.186	0	0	0	0	0	0	0	0	0	0	0
WSAW027	0	15.936	0	0.199	0	0	34.861	0	0	0	0	0	10.956	0	0	6.972	0	0	0	0	0	0	0	0	7.371	0	0	21.116	0.199	0.199	0.996	0	0	0.598	0.598	0	0	0	0
WSAW028	0	37.838	0	0	0.225	0.45	18.468	0	0.45	0	0	0	14.865	0	0	3.604	0	0	0	0	0	0	0	0	2.027	0	0	17.793	0.225	0	0.225	0	0	0.901	2.928	0	0	0	0
WSAW029	0	33.477	0	0	0.864	0	16.631	0.216	0	0	0	0	13.391	0	0	2.376	0.216	0	0	0	0	0	0	0	5.184	0	0	20.95	0.216	0.216	0.216	0	0.648	0.864	4.32	0	0	0.216	0
WSAW030	0	23.529	0	0	1.412	0.471	21.882	0	0.706	0	0	0	16.235	0	0	2.353	0	0	0	0	0	0	0.235	0	7.059	0	0	22.118	0	0	0.235	0	0	0.471	3.059	0	0	0.235	0
WSAW031	0	76.623	0	0.325	0.649	0	7.143	0	0	0	0	0	2.597	0.325	0	0.974	0	0	0	0	0	0.325	0.325	0	3.571	0	0	5.844	0	0	0	0	0	0	0.649	0.649	0	0	0
WSM001	0	33.786	0	0	0.971	0	33.592	0	0	0.194	0	0	2.33	0	0	1.359	0	0	0	0.194	0.583	0.194	0	0	21.553	0.583	0	2.136	0	0	0	0	0	0.388	2.136	0	0	0	0
WSM002	0	25.231	0	0	1.157	0	30.556	0	0	0	0	0	6.481	0	0	0.926	0	0	0	0.231	0	0	0.463	0	27.546	1.852	0	4.63	0	0	0	0	0	0.463	0.463	0	0	0	0
WSM003	0	15.351	0.219	0	0.219	0.219	8.772	0	0	0.219	0	0.219	5.921	0	0.439	0.658	0	0	0	0	0	0	0.219	0	59.868	4.386	0	1.316	0.219	0	0.219	0	0	0	1.535	0	0	0	0
WSM004	0	52.165	0	0	0.216	0	28.355	0	0	0	0	0	3.03	0	0	0.216	0	0	0	0	0	0	0	0	11.472	0.216	0	2.381	0	0	0	0	0.216	0	1.732	0	0	0	0
WSM005	0	23.174	0	0	0.682	0	39.533	0.195	0.195	0	0	0	17.235	0	0	3.311	0	0	0	0	0	0	0.097	0	3.7	0	0	8.277	0	0	0.195	0	1.168	0.097	1.85	0.195	0.097	0	0
WSM006	0	29.298	0	0	0.484	0	28.571	0	0	0	0	0	4.116	0	0	0.969	0	0	0	0	0.484	0	0	0	30.024	0.969	0	2.421	0	0	0	0	0.242	0.242	2.179	0	0	0	0
WSM007	0	53.309	0	1.691	0.294	0.147	25.956	0.074	0	0.074	0	0	3.897	0	0.074	1.471	0.515	0	0	0	0.074	0	0.074	0	9.338	0	0	1.176	0	0	0	0	0	0.368	1.25	0.221	0	0	0
WSM008	0	33.176	0.059	0	1.892	0.118	31.461	0.059	0	0.059	0	0	8.752	0	0	9.225	0.118	0	0	0	0	0	0.059	0	8.811	0	0	3.548	0.118	0	0	0	0.237	0	1.952	0.177	0.118	0.059	0
WSM009	0	27.543	0	0	0	0	31.017	0	0	0	0	0	5.955	0	0	1.241	0	0	0	0	0.496	0	0	0	28.784	0.496	0	1.985	0	0	0	0	0	0	2.481	0	0	0	0
WSM010	0	28.606	0	0	0.489	0	27.384	0	0	0	0	0	6.112	0	0.244	0.733	0	0	0	0.244	0.733	0	0	0	30.073	0.978	0	3.178	0	0	0	0	0	0.244	0.978	0	0	0	0
WSM011	0	58.2	0	0	0.4	0	14.8	0.2	0	0	0	0	5.2	0	0	0.8	0	0	0	0	0.2	0	0	0	16.4	1	0	1.6	0	0	0	0	0	0.2	1	0	0	0	0
WSM012	0	27.218	0	0	0.605	0	32.863	0	0	0	0	0	4.839	0	0	1.411	0	0	0	0	0.202	0	0	0	28.427	0.403	0	1.411	0	0	0	0	0	0.403	2.218	0	0	0	0
WSM013	0	32.009	0	0	0.234	0	28.271	0	0	0	0	0	3.738	0	0	0.234	0	0	0	0	0.701	0	0	0	29.673	0.467	0	3.037	0	0	0	0	0	0.234	1.402	0	0	0	0
WSM014	0	30.462	0	0	0.21	0	27.101	0	0	0	0	0.21	7.983	0	0	0.63	0	0	0	0.21	0	0	0	0	27.101	1.261	0	2.311	0	0	0	0	0	0	2.311	0	0	0.21	0
WSM015	0	45.333	0	0	0.889	0.222	18.222	0.222	0.222	0	0	0	6.222	0	0.222	2	0.222	0	0	0	0.444	0	0	0	20.222	1.111	0	1.778	0	0	0.444	0	0	0.222	1.778	0	0	0.222	0
WSM016	0	45.702	0	0	1.048	0.629	26.834	0.21	0	0	0	0	4.403	0	0.21	2.935	0	0	0	0	0	0	0	0	13.417	0.839	0	0	0	0	0	0	0	0.419	3.354	0	0	0	0
WSM017	0	47.826	0	0	0	0.207	29.607	0	0.207	0	0	0	3.106	0	0.414	1.863	0.207	0	0	0	0.414	0	0.207	0	9.731	0.828	0	3.313	0	0	0	0	0	0.414	1.449	0	0	0	0.207
WSM018	0	51.794	0	0	0.468	0	20.905	0	0	0	0	0	7.8	0	0.156	2.808	0.312	0	0	0	0.156	0	0	0	10.92	0.624	0	2.184	0	0	0	0	0.156	0	1.716	0	0	0	0
WSM019	0	44.712	0	0	0	0	34.615	0	0	0	0	0	2.885	0	0	0.962	0	0	0	0	0	0.481	0	0	11.058	0.481	0	2.404	0	0	0	0	0	0	2.404	0	0	0	0
WSM020	0	54.752	0	0	0.207	0.413	18.802	0.413	0	0.207	0	0	6.818	0	0.207	0.62	0.207	0	0	0	0.413	0	0	0	13.43	1.446	0	0.207	0	0	0	0	0	0	1.86	0	0	0	0
WSM021	0	56.154	0	0	0.192	0	20.385	0	0	0.385	0	0.577	1.923	0	0.192	0.385	0	0	0	0	1.154	0	0	0	13.462	0	0	3.077	0	0	0	0	0	0.192	1.923	0	0	0	0
WSM022	0	56.496	0	0	0	0.197	25.197	0	0	0	0	0	5.906	0	0	2.165	0	0	0	0	0	0	0	0	4.331	0.394	0	1.772	0	0	0	0	0	0	3.543	0	0	0	0
WSM023	0	20.047	0.079	0	1.73	0.393	21.148	0.236	0.393	0.236	0	0	21.462	0.314	0	1.022	0	0	0	0	0.079	0.393	0.314	0	19.89	0.943	0.314	5.975	0.079	0	0	0	0.079	0.708	3.852	0.236	0.079	0	0
WSM024	0	20.606	0	0	1.364	0.379	19.318	0.076	0.152	0.076	0	0.152	24.318	0.076	0	0.682	0.076	0	0	0	0.303	0	0.455	0	19.167	1.212	0.53	4.697	0	0	0	0	0	0.758	4.773	0.758	0	0.076	0
WSM025	0	21.033	0.094	0	2.16	0.469	21.972	0.188	0	0	0	0.188	19.624	0	0.188	0.751	0	0	0	0	0.188	0	0.469	0	21.127	1.315	0	6.667	0	0	0	0	0.094	0.469	2.723	0.188	0.094	0	0
WSM026	0	55.385	0	0	0.308	0.308	25.231	0	0	0	0	0	5.538	0	1.538	3.385	0	0	0	0.308	0	0	0	0	4.308	0	0	2.462	0	0	0	0	0	0	1.231	0	0	0	0
WSM027	0	50.867	0	0	0.867	0.145	24.855	0	0.145	0	0	0	6.647	0	0	1.879	0	0	0	0	0	0	0.145	0	6.214	0.289	0	5.347	0	0	0	0	0.723	0.434	1.445	0	0	0	0
WSM028	0	15.882	0.126	0	1.883	0.628	24.984	0	0.126	0.188	0	0.188	18.581	0.251	0.251	0.628	0.188	0	0	0	0.565	0	0.377	0	21.343	0.439	0.063	7.659	0	0	0	0	0.188	0.502	4.457	0.439	0.063	0	0
WSM029	0	20.029	0	0	1.86	0.572	17.167	0.143	0	0	0	0	27.754	0	0	0.858	0	0	0	0	0	0	0.143	0	21.602	1.144	0	4.864	0	0	0	0	0.286	0.572	2.575	0.286	0	0.143	0
WSM030	0	22.101	0.136	0	3.956	0.682	19.1	0.136	0.136	0.136	0	0	19.918	0.682	0.136	1.637	0	0	0	0	0.136	0	1.228	0	20.327	2.046	0	3.274	0	0	0	0	0.273	0.546	2.456	0.955	0	0	0
WSM031	0	23.356	0	0	0.687	0.589	17.566	0.098	0.098	0.098	0	0.196	29.441	0	0	0.589	0	0	0	0	0.098	0	0.098	0	20.412	1.57	0	2.846	0	0	0	0	0	0.589	1.472	0.196	0	0	0
WSM032	0	27.155	0	0	1.94	0.323	21.875	0.216	0.216	0	0	0.431	23.168	0.216	0	0.97	0	0	0	0	0.108	0	0.431	0	14.547	1.616	0.108	3.017	0	0	0	0	0	0.647	2.586	0.431	0	0	0
WSM033	0	21.721	0	0	1.533	0.681	22.487	0.256	0	0.085	0	0	28.024	0.596	0	0.596	0.085	0	0	0	0.085	0	1.448	0	13.032	1.107	0.085	3.492	0	0	0	0	0.17	1.278	2.811	0.426	0	0	0
WSM034	0	23.91	0	0	0.707	0.353	19.081	0.471	0.118	0	0	0.118	22.497	0.471	0	1.178	0	0	0	0	0.118	0	1.178	0	18.021	1.531	0.471	4.947	0	0	0.118	0	0.471	0.353	2.827	1.06	0	0	0
WSM035	0	19.065	0.158	0	0.263	0.21	15.651	0.158	0	0.053	0	0	40.074	0.105	0	0.42	0	0	0	0	0.105	0	0.315	0	16.754	1.155	0	1.943	0	0	0	0	0.053	0.42	2.994	0.053	0.053	0	0
WSM036	0	29.92	0.4	0	0.16	0.24	20.88	0.32	0.16	0.16	0	0	19.84	0.16	0	0.16	0	0	0	0	0	0	0.48	0	20.64	0.88	0	2.32	0	0	0.08	0	0	0.56	2.4	0.24	0	0	0
WSM037	0	42.351	0	0	1.866	0.746	23.881	0	0.187	0	0	0	8.582	0	0	5.41	0	0	0	0	0.187	0.187	0	0	6.157	0.933	0.373	6.343	0	0	0	0	0.746	0.373	1.679	0	0	0	0
WSM038	0	17.907	0	0	1.512	0.465	21.628	0.116	0.116	0.698	0	0.233	30.581	0	0	0.698	0	0	0	0	0	0	0.349	0	14.186	0.814	0	6.86	0	0	0	0	0.116	0.581	2.674	0.465	0	0	0
WSM039	0	16.073	0.067	0	1.412	0.202	20.915	0.134	0	0.067	0	0	29.993	0.471	0.067	1.21	0	0	0	0	0.067	0	1.278	0	14.324	0.807	0.067	6.792	0	0.067	0.134	0	0.134	1.009	4.371	0.336	0	0	0
WSM040	0	16.832	0	0	2.818	0.99	17.974	0.152	0.305	0	0	0	26.047	0.609	0	0.762	0	0	0	0	0.076	0	1.219	0	10.663	0.457	0.152	14.928	0	0.076	0	0	0.609	0.305	4.494	0.533	0	0	0
WSM041	0	41.406	0	0	0.781	0.195	26.367	0	0.195	0.195	0	0	10.742	0	0	1.758	0	0	0	0	0.195	0.391	0	0	8.984	0.195	0	6.055	0	0	0	0	0.195	0.391	1.953	0	0	0	0
WSM042	0	47.967	0	0	0	0	19.106	0	0.203	0	0	0	5.285	0	0.407	3.455	0	0	0	0	0	0	0	0	19.715	1.423	0	1.423	0	0	0	0	0	0.407	0.61	0	0	0	0
WSM043	0	20.87	0	0	0	0	33.913	0	0	0	0	0	14.783	0	0	1.739	0	0	0	0	0	0	0.87	0	16.522	0	0	6.087	0	0	0	0	0	0.87	4.348	0	0	0	0
WSM044	0	38.041	0	0	0.377	0.753	32.58	0	0	0	0	0	12.053	0	0	3.013	0	0	0	0	0.377	0	0.188	0	4.708	0.377	0	3.766	0	0	0	0	0.188	0.753	2.825	0	0	0	0
WSM045	0	36.563	0	0	2.011	0.366	23.583	0	0	0	0	0	12.066	0	0	7.313	0	0	0	0	0	0	0.183	0	10.055	0.548	0	5.302	0	0	0	0	0	0.731	1.28	0	0	0	0
WSM046	0.17	36.457	0	0	1.363	0.17	29.302	0	0	0	0	0	8.688	0	0.17	4.089	0	0	0	0	0	0.17	0.341	0	9.71	0.852	0	7.155	0	0	0	0	0	0	1.363	0	0	0	0
WSM047	0	30.584	0	0	1.546	0.172	39.863	0	0.344	0	0	0	7.904	0	0	4.296	0	0	0	0	0	0	0.515	0	6.186	1.375	0	4.296	0	0	0	0	0.859	0.859	1.203	0	0	0	0
WSM048	0	34.504	0	0	0.207	0	23.76	0	0.207	0.207	0	0	15.702	0	0.207	5.165	0	0	0	0	0	0	0	0	12.19	1.653	0	3.719	0	0	0	0	0	0.413	2.066	0	0	0	0
WSM049	0	31.393	0	0	0.353	0.353	40.212	0	0	0	0	0	7.76	0	0.176	6.173	0	0	0	0	0	0	0	0	7.937	1.411	0	3.351	0	0	0	0	0	0	0.882	0	0	0	0
WSM050	0	27.922	0	0	2.078	0.13	32.597	0	0.519	0	0	0	10	0	0	10.649	0	0	0	0	0	0	0.13	0	6.494	0.13	0	5.455	0	0	0	0	0	2.078	1.818	0	0	0	0
WSM051	0	35.249	0	0	1.149	0.766	23.372	0	0	0	0	0	11.303	0	0	3.257	0	0	0	0	0	0	0.766	0	10.536	1.916	0	9.387	0	0	0	0	0.192	0	2.107	0	0	0	0
WSM052	0	29.705	0	0	2.494	0.454	44.898	0	0	0	0	0	6.122	0	0.454	3.628	0	0	0	0	0	0	0.68	0	4.762	0.454	0	3.175	0	0	0	0	0.227	0.907	2.041	0	0	0	0
WSM053	0	33.537	0	0	0.813	0	26.829	0	0	0.203	0	0	17.276	0	0	3.049	0	0	0	0	0	0	0.203	0	10.569	1.016	0	3.252	0	0	0	0	0.813	0.61	1.829	0	0	0	0
WSM054	0	16.538	0	0	1.731	0.769	39.423	0	0.192	0	0	0	14.231	0	0	2.308	0	0	0	0	0	0	0.192	0	9.038	2.885	0	10	0	0	0	0	1.346	0.385	0.962	0	0	0	0
WSM055	0	30.417	0	0	0.795	0	21.471	0	0	0.398	0	0	14.911	0	0	7.952	0	0	0	0	0.199	0	0	0	18.29	1.988	0	1.59	0	0	0	0	0	0.199	1.789	0	0	0	0
WSM056	0	12.673	0	0	0.461	0.23	40.553	0	0	0	0	0	15.438	0	0	13.594	0.23	0	0	0	0.23	0	0	0	8.295	0.461	0	2.995	0	0	0	0	0.23	1.382	2.995	0	0	0	0.23
WSM057	0	20.854	0.164	0	0.657	0	37.931	0	0	0.328	0	0	18.719	0	0	10.181	0	0	0	0	0	0.164	0	0	3.448	0.164	0	4.105	0	0	0	0	0.164	0.328	2.791	0	0	0	0
WSM058	0	21.773	0	0	0.963	0.385	19.075	0	0.193	0	0	0	22.929	0	0	4.817	0	0	0	0	0	0	0.385	0	15.414	0.963	0	7.9	0	0	0	0	0.193	0.771	4.239	0	0	0	0
WSM059	0	28.957	0	0	2.158	0	19.065	0	0.18	0.18	0	0	24.281	0	0	2.158	0	0	0	0	0	0	0.18	0	6.295	0.719	0	8.633	0	0	0	0	1.079	0.899	5.216	0	0	0	0
WSM060	0	11.162	0	0	4.146	0.82	48.975	0.182	0.228	0	0	0	8.246	0.137	0.774	1.868	0.046	0	0	0	0	0.046	2.187	0	6.834	0.137	0	10.888	0	0	0	0	0.046	0.273	2.779	0.228	0	0	0
WSM061	0	19.463	0	0	1.79	0.224	28.635	0	0	0	0	0	14.318	0	0.224	11.409	0	0	0	0	0	0	0.224	0	13.423	2.013	0	7.159	0	0	0	0	0	0.671	0.447	0	0	0	0
WSM062	0	15.496	0	0	4.752	1.24	27.893	0	0	0	0	0	10.95	0	0.413	4.959	0	0	0	0	0.207	0	0.207	0	15.909	2.273	0	11.157	0	0	0	0	0.413	0.826	3.306	0	0	0	0
WSM063	0	11.633	0	0	8.725	1.342	19.911	0	0.447	0.224	0	0	16.779	0	0	3.356	0.224	0	0	0	0	0	0	0	9.396	5.145	0	17.002	0	0	0	0	1.79	0.224	3.803	0	0	0	0
WSM064	0	31.919	0	0	1.818	0.202	23.636	0	0	0	0	0	6.667	0	0.606	4.646	0.202	0	0	0	0.202	0.202	0	0	19.394	1.212	0	5.859	0	0	0	0	0.202	1.01	2.222	0	0	0	0
WSM065	0	15.48	0	0	0.712	0.178	26.335	0	0.178	0	0	0	26.512	0	0	6.05	0	0	0	0	0	0	0	0	9.786	2.313	0	9.253	0	0	0	0	0	0.89	2.313	0	0	0	0
